<?xml version="1.0" encoding="UTF-8"?>
<gpx version="1.1" creator="TurboSanta Route Planner">
  <wpt lat="50.8423133" lon="-1.7856538">
    <name>Stop 27</name>
  </wpt>
  <trk>
    <name>TurboSanta Route (10m density)</name>
    <trkseg>
      <trkpt lat="50.8503610" lon="-1.7691430">
        <name>Southampton Road</name>
      </trkpt>
      <trkpt lat="50.8503425" lon="-1.7692125">
        <name>Southampton Road</name>
      </trkpt>
      <trkpt lat="50.8503240" lon="-1.7692820">
        <name>Southampton Road</name>
      </trkpt>
      <trkpt lat="50.8503760" lon="-1.7693195">
        <name>Southampton Road</name>
      </trkpt>
      <trkpt lat="50.8504280" lon="-1.7693570">
        <name>Southampton Road</name>
      </trkpt>
      <trkpt lat="50.8504640" lon="-1.7692560">
        <name>Southampton Road</name>
      </trkpt>
      <trkpt lat="50.8504760" lon="-1.7691430">
        <name>Southampton Road</name>
      </trkpt>
      <trkpt lat="50.8504417" lon="-1.7690297">
        <name>Southampton Road</name>
      </trkpt>
      <trkpt lat="50.8504073" lon="-1.7689163">
        <name>Southampton Road</name>
      </trkpt>
      <trkpt lat="50.8503730" lon="-1.7688030">
        <name>Southampton Road</name>
      </trkpt>
      <trkpt lat="50.8503447" lon="-1.7686797">
        <name>Southampton Road</name>
      </trkpt>
      <trkpt lat="50.8503163" lon="-1.7685563">
        <name>Southampton Road</name>
      </trkpt>
      <trkpt lat="50.8502880" lon="-1.7684330">
        <name>Southampton Road</name>
      </trkpt>
      <trkpt lat="50.8502545" lon="-1.7683193">
        <name>Southampton Road</name>
      </trkpt>
      <trkpt lat="50.8502210" lon="-1.7682055">
        <name>Southampton Road</name>
      </trkpt>
      <trkpt lat="50.8501875" lon="-1.7680917">
        <name>Southampton Road</name>
      </trkpt>
      <trkpt lat="50.8501540" lon="-1.7679780">
        <name>Southampton Road</name>
      </trkpt>
      <trkpt lat="50.8501195" lon="-1.7678635">
        <name>Southampton Road</name>
      </trkpt>
      <trkpt lat="50.8500850" lon="-1.7677490">
        <name>Southampton Road</name>
      </trkpt>
      <trkpt lat="50.8500505" lon="-1.7676345">
        <name>Southampton Road</name>
      </trkpt>
      <trkpt lat="50.8500160" lon="-1.7675200">
        <name>Southampton Road</name>
      </trkpt>
      <trkpt lat="50.8499837" lon="-1.7674197">
        <name>Southampton Road</name>
      </trkpt>
      <trkpt lat="50.8499515" lon="-1.7673195">
        <name>Southampton Road</name>
      </trkpt>
      <trkpt lat="50.8499192" lon="-1.7672193">
        <name>Southampton Road</name>
      </trkpt>
      <trkpt lat="50.8498870" lon="-1.7671190">
        <name>Southampton Road</name>
      </trkpt>
      <trkpt lat="50.8498535" lon="-1.7670140">
        <name>Southampton Road</name>
      </trkpt>
      <trkpt lat="50.8498200" lon="-1.7669090">
        <name>Southampton Road</name>
      </trkpt>
      <trkpt lat="50.8498400" lon="-1.7668830">
        <name>Southampton Road</name>
      </trkpt>
      <trkpt lat="50.8498540" lon="-1.7668480">
        <name>Southampton Road</name>
      </trkpt>
      <trkpt lat="50.8498590" lon="-1.7668070">
        <name>Southampton Road</name>
      </trkpt>
      <trkpt lat="50.8498550" lon="-1.7667670">
        <name>Southampton Road</name>
      </trkpt>
      <trkpt lat="50.8499045" lon="-1.7667310">
        <name>The Mount</name>
      </trkpt>
      <trkpt lat="50.8499540" lon="-1.7666950">
        <name>The Mount</name>
      </trkpt>
      <trkpt lat="50.8500150" lon="-1.7666633">
        <name>The Mount</name>
      </trkpt>
      <trkpt lat="50.8500760" lon="-1.7666317">
        <name>The Mount</name>
      </trkpt>
      <trkpt lat="50.8501370" lon="-1.7666000">
        <name>The Mount</name>
      </trkpt>
      <trkpt lat="50.8502033" lon="-1.7665820">
        <name>The Mount</name>
      </trkpt>
      <trkpt lat="50.8502697" lon="-1.7665640">
        <name>The Mount</name>
      </trkpt>
      <trkpt lat="50.8503360" lon="-1.7665460">
        <name>The Mount</name>
      </trkpt>
      <trkpt lat="50.8504070" lon="-1.7665437">
        <name>The Mount</name>
      </trkpt>
      <trkpt lat="50.8504780" lon="-1.7665413">
        <name>The Mount</name>
      </trkpt>
      <trkpt lat="50.8505490" lon="-1.7665390">
        <name>The Mount</name>
      </trkpt>
      <trkpt lat="50.8506025" lon="-1.7665235">
        <name>The Mount</name>
      </trkpt>
      <trkpt lat="50.8506560" lon="-1.7665080">
        <name>The Mount</name>
      </trkpt>
      <trkpt lat="50.8506925" lon="-1.7666195">
        <name>The Mount</name>
      </trkpt>
      <trkpt lat="50.8507290" lon="-1.7667310">
        <name>The Mount</name>
      </trkpt>
      <trkpt lat="50.8507387" lon="-1.7668360">
        <name>The Mount</name>
      </trkpt>
      <trkpt lat="50.8507483" lon="-1.7669410">
        <name>The Mount</name>
      </trkpt>
      <trkpt lat="50.8507580" lon="-1.7670460">
        <name>The Mount</name>
      </trkpt>
      <trkpt lat="50.8507467" lon="-1.7671433">
        <name>The Mount</name>
      </trkpt>
      <trkpt lat="50.8507353" lon="-1.7672407">
        <name>The Mount</name>
      </trkpt>
      <trkpt lat="50.8507240" lon="-1.7673380">
        <name>The Mount</name>
      </trkpt>
      <trkpt lat="50.8506850" lon="-1.7674645">
        <name>The Mount</name>
      </trkpt>
      <trkpt lat="50.8506460" lon="-1.7675910">
        <name>The Mount</name>
      </trkpt>
      <trkpt lat="50.8506265" lon="-1.7676835">
        <name>The Mount</name>
      </trkpt>
      <trkpt lat="50.8506070" lon="-1.7677760">
        <name>The Mount</name>
      </trkpt>
      <trkpt lat="50.8505860" lon="-1.7679100">
        <name>The Mount</name>
      </trkpt>
      <trkpt lat="50.8505920" lon="-1.7680235">
        <name>The Mount</name>
      </trkpt>
      <trkpt lat="50.8505980" lon="-1.7681370">
        <name>The Mount</name>
      </trkpt>
      <trkpt lat="50.8506075" lon="-1.7682560">
        <name>The Mount</name>
      </trkpt>
      <trkpt lat="50.8506170" lon="-1.7683750">
        <name>The Mount</name>
      </trkpt>
      <trkpt lat="50.8506340" lon="-1.7684940">
        <name>The Mount</name>
      </trkpt>
      <trkpt lat="50.8506510" lon="-1.7686130">
        <name>The Mount</name>
      </trkpt>
      <trkpt lat="50.8506835" lon="-1.7687155">
        <name>The Mount</name>
      </trkpt>
      <trkpt lat="50.8507160" lon="-1.7688180">
        <name>The Mount</name>
      </trkpt>
      <trkpt lat="50.8507745" lon="-1.7688490">
        <name>The Mount</name>
      </trkpt>
      <trkpt lat="50.8508330" lon="-1.7688800">
        <name>The Mount</name>
      </trkpt>
      <trkpt lat="50.8507710" lon="-1.7688475">
        <name>The Mount</name>
      </trkpt>
      <trkpt lat="50.8507090" lon="-1.7688150">
        <name>The Mount</name>
      </trkpt>
      <trkpt lat="50.8506800" lon="-1.7687140">
        <name>The Mount</name>
      </trkpt>
      <trkpt lat="50.8506510" lon="-1.7686130">
        <name>The Mount</name>
      </trkpt>
      <trkpt lat="50.8506340" lon="-1.7684940">
        <name>The Mount</name>
      </trkpt>
      <trkpt lat="50.8506170" lon="-1.7683750">
        <name>The Mount</name>
      </trkpt>
      <trkpt lat="50.8506075" lon="-1.7682560">
        <name>The Mount</name>
      </trkpt>
      <trkpt lat="50.8505980" lon="-1.7681370">
        <name>The Mount</name>
      </trkpt>
      <trkpt lat="50.8505920" lon="-1.7680235">
        <name>The Mount</name>
      </trkpt>
      <trkpt lat="50.8505860" lon="-1.7679100">
        <name>The Mount</name>
      </trkpt>
      <trkpt lat="50.8506070" lon="-1.7677760">
        <name>The Mount</name>
      </trkpt>
      <trkpt lat="50.8506265" lon="-1.7676835">
        <name>The Mount</name>
      </trkpt>
      <trkpt lat="50.8506460" lon="-1.7675910">
        <name>The Mount</name>
      </trkpt>
      <trkpt lat="50.8506850" lon="-1.7674645">
        <name>The Mount</name>
      </trkpt>
      <trkpt lat="50.8507240" lon="-1.7673380">
        <name>The Mount</name>
      </trkpt>
      <trkpt lat="50.8507353" lon="-1.7672407">
        <name>The Mount</name>
      </trkpt>
      <trkpt lat="50.8507467" lon="-1.7671433">
        <name>The Mount</name>
      </trkpt>
      <trkpt lat="50.8507580" lon="-1.7670460">
        <name>The Mount</name>
      </trkpt>
      <trkpt lat="50.8507483" lon="-1.7669410">
        <name>The Mount</name>
      </trkpt>
      <trkpt lat="50.8507387" lon="-1.7668360">
        <name>The Mount</name>
      </trkpt>
      <trkpt lat="50.8507290" lon="-1.7667310">
        <name>The Mount</name>
      </trkpt>
      <trkpt lat="50.8506925" lon="-1.7666195">
        <name>The Mount</name>
      </trkpt>
      <trkpt lat="50.8506560" lon="-1.7665080">
        <name>The Mount</name>
      </trkpt>
      <trkpt lat="50.8506025" lon="-1.7665235">
        <name>The Mount</name>
      </trkpt>
      <trkpt lat="50.8505490" lon="-1.7665390">
        <name>The Mount</name>
      </trkpt>
      <trkpt lat="50.8504780" lon="-1.7665413">
        <name>The Mount</name>
      </trkpt>
      <trkpt lat="50.8504070" lon="-1.7665437">
        <name>The Mount</name>
      </trkpt>
      <trkpt lat="50.8503360" lon="-1.7665460">
        <name>The Mount</name>
      </trkpt>
      <trkpt lat="50.8503285" lon="-1.7664350">
        <name>The Mount</name>
      </trkpt>
      <trkpt lat="50.8503210" lon="-1.7663240">
        <name>The Mount</name>
      </trkpt>
      <trkpt lat="50.8502970" lon="-1.7662160">
        <name>The Mount</name>
      </trkpt>
      <trkpt lat="50.8502730" lon="-1.7661080">
        <name>The Mount</name>
      </trkpt>
      <trkpt lat="50.8502340" lon="-1.7660200">
        <name>The Mount</name>
      </trkpt>
      <trkpt lat="50.8501950" lon="-1.7659320">
        <name>The Mount</name>
      </trkpt>
      <trkpt lat="50.8501390" lon="-1.7658625">
        <name>The Mount</name>
      </trkpt>
      <trkpt lat="50.8500830" lon="-1.7657930">
        <name>The Mount</name>
      </trkpt>
      <trkpt lat="50.8500165" lon="-1.7657355">
        <name>The Mount</name>
      </trkpt>
      <trkpt lat="50.8499500" lon="-1.7656780">
        <name>The Mount</name>
      </trkpt>
      <trkpt lat="50.8499150" lon="-1.7657370">
        <name>The Mount</name>
      </trkpt>
      <trkpt lat="50.8498800" lon="-1.7657960">
        <name>The Mount</name>
      </trkpt>
      <trkpt lat="50.8498240" lon="-1.7658580">
        <name>The Mount</name>
      </trkpt>
      <trkpt lat="50.8497680" lon="-1.7659200">
        <name>The Mount</name>
      </trkpt>
      <trkpt lat="50.8497120" lon="-1.7659820">
        <name>The Mount</name>
      </trkpt>
      <trkpt lat="50.8496537" lon="-1.7660170">
        <name>The Mount</name>
      </trkpt>
      <trkpt lat="50.8495953" lon="-1.7660520">
        <name>The Mount</name>
      </trkpt>
      <trkpt lat="50.8495370" lon="-1.7660870">
        <name>The Mount</name>
      </trkpt>
      <trkpt lat="50.8495675" lon="-1.7662040">
        <name>The Mount</name>
      </trkpt>
      <trkpt lat="50.8495980" lon="-1.7663210">
        <name>The Mount</name>
      </trkpt>
      <trkpt lat="50.8496355" lon="-1.7664285">
        <name>The Mount</name>
      </trkpt>
      <trkpt lat="50.8496730" lon="-1.7665360">
        <name>The Mount</name>
      </trkpt>
      <trkpt lat="50.8496990" lon="-1.7666010">
        <name>The Mount</name>
      </trkpt>
      <trkpt lat="50.8497250" lon="-1.7666660">
        <name>The Mount</name>
      </trkpt>
      <trkpt lat="50.8497440" lon="-1.7667140">
        <name>The Mount</name>
      </trkpt>
      <trkpt lat="50.8497250" lon="-1.7667460">
        <name>The Mount</name>
      </trkpt>
      <trkpt lat="50.8497160" lon="-1.7667860">
      </trkpt>
      <trkpt lat="50.8497160" lon="-1.7668290">
      </trkpt>
      <trkpt lat="50.8497260" lon="-1.7668690">
      </trkpt>
      <trkpt lat="50.8497450" lon="-1.7669000">
      </trkpt>
      <trkpt lat="50.8497690" lon="-1.7669170">
      </trkpt>
      <trkpt lat="50.8497950" lon="-1.7669200">
        <name>Narrow Lane</name>
      </trkpt>
      <trkpt lat="50.8498200" lon="-1.7669090">
        <name>Narrow Lane</name>
      </trkpt>
      <trkpt lat="50.8498592" lon="-1.7670312">
        <name>Narrow Lane</name>
      </trkpt>
      <trkpt lat="50.8498984" lon="-1.7671534">
        <name>Narrow Lane</name>
      </trkpt>
      <trkpt lat="50.8499376" lon="-1.7672756">
        <name>Narrow Lane</name>
      </trkpt>
      <trkpt lat="50.8499768" lon="-1.7673978">
        <name>Narrow Lane</name>
      </trkpt>
      <trkpt lat="50.8500160" lon="-1.7675200">
        <name>Narrow Lane</name>
      </trkpt>
      <trkpt lat="50.8500505" lon="-1.7676345">
        <name>Narrow Lane</name>
      </trkpt>
      <trkpt lat="50.8500850" lon="-1.7677490">
        <name>Narrow Lane</name>
      </trkpt>
      <trkpt lat="50.8501195" lon="-1.7678635">
        <name>Narrow Lane</name>
      </trkpt>
      <trkpt lat="50.8501540" lon="-1.7679780">
        <name>Narrow Lane</name>
      </trkpt>
      <trkpt lat="50.8501875" lon="-1.7680917">
        <name>Southampton Road</name>
      </trkpt>
      <trkpt lat="50.8502210" lon="-1.7682055">
        <name>Southampton Road</name>
      </trkpt>
      <trkpt lat="50.8502545" lon="-1.7683193">
        <name>Southampton Road</name>
      </trkpt>
      <trkpt lat="50.8502880" lon="-1.7684330">
        <name>Southampton Road</name>
      </trkpt>
      <trkpt lat="50.8503163" lon="-1.7685563">
        <name>Southampton Road</name>
      </trkpt>
      <trkpt lat="50.8503447" lon="-1.7686797">
        <name>Southampton Road</name>
      </trkpt>
      <trkpt lat="50.8503730" lon="-1.7688030">
        <name>Southampton Road</name>
      </trkpt>
      <trkpt lat="50.8503755" lon="-1.7688970">
        <name>Southampton Road</name>
      </trkpt>
      <trkpt lat="50.8503780" lon="-1.7689910">
        <name>Southampton Road</name>
      </trkpt>
      <trkpt lat="50.8503695" lon="-1.7690670">
        <name>Southampton Road</name>
      </trkpt>
      <trkpt lat="50.8503610" lon="-1.7691430">
        <name>Southampton Road</name>
      </trkpt>
      <trkpt lat="50.8503425" lon="-1.7692125">
        <name>Southampton Road</name>
      </trkpt>
      <trkpt lat="50.8503240" lon="-1.7692820">
        <name>Southampton Road</name>
      </trkpt>
      <trkpt lat="50.8503760" lon="-1.7693195">
        <name>Southampton Road</name>
      </trkpt>
      <trkpt lat="50.8504280" lon="-1.7693570">
        <name>Southampton Road</name>
      </trkpt>
      <trkpt lat="50.8504918" lon="-1.7694145">
        <name>Southampton Road</name>
      </trkpt>
      <trkpt lat="50.8505555" lon="-1.7694720">
        <name>Southampton Road</name>
      </trkpt>
      <trkpt lat="50.8506192" lon="-1.7695295">
        <name>Southampton Road</name>
      </trkpt>
      <trkpt lat="50.8506830" lon="-1.7695870">
        <name>Southampton Road</name>
      </trkpt>
      <trkpt lat="50.8506950" lon="-1.7696030">
        <name>Southampton Road</name>
      </trkpt>
      <trkpt lat="50.8507527" lon="-1.7696772">
        <name>Southampton Road</name>
      </trkpt>
      <trkpt lat="50.8508105" lon="-1.7697515">
        <name>Southampton Road</name>
      </trkpt>
      <trkpt lat="50.8508683" lon="-1.7698258">
        <name>Southampton Road</name>
      </trkpt>
      <trkpt lat="50.8509260" lon="-1.7699000">
        <name>Southampton Road</name>
      </trkpt>
      <trkpt lat="50.8509938" lon="-1.7699867">
        <name>Southampton Road</name>
      </trkpt>
      <trkpt lat="50.8510615" lon="-1.7700735">
        <name>Southampton Road</name>
      </trkpt>
      <trkpt lat="50.8511292" lon="-1.7701602">
        <name>Southampton Road</name>
      </trkpt>
      <trkpt lat="50.8511970" lon="-1.7702470">
        <name>Southampton Road</name>
      </trkpt>
      <trkpt lat="50.8512647" lon="-1.7703338">
        <name>Southampton Road</name>
      </trkpt>
      <trkpt lat="50.8513325" lon="-1.7704205">
        <name>Southampton Road</name>
      </trkpt>
      <trkpt lat="50.8514002" lon="-1.7705073">
        <name>Southampton Road</name>
      </trkpt>
      <trkpt lat="50.8514680" lon="-1.7705940">
        <name>Southampton Road</name>
      </trkpt>
      <trkpt lat="50.8515090" lon="-1.7706915">
        <name>Southampton Road</name>
      </trkpt>
      <trkpt lat="50.8515500" lon="-1.7707890">
        <name>Southampton Road</name>
      </trkpt>
      <trkpt lat="50.8515630" lon="-1.7708500">
        <name>Southampton Road</name>
      </trkpt>
      <trkpt lat="50.8515725" lon="-1.7709380">
        <name>Southampton Road</name>
      </trkpt>
      <trkpt lat="50.8515820" lon="-1.7710260">
        <name>Southampton Road</name>
      </trkpt>
      <trkpt lat="50.8515862" lon="-1.7711355">
        <name>Southampton Road</name>
      </trkpt>
      <trkpt lat="50.8515905" lon="-1.7712450">
        <name>Southampton Road</name>
      </trkpt>
      <trkpt lat="50.8515948" lon="-1.7713545">
        <name>Southampton Road</name>
      </trkpt>
      <trkpt lat="50.8515990" lon="-1.7714640">
        <name>Southampton Road</name>
      </trkpt>
      <trkpt lat="50.8516080" lon="-1.7715760">
        <name>Southampton Road</name>
      </trkpt>
      <trkpt lat="50.8516180" lon="-1.7717040">
        <name>Southampton Road</name>
      </trkpt>
      <trkpt lat="50.8516225" lon="-1.7718135">
        <name>Southampton Road</name>
      </trkpt>
      <trkpt lat="50.8516270" lon="-1.7719230">
        <name>Southampton Road</name>
      </trkpt>
      <trkpt lat="50.8516327" lon="-1.7720540">
        <name>Southampton Road</name>
      </trkpt>
      <trkpt lat="50.8516383" lon="-1.7721850">
        <name>Southampton Road</name>
      </trkpt>
      <trkpt lat="50.8516440" lon="-1.7723160">
        <name>Southampton Road</name>
      </trkpt>
      <trkpt lat="50.8517085" lon="-1.7723045">
        <name>Southampton Road</name>
      </trkpt>
      <trkpt lat="50.8517730" lon="-1.7722930">
        <name>Southampton Road</name>
      </trkpt>
      <trkpt lat="50.8518335" lon="-1.7722650">
        <name>Southampton Road</name>
      </trkpt>
      <trkpt lat="50.8518940" lon="-1.7722370">
        <name>Southampton Road</name>
      </trkpt>
      <trkpt lat="50.8519390" lon="-1.7721845">
        <name>Southampton Road</name>
      </trkpt>
      <trkpt lat="50.8519840" lon="-1.7721320">
        <name>Southampton Road</name>
      </trkpt>
      <trkpt lat="50.8520210" lon="-1.7720890">
        <name>Southampton Road</name>
      </trkpt>
      <trkpt lat="50.8520830" lon="-1.7720120">
        <name>Southampton Road</name>
      </trkpt>
      <trkpt lat="50.8521450" lon="-1.7719350">
        <name>Southampton Road</name>
      </trkpt>
      <trkpt lat="50.8522070" lon="-1.7718580">
        <name>Southampton Road</name>
      </trkpt>
      <trkpt lat="50.8522690" lon="-1.7717810">
        <name>Southampton Road</name>
      </trkpt>
      <trkpt lat="50.8523157" lon="-1.7717183">
        <name>Southampton Road</name>
      </trkpt>
      <trkpt lat="50.8523623" lon="-1.7716557">
        <name>Southampton Road</name>
      </trkpt>
      <trkpt lat="50.8524090" lon="-1.7715930">
        <name>Southampton Road</name>
      </trkpt>
      <trkpt lat="50.8524170" lon="-1.7715820">
        <name>Southampton Road</name>
      </trkpt>
      <trkpt lat="50.8524633" lon="-1.7714957">
        <name>Southampton Road</name>
      </trkpt>
      <trkpt lat="50.8525097" lon="-1.7714093">
        <name>Southampton Road</name>
      </trkpt>
      <trkpt lat="50.8525560" lon="-1.7713230">
        <name>Southampton Road</name>
      </trkpt>
      <trkpt lat="50.8526080" lon="-1.7712185">
        <name>Southampton Road</name>
      </trkpt>
      <trkpt lat="50.8526600" lon="-1.7711140">
        <name>Southampton Road</name>
      </trkpt>
      <trkpt lat="50.8527120" lon="-1.7710095">
        <name>Southampton Road</name>
      </trkpt>
      <trkpt lat="50.8527640" lon="-1.7709050">
        <name>Southampton Road</name>
      </trkpt>
      <trkpt lat="50.8528160" lon="-1.7708005">
        <name>Southampton Road</name>
      </trkpt>
      <trkpt lat="50.8528680" lon="-1.7706960">
        <name>Southampton Road</name>
      </trkpt>
      <trkpt lat="50.8529175" lon="-1.7706300">
        <name>Southampton Road</name>
      </trkpt>
      <trkpt lat="50.8529670" lon="-1.7705640">
        <name>Southampton Road</name>
      </trkpt>
      <trkpt lat="50.8530265" lon="-1.7705005">
        <name>Southampton Road</name>
      </trkpt>
      <trkpt lat="50.8530860" lon="-1.7704370">
        <name>Southampton Road</name>
      </trkpt>
      <trkpt lat="50.8531525" lon="-1.7703845">
        <name>Southampton Road</name>
      </trkpt>
      <trkpt lat="50.8532190" lon="-1.7703320">
        <name>Southampton Road</name>
      </trkpt>
      <trkpt lat="50.8532885" lon="-1.7702830">
        <name>Southampton Road</name>
      </trkpt>
      <trkpt lat="50.8533580" lon="-1.7702340">
        <name>Southampton Road</name>
      </trkpt>
      <trkpt lat="50.8534290" lon="-1.7701895">
        <name>Southampton Road</name>
      </trkpt>
      <trkpt lat="50.8535000" lon="-1.7701450">
        <name>Southampton Road</name>
      </trkpt>
      <trkpt lat="50.8535695" lon="-1.7701195">
        <name>Southampton Road</name>
      </trkpt>
      <trkpt lat="50.8536390" lon="-1.7700940">
        <name>Southampton Road</name>
      </trkpt>
      <trkpt lat="50.8537110" lon="-1.7700600">
        <name>Southampton Road</name>
      </trkpt>
      <trkpt lat="50.8537830" lon="-1.7700260">
        <name>Southampton Road</name>
      </trkpt>
      <trkpt lat="50.8538420" lon="-1.7700140">
        <name>Southampton Road</name>
      </trkpt>
      <trkpt lat="50.8539010" lon="-1.7700020">
        <name>Southampton Road</name>
      </trkpt>
      <trkpt lat="50.8539835" lon="-1.7699945">
        <name>Southampton Road</name>
      </trkpt>
      <trkpt lat="50.8540660" lon="-1.7699870">
        <name>Southampton Road</name>
      </trkpt>
      <trkpt lat="50.8541470" lon="-1.7699797">
        <name>Southampton Road</name>
      </trkpt>
      <trkpt lat="50.8542280" lon="-1.7699723">
        <name>Southampton Road</name>
      </trkpt>
      <trkpt lat="50.8543090" lon="-1.7699650">
        <name>Southampton Road</name>
      </trkpt>
      <trkpt lat="50.8543920" lon="-1.7699547">
        <name>Southampton Road</name>
      </trkpt>
      <trkpt lat="50.8544750" lon="-1.7699443">
        <name>Southampton Road</name>
      </trkpt>
      <trkpt lat="50.8545580" lon="-1.7699340">
        <name>Southampton Road</name>
      </trkpt>
      <trkpt lat="50.8546410" lon="-1.7699237">
        <name>Southampton Road</name>
      </trkpt>
      <trkpt lat="50.8547240" lon="-1.7699133">
        <name>Southampton Road</name>
      </trkpt>
      <trkpt lat="50.8548070" lon="-1.7699030">
        <name>Southampton Road</name>
      </trkpt>
      <trkpt lat="50.8548960" lon="-1.7698865">
        <name>Southampton Road</name>
      </trkpt>
      <trkpt lat="50.8549850" lon="-1.7698700">
        <name>Southampton Road</name>
      </trkpt>
      <trkpt lat="50.8550740" lon="-1.7698535">
        <name>Southampton Road</name>
      </trkpt>
      <trkpt lat="50.8551630" lon="-1.7698370">
        <name>Southampton Road</name>
      </trkpt>
      <trkpt lat="50.8552100" lon="-1.7698270">
        <name>Southampton Road</name>
      </trkpt>
      <trkpt lat="50.8552805" lon="-1.7698105">
        <name>Southampton Road</name>
      </trkpt>
      <trkpt lat="50.8553510" lon="-1.7697940">
        <name>Southampton Road</name>
      </trkpt>
      <trkpt lat="50.8554330" lon="-1.7697743">
        <name>Gorley Road</name>
      </trkpt>
      <trkpt lat="50.8555150" lon="-1.7697547">
        <name>Gorley Road</name>
      </trkpt>
      <trkpt lat="50.8555970" lon="-1.7697350">
        <name>Gorley Road</name>
      </trkpt>
      <trkpt lat="50.8556700" lon="-1.7697090">
        <name>Gorley Road</name>
      </trkpt>
      <trkpt lat="50.8557570" lon="-1.7696775">
        <name>Gorley Road</name>
      </trkpt>
      <trkpt lat="50.8558440" lon="-1.7696460">
        <name>Gorley Road</name>
      </trkpt>
      <trkpt lat="50.8559136" lon="-1.7696120">
        <name>Gorley Road</name>
      </trkpt>
      <trkpt lat="50.8559832" lon="-1.7695780">
        <name>Gorley Road</name>
      </trkpt>
      <trkpt lat="50.8560528" lon="-1.7695440">
        <name>Gorley Road</name>
      </trkpt>
      <trkpt lat="50.8561224" lon="-1.7695100">
        <name>Gorley Road</name>
      </trkpt>
      <trkpt lat="50.8561920" lon="-1.7694760">
        <name>Gorley Road</name>
      </trkpt>
      <trkpt lat="50.8562440" lon="-1.7694505">
        <name>Gorley Road</name>
      </trkpt>
      <trkpt lat="50.8562960" lon="-1.7694250">
        <name>Gorley Road</name>
      </trkpt>
      <trkpt lat="50.8562702" lon="-1.7693148">
        <name>Gorley Road</name>
      </trkpt>
      <trkpt lat="50.8562444" lon="-1.7692046">
        <name>Gorley Road</name>
      </trkpt>
      <trkpt lat="50.8562186" lon="-1.7690944">
        <name>Gorley Road</name>
      </trkpt>
      <trkpt lat="50.8561928" lon="-1.7689842">
        <name>Gorley Road</name>
      </trkpt>
      <trkpt lat="50.8561670" lon="-1.7688740">
        <name>Gorley Road</name>
      </trkpt>
      <trkpt lat="50.8561610" lon="-1.7688330">
        <name>Gorley Road</name>
      </trkpt>
      <trkpt lat="50.8561413" lon="-1.7687363">
        <name>Gorley Road</name>
      </trkpt>
      <trkpt lat="50.8561217" lon="-1.7686397">
        <name>Gorley Road</name>
      </trkpt>
      <trkpt lat="50.8561020" lon="-1.7685430">
        <name>Gorley Road</name>
      </trkpt>
      <trkpt lat="50.8560990" lon="-1.7684750">
        <name>Gorley Road</name>
      </trkpt>
      <trkpt lat="50.8560950" lon="-1.7683710">
        <name>Gorley Road</name>
      </trkpt>
      <trkpt lat="50.8560950" lon="-1.7682780">
        <name>Gorley Road</name>
      </trkpt>
      <trkpt lat="50.8561010" lon="-1.7681940">
        <name>Gorley Road</name>
      </trkpt>
      <trkpt lat="50.8561130" lon="-1.7681040">
        <name>Gorley Road</name>
      </trkpt>
      <trkpt lat="50.8561290" lon="-1.7680190">
        <name>Gorley Road</name>
      </trkpt>
      <trkpt lat="50.8561510" lon="-1.7679510">
        <name>Gorley Road</name>
      </trkpt>
      <trkpt lat="50.8561820" lon="-1.7678920">
        <name>Gorley Road</name>
      </trkpt>
      <trkpt lat="50.8562200" lon="-1.7678150">
        <name>Gorley Road</name>
      </trkpt>
      <trkpt lat="50.8562655" lon="-1.7677800">
        <name>Gorley Road</name>
      </trkpt>
      <trkpt lat="50.8563110" lon="-1.7677450">
        <name>Gorley Road</name>
      </trkpt>
      <trkpt lat="50.8563863" lon="-1.7677080">
        <name>Gorley Road</name>
      </trkpt>
      <trkpt lat="50.8564617" lon="-1.7676710">
        <name>Gorley Road</name>
      </trkpt>
      <trkpt lat="50.8565370" lon="-1.7676340">
        <name>Gorley Road</name>
      </trkpt>
      <trkpt lat="50.8566100" lon="-1.7676326">
        <name>Gorley Road</name>
      </trkpt>
      <trkpt lat="50.8566830" lon="-1.7676312">
        <name>Gorley Road</name>
      </trkpt>
      <trkpt lat="50.8567560" lon="-1.7676298">
        <name>Gorley Road</name>
      </trkpt>
      <trkpt lat="50.8568290" lon="-1.7676284">
        <name>Gorley Road</name>
      </trkpt>
      <trkpt lat="50.8569020" lon="-1.7676270">
        <name>Gorley Road</name>
      </trkpt>
      <trkpt lat="50.8569810" lon="-1.7676255">
        <name>Gorley Road</name>
      </trkpt>
      <trkpt lat="50.8570600" lon="-1.7676240">
        <name>Gorley Road</name>
      </trkpt>
      <trkpt lat="50.8571230" lon="-1.7676230">
        <name>Gorley Road</name>
      </trkpt>
      <trkpt lat="50.8571860" lon="-1.7676220">
        <name>Gorley Road</name>
      </trkpt>
      <trkpt lat="50.8572490" lon="-1.7676210">
        <name>Gorley Road</name>
      </trkpt>
      <trkpt lat="50.8573293" lon="-1.7676197">
        <name>Gorley Road</name>
      </trkpt>
      <trkpt lat="50.8574097" lon="-1.7676183">
        <name>Gorley Road</name>
      </trkpt>
      <trkpt lat="50.8574900" lon="-1.7676170">
        <name>Gorley Road</name>
      </trkpt>
      <trkpt lat="50.8575703" lon="-1.7676157">
        <name>Gorley Road</name>
      </trkpt>
      <trkpt lat="50.8576507" lon="-1.7676143">
        <name>Gorley Road</name>
      </trkpt>
      <trkpt lat="50.8577310" lon="-1.7676130">
        <name>Gorley Road</name>
      </trkpt>
      <trkpt lat="50.8577382" lon="-1.7677235">
        <name>Gorley Road</name>
      </trkpt>
      <trkpt lat="50.8577455" lon="-1.7678340">
        <name>Gorley Road</name>
      </trkpt>
      <trkpt lat="50.8577528" lon="-1.7679445">
        <name>Gorley Road</name>
      </trkpt>
      <trkpt lat="50.8577600" lon="-1.7680550">
        <name>Gorley Road</name>
      </trkpt>
      <trkpt lat="50.8577600" lon="-1.7681743">
        <name>Gorley Road</name>
      </trkpt>
      <trkpt lat="50.8577600" lon="-1.7682937">
        <name>Gorley Road</name>
      </trkpt>
      <trkpt lat="50.8577600" lon="-1.7684130">
        <name>Gorley Road</name>
      </trkpt>
      <trkpt lat="50.8577600" lon="-1.7685323">
        <name>Gorley Road</name>
      </trkpt>
      <trkpt lat="50.8577600" lon="-1.7686517">
        <name>Gorley Road</name>
      </trkpt>
      <trkpt lat="50.8577600" lon="-1.7687710">
        <name>Gorley Road</name>
      </trkpt>
      <trkpt lat="50.8578280" lon="-1.7687853">
        <name>Gorley Road</name>
      </trkpt>
      <trkpt lat="50.8578960" lon="-1.7687997">
        <name>Gorley Road</name>
      </trkpt>
      <trkpt lat="50.8579640" lon="-1.7688140">
        <name>Gorley Road</name>
      </trkpt>
      <trkpt lat="50.8580490" lon="-1.7688380">
        <name>Gorley Road</name>
      </trkpt>
      <trkpt lat="50.8581340" lon="-1.7688620">
        <name>Gorley Road</name>
      </trkpt>
      <trkpt lat="50.8582190" lon="-1.7688860">
        <name>Gorley Road</name>
      </trkpt>
      <trkpt lat="50.8582777" lon="-1.7689147">
        <name>Gorley Road</name>
      </trkpt>
      <trkpt lat="50.8583363" lon="-1.7689433">
        <name>Gorley Road</name>
      </trkpt>
      <trkpt lat="50.8583950" lon="-1.7689720">
        <name>Gorley Road</name>
      </trkpt>
      <trkpt lat="50.8584100" lon="-1.7689800">
        <name>Gorley Road</name>
      </trkpt>
      <trkpt lat="50.8584580" lon="-1.7690045">
        <name>Gorley Road</name>
      </trkpt>
      <trkpt lat="50.8585060" lon="-1.7690290">
        <name>Gorley Road</name>
      </trkpt>
      <trkpt lat="50.8585595" lon="-1.7690665">
        <name>Gorley Road</name>
      </trkpt>
      <trkpt lat="50.8586130" lon="-1.7691040">
        <name>Gorley Road</name>
      </trkpt>
      <trkpt lat="50.8586520" lon="-1.7691450">
        <name>Gorley Road</name>
      </trkpt>
      <trkpt lat="50.8586910" lon="-1.7691860">
        <name>Gorley Road</name>
      </trkpt>
      <trkpt lat="50.8587470" lon="-1.7692520">
        <name>Gorley Road</name>
      </trkpt>
      <trkpt lat="50.8588030" lon="-1.7693180">
        <name>Gorley Road</name>
      </trkpt>
      <trkpt lat="50.8587945" lon="-1.7694287">
        <name>Gorley Road</name>
      </trkpt>
      <trkpt lat="50.8587860" lon="-1.7695395">
        <name>Gorley Road</name>
      </trkpt>
      <trkpt lat="50.8587775" lon="-1.7696502">
        <name>Gorley Road</name>
      </trkpt>
      <trkpt lat="50.8587690" lon="-1.7697610">
        <name>Gorley Road</name>
      </trkpt>
      <trkpt lat="50.8587592" lon="-1.7698890">
        <name>Gorley Road</name>
      </trkpt>
      <trkpt lat="50.8587494" lon="-1.7700170">
        <name>Gorley Road</name>
      </trkpt>
      <trkpt lat="50.8587396" lon="-1.7701450">
        <name>Gorley Road</name>
      </trkpt>
      <trkpt lat="50.8587298" lon="-1.7702730">
        <name>Gorley Road</name>
      </trkpt>
      <trkpt lat="50.8587200" lon="-1.7704010">
        <name>Gorley Road</name>
      </trkpt>
      <trkpt lat="50.8587127" lon="-1.7705112">
        <name>Croft Road</name>
      </trkpt>
      <trkpt lat="50.8587055" lon="-1.7706215">
        <name>Croft Road</name>
      </trkpt>
      <trkpt lat="50.8586983" lon="-1.7707317">
        <name>Croft Road</name>
      </trkpt>
      <trkpt lat="50.8586910" lon="-1.7708420">
        <name>Croft Road</name>
      </trkpt>
      <trkpt lat="50.8586850" lon="-1.7709650">
        <name>Croft Road</name>
      </trkpt>
      <trkpt lat="50.8586790" lon="-1.7710880">
        <name>Croft Road</name>
      </trkpt>
      <trkpt lat="50.8586730" lon="-1.7712110">
        <name>Croft Road</name>
      </trkpt>
      <trkpt lat="50.8586670" lon="-1.7713340">
        <name>Croft Road</name>
      </trkpt>
      <trkpt lat="50.8586598" lon="-1.7714700">
        <name>Croft Road</name>
      </trkpt>
      <trkpt lat="50.8586526" lon="-1.7716060">
        <name>Croft Road</name>
      </trkpt>
      <trkpt lat="50.8586454" lon="-1.7717420">
        <name>Croft Road</name>
      </trkpt>
      <trkpt lat="50.8586382" lon="-1.7718780">
        <name>Croft Road</name>
      </trkpt>
      <trkpt lat="50.8586310" lon="-1.7720140">
        <name>Croft Road</name>
      </trkpt>
      <trkpt lat="50.8586243" lon="-1.7721333">
        <name>Croft Road</name>
      </trkpt>
      <trkpt lat="50.8586177" lon="-1.7722527">
        <name>Croft Road</name>
      </trkpt>
      <trkpt lat="50.8586110" lon="-1.7723720">
        <name>Croft Road</name>
      </trkpt>
      <trkpt lat="50.8585987" lon="-1.7725069">
        <name>Croft Road</name>
      </trkpt>
      <trkpt lat="50.8585864" lon="-1.7726417">
        <name>Croft Road</name>
      </trkpt>
      <trkpt lat="50.8585741" lon="-1.7727766">
        <name>Croft Road</name>
      </trkpt>
      <trkpt lat="50.8585619" lon="-1.7729114">
        <name>Croft Road</name>
      </trkpt>
      <trkpt lat="50.8585496" lon="-1.7730463">
        <name>Croft Road</name>
      </trkpt>
      <trkpt lat="50.8585373" lon="-1.7731811">
        <name>Croft Road</name>
      </trkpt>
      <trkpt lat="50.8585250" lon="-1.7733160">
        <name>Croft Road</name>
      </trkpt>
      <trkpt lat="50.8585120" lon="-1.7734195">
        <name>Croft Road</name>
      </trkpt>
      <trkpt lat="50.8584990" lon="-1.7735230">
        <name>Croft Road</name>
      </trkpt>
      <trkpt lat="50.8584865" lon="-1.7736285">
        <name>Croft Road</name>
      </trkpt>
      <trkpt lat="50.8584740" lon="-1.7737340">
        <name>Croft Road</name>
      </trkpt>
      <trkpt lat="50.8584575" lon="-1.7738545">
        <name>Croft Road</name>
      </trkpt>
      <trkpt lat="50.8584410" lon="-1.7739750">
        <name>Croft Road</name>
      </trkpt>
      <trkpt lat="50.8584220" lon="-1.7740850">
        <name>Croft Road</name>
      </trkpt>
      <trkpt lat="50.8584030" lon="-1.7741950">
        <name>Croft Road</name>
      </trkpt>
      <trkpt lat="50.8583885" lon="-1.7742935">
        <name>Croft Road</name>
      </trkpt>
      <trkpt lat="50.8583740" lon="-1.7743920">
        <name>Croft Road</name>
      </trkpt>
      <trkpt lat="50.8583560" lon="-1.7744965">
        <name>Croft Road</name>
      </trkpt>
      <trkpt lat="50.8583380" lon="-1.7746010">
        <name>Croft Road</name>
      </trkpt>
      <trkpt lat="50.8583255" lon="-1.7746725">
        <name>Croft Road</name>
      </trkpt>
      <trkpt lat="50.8583130" lon="-1.7747440">
        <name>Croft Road</name>
      </trkpt>
      <trkpt lat="50.8582945" lon="-1.7748525">
        <name>Croft Road</name>
      </trkpt>
      <trkpt lat="50.8582760" lon="-1.7749610">
        <name>Croft Road</name>
      </trkpt>
      <trkpt lat="50.8582580" lon="-1.7750660">
        <name>Croft Road</name>
      </trkpt>
      <trkpt lat="50.8582387" lon="-1.7751817">
        <name>Croft Road</name>
      </trkpt>
      <trkpt lat="50.8582193" lon="-1.7752973">
        <name>Croft Road</name>
      </trkpt>
      <trkpt lat="50.8582000" lon="-1.7754130">
        <name>Croft Road</name>
      </trkpt>
      <trkpt lat="50.8581788" lon="-1.7755376">
        <name>Croft Road</name>
      </trkpt>
      <trkpt lat="50.8581576" lon="-1.7756622">
        <name>Croft Road</name>
      </trkpt>
      <trkpt lat="50.8581364" lon="-1.7757868">
        <name>Croft Road</name>
      </trkpt>
      <trkpt lat="50.8581152" lon="-1.7759114">
        <name>Croft Road</name>
      </trkpt>
      <trkpt lat="50.8580940" lon="-1.7760360">
        <name>Croft Road</name>
      </trkpt>
      <trkpt lat="50.8580760" lon="-1.7761450">
        <name>Croft Road</name>
      </trkpt>
      <trkpt lat="50.8580580" lon="-1.7762540">
        <name>Croft Road</name>
      </trkpt>
      <trkpt lat="50.8580380" lon="-1.7763810">
        <name>Croft Road</name>
      </trkpt>
      <trkpt lat="50.8580220" lon="-1.7764775">
        <name>Croft Road</name>
      </trkpt>
      <trkpt lat="50.8580060" lon="-1.7765740">
        <name>Croft Road</name>
      </trkpt>
      <trkpt lat="50.8579880" lon="-1.7766790">
        <name>Croft Road</name>
      </trkpt>
      <trkpt lat="50.8579678" lon="-1.7768047">
        <name>Croft Road</name>
      </trkpt>
      <trkpt lat="50.8579475" lon="-1.7769305">
        <name>Croft Road</name>
      </trkpt>
      <trkpt lat="50.8579272" lon="-1.7770563">
        <name>Croft Road</name>
      </trkpt>
      <trkpt lat="50.8579070" lon="-1.7771820">
        <name>Croft Road</name>
      </trkpt>
      <trkpt lat="50.8579010" lon="-1.7772230">
        <name>Croft Road</name>
      </trkpt>
      <trkpt lat="50.8578797" lon="-1.7773430">
        <name>Ross Road</name>
      </trkpt>
      <trkpt lat="50.8578583" lon="-1.7774630">
        <name>Ross Road</name>
      </trkpt>
      <trkpt lat="50.8578370" lon="-1.7775830">
        <name>Ross Road</name>
      </trkpt>
      <trkpt lat="50.8578210" lon="-1.7776730">
        <name>Ross Road</name>
      </trkpt>
      <trkpt lat="50.8578055" lon="-1.7777590">
        <name>Ross Road</name>
      </trkpt>
      <trkpt lat="50.8577900" lon="-1.7778450">
        <name>Ross Road</name>
      </trkpt>
      <trkpt lat="50.8577740" lon="-1.7779330">
        <name>Gorley Road</name>
      </trkpt>
      <trkpt lat="50.8577500" lon="-1.7780680">
        <name>Gorley Road</name>
      </trkpt>
      <trkpt lat="50.8577290" lon="-1.7781840">
        <name>Gorley Road</name>
      </trkpt>
      <trkpt lat="50.8577170" lon="-1.7782500">
        <name>Gorley Road</name>
      </trkpt>
      <trkpt lat="50.8577090" lon="-1.7782980">
        <name>Gorley Road</name>
      </trkpt>
      <trkpt lat="50.8576960" lon="-1.7783700">
        <name>Gorley Road</name>
      </trkpt>
      <trkpt lat="50.8576830" lon="-1.7784420">
        <name>Gorley Road</name>
      </trkpt>
      <trkpt lat="50.8576760" lon="-1.7784850">
        <name>Gorley Road</name>
      </trkpt>
      <trkpt lat="50.8576597" lon="-1.7785770">
        <name>Gorley Road</name>
      </trkpt>
      <trkpt lat="50.8576433" lon="-1.7786690">
        <name>Gorley Road</name>
      </trkpt>
      <trkpt lat="50.8576270" lon="-1.7787610">
        <name>Gorley Road</name>
      </trkpt>
      <trkpt lat="50.8576050" lon="-1.7788080">
        <name>Gorley Road</name>
      </trkpt>
      <trkpt lat="50.8575950" lon="-1.7788310">
        <name>Gorley Road</name>
      </trkpt>
      <trkpt lat="50.8575580" lon="-1.7788480">
        <name>Gorley Road</name>
      </trkpt>
      <trkpt lat="50.8575220" lon="-1.7788590">
        <name>Gorley Road</name>
      </trkpt>
      <trkpt lat="50.8575110" lon="-1.7788620">
        <name>North Poulner Road</name>
      </trkpt>
      <trkpt lat="50.8574510" lon="-1.7788520">
        <name>North Poulner Road</name>
      </trkpt>
      <trkpt lat="50.8573960" lon="-1.7788370">
        <name>North Poulner Road</name>
      </trkpt>
      <trkpt lat="50.8573470" lon="-1.7788230">
        <name>North Poulner Road</name>
      </trkpt>
      <trkpt lat="50.8573080" lon="-1.7788130">
        <name>North Poulner Road</name>
      </trkpt>
      <trkpt lat="50.8572437" lon="-1.7787953">
        <name>North Poulner Road</name>
      </trkpt>
      <trkpt lat="50.8571793" lon="-1.7787777">
        <name>North Poulner Road</name>
      </trkpt>
      <trkpt lat="50.8571150" lon="-1.7787600">
        <name>North Poulner Road</name>
      </trkpt>
      <trkpt lat="50.8571070" lon="-1.7787570">
        <name>North Poulner Road</name>
      </trkpt>
      <trkpt lat="50.8570575" lon="-1.7787435">
        <name>North Poulner Road</name>
      </trkpt>
      <trkpt lat="50.8570080" lon="-1.7787300">
        <name>North Poulner Road</name>
      </trkpt>
      <trkpt lat="50.8570000" lon="-1.7787280">
        <name>North Poulner Road</name>
      </trkpt>
      <trkpt lat="50.8569120" lon="-1.7787035">
        <name>North Poulner Road</name>
      </trkpt>
      <trkpt lat="50.8568240" lon="-1.7786790">
        <name>North Poulner Road</name>
      </trkpt>
      <trkpt lat="50.8567595" lon="-1.7786615">
        <name>North Poulner Road</name>
      </trkpt>
      <trkpt lat="50.8566950" lon="-1.7786440">
        <name>North Poulner Road</name>
      </trkpt>
      <trkpt lat="50.8566370" lon="-1.7786280">
        <name>North Poulner Road</name>
      </trkpt>
      <trkpt lat="50.8565790" lon="-1.7786120">
        <name>North Poulner Road</name>
      </trkpt>
      <trkpt lat="50.8565275" lon="-1.7785975">
        <name>North Poulner Road</name>
      </trkpt>
      <trkpt lat="50.8564760" lon="-1.7785830">
        <name>North Poulner Road</name>
      </trkpt>
      <trkpt lat="50.8564710" lon="-1.7785820">
        <name>North Poulner Road</name>
      </trkpt>
      <trkpt lat="50.8564155" lon="-1.7785670">
        <name>North Poulner Road</name>
      </trkpt>
      <trkpt lat="50.8563600" lon="-1.7785520">
        <name>North Poulner Road</name>
      </trkpt>
      <trkpt lat="50.8563055" lon="-1.7785365">
        <name>North Poulner Road</name>
      </trkpt>
      <trkpt lat="50.8562510" lon="-1.7785210">
        <name>North Poulner Road</name>
      </trkpt>
      <trkpt lat="50.8562000" lon="-1.7785070">
        <name>North Poulner Road</name>
      </trkpt>
      <trkpt lat="50.8561490" lon="-1.7784930">
        <name>North Poulner Road</name>
      </trkpt>
      <trkpt lat="50.8561005" lon="-1.7784800">
        <name>North Poulner Road</name>
      </trkpt>
      <trkpt lat="50.8560520" lon="-1.7784670">
        <name>North Poulner Road</name>
      </trkpt>
      <trkpt lat="50.8560320" lon="-1.7784610">
        <name>North Poulner Road</name>
      </trkpt>
      <trkpt lat="50.8559810" lon="-1.7784470">
        <name>North Poulner Road</name>
      </trkpt>
      <trkpt lat="50.8559300" lon="-1.7784330">
        <name>North Poulner Road</name>
      </trkpt>
      <trkpt lat="50.8558603" lon="-1.7784137">
        <name>North Poulner Road</name>
      </trkpt>
      <trkpt lat="50.8557907" lon="-1.7783943">
        <name>North Poulner Road</name>
      </trkpt>
      <trkpt lat="50.8557210" lon="-1.7783750">
        <name>North Poulner Road</name>
      </trkpt>
      <trkpt lat="50.8556840" lon="-1.7783650">
        <name>North Poulner Road</name>
      </trkpt>
      <trkpt lat="50.8556490" lon="-1.7783560">
        <name>North Poulner Road</name>
      </trkpt>
      <trkpt lat="50.8555615" lon="-1.7783317">
        <name>North Poulner Road</name>
      </trkpt>
      <trkpt lat="50.8554740" lon="-1.7783075">
        <name>North Poulner Road</name>
      </trkpt>
      <trkpt lat="50.8553865" lon="-1.7782833">
        <name>North Poulner Road</name>
      </trkpt>
      <trkpt lat="50.8552990" lon="-1.7782590">
        <name>North Poulner Road</name>
      </trkpt>
      <trkpt lat="50.8552430" lon="-1.7782350">
        <name>North Poulner Road</name>
      </trkpt>
      <trkpt lat="50.8551870" lon="-1.7782010">
        <name>North Poulner Road</name>
      </trkpt>
      <trkpt lat="50.8551106" lon="-1.7781462">
        <name>North Poulner Road</name>
      </trkpt>
      <trkpt lat="50.8550342" lon="-1.7780914">
        <name>North Poulner Road</name>
      </trkpt>
      <trkpt lat="50.8549578" lon="-1.7780366">
        <name>North Poulner Road</name>
      </trkpt>
      <trkpt lat="50.8548814" lon="-1.7779818">
        <name>North Poulner Road</name>
      </trkpt>
      <trkpt lat="50.8548050" lon="-1.7779270">
        <name>North Poulner Road</name>
      </trkpt>
      <trkpt lat="50.8547368" lon="-1.7778753">
        <name>North Poulner Road</name>
      </trkpt>
      <trkpt lat="50.8546685" lon="-1.7778235">
        <name>North Poulner Road</name>
      </trkpt>
      <trkpt lat="50.8546002" lon="-1.7777717">
        <name>North Poulner Road</name>
      </trkpt>
      <trkpt lat="50.8545320" lon="-1.7777200">
        <name>North Poulner Road</name>
      </trkpt>
      <trkpt lat="50.8544570" lon="-1.7776647">
        <name>North Poulner Road</name>
      </trkpt>
      <trkpt lat="50.8543820" lon="-1.7776093">
        <name>North Poulner Road</name>
      </trkpt>
      <trkpt lat="50.8543070" lon="-1.7775540">
        <name>North Poulner Road</name>
      </trkpt>
      <trkpt lat="50.8542320" lon="-1.7774987">
        <name>North Poulner Road</name>
      </trkpt>
      <trkpt lat="50.8541570" lon="-1.7774433">
        <name>North Poulner Road</name>
      </trkpt>
      <trkpt lat="50.8540820" lon="-1.7773880">
        <name>North Poulner Road</name>
      </trkpt>
      <trkpt lat="50.8540028" lon="-1.7773282">
        <name>North Poulner Road</name>
      </trkpt>
      <trkpt lat="50.8539235" lon="-1.7772683">
        <name>North Poulner Road</name>
      </trkpt>
      <trkpt lat="50.8538443" lon="-1.7772085">
        <name>North Poulner Road</name>
      </trkpt>
      <trkpt lat="50.8537651" lon="-1.7771486">
        <name>North Poulner Road</name>
      </trkpt>
      <trkpt lat="50.8536858" lon="-1.7770888">
        <name>North Poulner Road</name>
      </trkpt>
      <trkpt lat="50.8536066" lon="-1.7770289">
        <name>North Poulner Road</name>
      </trkpt>
      <trkpt lat="50.8535274" lon="-1.7769691">
        <name>North Poulner Road</name>
      </trkpt>
      <trkpt lat="50.8534482" lon="-1.7769092">
        <name>North Poulner Road</name>
      </trkpt>
      <trkpt lat="50.8533689" lon="-1.7768494">
        <name>North Poulner Road</name>
      </trkpt>
      <trkpt lat="50.8532897" lon="-1.7767895">
        <name>North Poulner Road</name>
      </trkpt>
      <trkpt lat="50.8532105" lon="-1.7767297">
        <name>North Poulner Road</name>
      </trkpt>
      <trkpt lat="50.8531312" lon="-1.7766698">
        <name>North Poulner Road</name>
      </trkpt>
      <trkpt lat="50.8530520" lon="-1.7766100">
        <name>North Poulner Road</name>
      </trkpt>
      <trkpt lat="50.8529760" lon="-1.7765520">
        <name>North Poulner Road</name>
      </trkpt>
      <trkpt lat="50.8529000" lon="-1.7764940">
        <name>North Poulner Road</name>
      </trkpt>
      <trkpt lat="50.8528423" lon="-1.7764497">
        <name>North Poulner Road</name>
      </trkpt>
      <trkpt lat="50.8527847" lon="-1.7764053">
        <name>North Poulner Road</name>
      </trkpt>
      <trkpt lat="50.8527270" lon="-1.7763610">
        <name>North Poulner Road</name>
      </trkpt>
      <trkpt lat="50.8527198" lon="-1.7765024">
        <name>North Poulner Road</name>
      </trkpt>
      <trkpt lat="50.8527125" lon="-1.7766438">
        <name>North Poulner Road</name>
      </trkpt>
      <trkpt lat="50.8527053" lon="-1.7767852">
        <name>North Poulner Road</name>
      </trkpt>
      <trkpt lat="50.8526981" lon="-1.7769265">
        <name>North Poulner Road</name>
      </trkpt>
      <trkpt lat="50.8526908" lon="-1.7770679">
        <name>North Poulner Road</name>
      </trkpt>
      <trkpt lat="50.8526836" lon="-1.7772093">
        <name>North Poulner Road</name>
      </trkpt>
      <trkpt lat="50.8526764" lon="-1.7773507">
        <name>North Poulner Road</name>
      </trkpt>
      <trkpt lat="50.8526692" lon="-1.7774921">
        <name>North Poulner Road</name>
      </trkpt>
      <trkpt lat="50.8526619" lon="-1.7776335">
        <name>North Poulner Road</name>
      </trkpt>
      <trkpt lat="50.8526547" lon="-1.7777748">
        <name>North Poulner Road</name>
      </trkpt>
      <trkpt lat="50.8526475" lon="-1.7779162">
        <name>North Poulner Road</name>
      </trkpt>
      <trkpt lat="50.8526402" lon="-1.7780576">
        <name>North Poulner Road</name>
      </trkpt>
      <trkpt lat="50.8526330" lon="-1.7781990">
        <name>North Poulner Road</name>
      </trkpt>
      <trkpt lat="50.8526270" lon="-1.7783376">
        <name>North Poulner Road</name>
      </trkpt>
      <trkpt lat="50.8526210" lon="-1.7784762">
        <name>North Poulner Road</name>
      </trkpt>
      <trkpt lat="50.8526150" lon="-1.7786148">
        <name>North Poulner Road</name>
      </trkpt>
      <trkpt lat="50.8526090" lon="-1.7787534">
        <name>North Poulner Road</name>
      </trkpt>
      <trkpt lat="50.8526030" lon="-1.7788920">
        <name>North Poulner Road</name>
      </trkpt>
      <trkpt lat="50.8525970" lon="-1.7790306">
        <name>North Poulner Road</name>
      </trkpt>
      <trkpt lat="50.8525910" lon="-1.7791692">
        <name>North Poulner Road</name>
      </trkpt>
      <trkpt lat="50.8525850" lon="-1.7793078">
        <name>North Poulner Road</name>
      </trkpt>
      <trkpt lat="50.8525790" lon="-1.7794464">
        <name>North Poulner Road</name>
      </trkpt>
      <trkpt lat="50.8525730" lon="-1.7795850">
        <name>North Poulner Road</name>
      </trkpt>
      <trkpt lat="50.8525677" lon="-1.7797085">
        <name>North Poulner Road</name>
      </trkpt>
      <trkpt lat="50.8525625" lon="-1.7798320">
        <name>North Poulner Road</name>
      </trkpt>
      <trkpt lat="50.8525573" lon="-1.7799555">
        <name>North Poulner Road</name>
      </trkpt>
      <trkpt lat="50.8525520" lon="-1.7800790">
        <name>North Poulner Road</name>
      </trkpt>
      <trkpt lat="50.8525420" lon="-1.7801540">
        <name>North Poulner Road</name>
      </trkpt>
      <trkpt lat="50.8525247" lon="-1.7802808">
        <name>North Poulner Road</name>
      </trkpt>
      <trkpt lat="50.8525074" lon="-1.7804076">
        <name>North Poulner Road</name>
      </trkpt>
      <trkpt lat="50.8524901" lon="-1.7805344">
        <name>North Poulner Road</name>
      </trkpt>
      <trkpt lat="50.8524728" lon="-1.7806612">
        <name>North Poulner Road</name>
      </trkpt>
      <trkpt lat="50.8524555" lon="-1.7807880">
        <name>North Poulner Road</name>
      </trkpt>
      <trkpt lat="50.8524382" lon="-1.7809148">
        <name>North Poulner Road</name>
      </trkpt>
      <trkpt lat="50.8524209" lon="-1.7810416">
        <name>North Poulner Road</name>
      </trkpt>
      <trkpt lat="50.8524036" lon="-1.7811684">
        <name>North Poulner Road</name>
      </trkpt>
      <trkpt lat="50.8523863" lon="-1.7812952">
        <name>North Poulner Road</name>
      </trkpt>
      <trkpt lat="50.8523690" lon="-1.7814220">
        <name>North Poulner Road</name>
      </trkpt>
      <trkpt lat="50.8522822" lon="-1.7813932">
        <name>North Poulner Road</name>
      </trkpt>
      <trkpt lat="50.8521953" lon="-1.7813643">
        <name>North Poulner Road</name>
      </trkpt>
      <trkpt lat="50.8521085" lon="-1.7813355">
        <name>North Poulner Road</name>
      </trkpt>
      <trkpt lat="50.8520217" lon="-1.7813067">
        <name>North Poulner Road</name>
      </trkpt>
      <trkpt lat="50.8519348" lon="-1.7812778">
        <name>North Poulner Road</name>
      </trkpt>
      <trkpt lat="50.8518480" lon="-1.7812490">
        <name>North Poulner Road</name>
      </trkpt>
      <trkpt lat="50.8517860" lon="-1.7812330">
        <name>North Poulner Road</name>
      </trkpt>
      <trkpt lat="50.8517001" lon="-1.7812112">
        <name>North Poulner Road</name>
      </trkpt>
      <trkpt lat="50.8516141" lon="-1.7811893">
        <name>North Poulner Road</name>
      </trkpt>
      <trkpt lat="50.8515282" lon="-1.7811675">
        <name>North Poulner Road</name>
      </trkpt>
      <trkpt lat="50.8514422" lon="-1.7811456">
        <name>North Poulner Road</name>
      </trkpt>
      <trkpt lat="50.8513563" lon="-1.7811238">
        <name>North Poulner Road</name>
      </trkpt>
      <trkpt lat="50.8512703" lon="-1.7811019">
        <name>North Poulner Road</name>
      </trkpt>
      <trkpt lat="50.8511844" lon="-1.7810801">
        <name>North Poulner Road</name>
      </trkpt>
      <trkpt lat="50.8510984" lon="-1.7810583">
        <name>North Poulner Road</name>
      </trkpt>
      <trkpt lat="50.8510125" lon="-1.7810364">
        <name>North Poulner Road</name>
      </trkpt>
      <trkpt lat="50.8509265" lon="-1.7810146">
        <name>North Poulner Road</name>
      </trkpt>
      <trkpt lat="50.8508406" lon="-1.7809927">
        <name>North Poulner Road</name>
      </trkpt>
      <trkpt lat="50.8507546" lon="-1.7809709">
        <name>North Poulner Road</name>
      </trkpt>
      <trkpt lat="50.8506687" lon="-1.7809491">
        <name>North Poulner Road</name>
      </trkpt>
      <trkpt lat="50.8505827" lon="-1.7809272">
        <name>North Poulner Road</name>
      </trkpt>
      <trkpt lat="50.8504968" lon="-1.7809054">
        <name>North Poulner Road</name>
      </trkpt>
      <trkpt lat="50.8504108" lon="-1.7808835">
        <name>North Poulner Road</name>
      </trkpt>
      <trkpt lat="50.8503249" lon="-1.7808617">
        <name>North Poulner Road</name>
      </trkpt>
      <trkpt lat="50.8502389" lon="-1.7808398">
        <name>North Poulner Road</name>
      </trkpt>
      <trkpt lat="50.8501530" lon="-1.7808180">
        <name>North Poulner Road</name>
      </trkpt>
      <trkpt lat="50.8501030" lon="-1.7808050">
        <name>North Poulner Road</name>
      </trkpt>
      <trkpt lat="50.8500530" lon="-1.7807920">
        <name>North Poulner Road</name>
      </trkpt>
      <trkpt lat="50.8500335" lon="-1.7809080">
        <name>North Poulner Road</name>
      </trkpt>
      <trkpt lat="50.8500140" lon="-1.7810240">
        <name>North Poulner Road</name>
      </trkpt>
      <trkpt lat="50.8500000" lon="-1.7811215">
        <name>North Poulner Road</name>
      </trkpt>
      <trkpt lat="50.8499860" lon="-1.7812190">
        <name>North Poulner Road</name>
      </trkpt>
      <trkpt lat="50.8499680" lon="-1.7813360">
        <name>North Poulner Road</name>
      </trkpt>
      <trkpt lat="50.8499500" lon="-1.7814530">
        <name>North Poulner Road</name>
      </trkpt>
      <trkpt lat="50.8499320" lon="-1.7815700">
        <name>North Poulner Road</name>
      </trkpt>
      <trkpt lat="50.8499160" lon="-1.7816760">
        <name>North Poulner Road</name>
      </trkpt>
      <trkpt lat="50.8499000" lon="-1.7817820">
        <name>North Poulner Road</name>
      </trkpt>
      <trkpt lat="50.8498825" lon="-1.7818830">
        <name>North Poulner Road</name>
      </trkpt>
      <trkpt lat="50.8498650" lon="-1.7819840">
        <name>North Poulner Road</name>
      </trkpt>
      <trkpt lat="50.8498480" lon="-1.7820790">
        <name>North Poulner Road</name>
      </trkpt>
      <trkpt lat="50.8498265" lon="-1.7821920">
        <name>North Poulner Road</name>
      </trkpt>
      <trkpt lat="50.8498050" lon="-1.7823050">
        <name>North Poulner Road</name>
      </trkpt>
      <trkpt lat="50.8497805" lon="-1.7824250">
        <name>North Poulner Road</name>
      </trkpt>
      <trkpt lat="50.8497560" lon="-1.7825450">
        <name>North Poulner Road</name>
      </trkpt>
      <trkpt lat="50.8497333" lon="-1.7826780">
        <name>North Poulner Road</name>
      </trkpt>
      <trkpt lat="50.8497107" lon="-1.7828110">
        <name>North Poulner Road</name>
      </trkpt>
      <trkpt lat="50.8496880" lon="-1.7829440">
        <name>North Poulner Road</name>
      </trkpt>
      <trkpt lat="50.8496830" lon="-1.7830655">
        <name>North Poulner Road</name>
      </trkpt>
      <trkpt lat="50.8496780" lon="-1.7831870">
        <name>North Poulner Road</name>
      </trkpt>
      <trkpt lat="50.8496885" lon="-1.7833035">
        <name>North Poulner Road</name>
      </trkpt>
      <trkpt lat="50.8496990" lon="-1.7834200">
        <name>North Poulner Road</name>
      </trkpt>
      <trkpt lat="50.8497235" lon="-1.7835350">
        <name>North Poulner Road</name>
      </trkpt>
      <trkpt lat="50.8497480" lon="-1.7836500">
        <name>North Poulner Road</name>
      </trkpt>
      <trkpt lat="50.8497705" lon="-1.7837250">
        <name>North Poulner Road</name>
      </trkpt>
      <trkpt lat="50.8497930" lon="-1.7838000">
        <name>North Poulner Road</name>
      </trkpt>
      <trkpt lat="50.8498288" lon="-1.7839056">
        <name>North Poulner Road</name>
      </trkpt>
      <trkpt lat="50.8498646" lon="-1.7840112">
        <name>North Poulner Road</name>
      </trkpt>
      <trkpt lat="50.8499004" lon="-1.7841168">
        <name>North Poulner Road</name>
      </trkpt>
      <trkpt lat="50.8499362" lon="-1.7842224">
        <name>North Poulner Road</name>
      </trkpt>
      <trkpt lat="50.8499720" lon="-1.7843280">
        <name>North Poulner Road</name>
      </trkpt>
      <trkpt lat="50.8500105" lon="-1.7844420">
        <name>North Poulner Road</name>
      </trkpt>
      <trkpt lat="50.8500490" lon="-1.7845560">
        <name>North Poulner Road</name>
      </trkpt>
      <trkpt lat="50.8500550" lon="-1.7846360">
        <name>North Poulner Road</name>
      </trkpt>
      <trkpt lat="50.8500610" lon="-1.7847160">
        <name>North Poulner Road</name>
      </trkpt>
      <trkpt lat="50.8500550" lon="-1.7848010">
        <name>North Poulner Road</name>
      </trkpt>
      <trkpt lat="50.8500440" lon="-1.7848670">
        <name>North Poulner Road</name>
      </trkpt>
      <trkpt lat="50.8500270" lon="-1.7849470">
        <name>North Poulner Road</name>
      </trkpt>
      <trkpt lat="50.8500055" lon="-1.7850125">
        <name>North Poulner Road</name>
      </trkpt>
      <trkpt lat="50.8499840" lon="-1.7850780">
        <name>North Poulner Road</name>
      </trkpt>
      <trkpt lat="50.8499620" lon="-1.7851220">
        <name>North Poulner Road</name>
      </trkpt>
      <trkpt lat="50.8499073" lon="-1.7852097">
        <name>North Poulner Road</name>
      </trkpt>
      <trkpt lat="50.8498527" lon="-1.7852973">
        <name>North Poulner Road</name>
      </trkpt>
      <trkpt lat="50.8497980" lon="-1.7853850">
        <name>North Poulner Road</name>
      </trkpt>
      <trkpt lat="50.8497320" lon="-1.7854757">
        <name>North Poulner Road</name>
      </trkpt>
      <trkpt lat="50.8496660" lon="-1.7855663">
        <name>North Poulner Road</name>
      </trkpt>
      <trkpt lat="50.8496000" lon="-1.7856570">
        <name>North Poulner Road</name>
      </trkpt>
      <trkpt lat="50.8495380" lon="-1.7857480">
        <name>North Poulner Road</name>
      </trkpt>
      <trkpt lat="50.8494760" lon="-1.7858390">
        <name>North Poulner Road</name>
      </trkpt>
      <trkpt lat="50.8494140" lon="-1.7859300">
        <name>North Poulner Road</name>
      </trkpt>
      <trkpt lat="50.8493520" lon="-1.7860210">
        <name>North Poulner Road</name>
      </trkpt>
      <trkpt lat="50.8492900" lon="-1.7861120">
        <name>North Poulner Road</name>
      </trkpt>
      <trkpt lat="50.8492457" lon="-1.7861810">
        <name>North Poulner Road</name>
      </trkpt>
      <trkpt lat="50.8492013" lon="-1.7862500">
        <name>North Poulner Road</name>
      </trkpt>
      <trkpt lat="50.8491570" lon="-1.7863190">
        <name>North Poulner Road</name>
      </trkpt>
      <trkpt lat="50.8491225" lon="-1.7864000">
        <name>North Poulner Road</name>
      </trkpt>
      <trkpt lat="50.8490880" lon="-1.7864810">
        <name>North Poulner Road</name>
      </trkpt>
      <trkpt lat="50.8490615" lon="-1.7865730">
        <name>North Poulner Road</name>
      </trkpt>
      <trkpt lat="50.8490350" lon="-1.7866650">
        <name>North Poulner Road</name>
      </trkpt>
      <trkpt lat="50.8490015" lon="-1.7867910">
        <name>Seymour Road</name>
      </trkpt>
      <trkpt lat="50.8489680" lon="-1.7869170">
        <name>Seymour Road</name>
      </trkpt>
      <trkpt lat="50.8489437" lon="-1.7870410">
        <name>Seymour Road</name>
      </trkpt>
      <trkpt lat="50.8489193" lon="-1.7871650">
        <name>Seymour Road</name>
      </trkpt>
      <trkpt lat="50.8488950" lon="-1.7872890">
        <name>Seymour Road</name>
      </trkpt>
      <trkpt lat="50.8488820" lon="-1.7873945">
        <name>Seymour Road</name>
      </trkpt>
      <trkpt lat="50.8488690" lon="-1.7875000">
        <name>Seymour Road</name>
      </trkpt>
      <trkpt lat="50.8488615" lon="-1.7875835">
        <name>Seymour Road</name>
      </trkpt>
      <trkpt lat="50.8488540" lon="-1.7876670">
        <name>Seymour Road</name>
      </trkpt>
      <trkpt lat="50.8488435" lon="-1.7877870">
        <name>Seymour Road</name>
      </trkpt>
      <trkpt lat="50.8488330" lon="-1.7879070">
        <name>Seymour Road</name>
      </trkpt>
      <trkpt lat="50.8488190" lon="-1.7880160">
        <name>Seymour Road</name>
      </trkpt>
      <trkpt lat="50.8488015" lon="-1.7881425">
        <name>Seymour Road</name>
      </trkpt>
      <trkpt lat="50.8487840" lon="-1.7882690">
        <name>Seymour Road</name>
      </trkpt>
      <trkpt lat="50.8487647" lon="-1.7883703">
        <name>Seymour Road</name>
      </trkpt>
      <trkpt lat="50.8487453" lon="-1.7884717">
        <name>Seymour Road</name>
      </trkpt>
      <trkpt lat="50.8487260" lon="-1.7885730">
        <name>Seymour Road</name>
      </trkpt>
      <trkpt lat="50.8487090" lon="-1.7886490">
        <name>Seymour Road</name>
      </trkpt>
      <trkpt lat="50.8486920" lon="-1.7887250">
        <name>Seymour Road</name>
      </trkpt>
      <trkpt lat="50.8486730" lon="-1.7887965">
        <name>Seymour Road</name>
      </trkpt>
      <trkpt lat="50.8486540" lon="-1.7888680">
        <name>Seymour Road</name>
      </trkpt>
      <trkpt lat="50.8486270" lon="-1.7889480">
        <name>Seymour Road</name>
      </trkpt>
      <trkpt lat="50.8486040" lon="-1.7890090">
        <name>Seymour Road</name>
      </trkpt>
      <trkpt lat="50.8485510" lon="-1.7891050">
        <name>Meadow Road</name>
      </trkpt>
      <trkpt lat="50.8485370" lon="-1.7891210">
        <name>Meadow Road</name>
      </trkpt>
      <trkpt lat="50.8484960" lon="-1.7891690">
        <name>Meadow Road</name>
      </trkpt>
      <trkpt lat="50.8484550" lon="-1.7892170">
        <name>Meadow Road</name>
      </trkpt>
      <trkpt lat="50.8484000" lon="-1.7892590">
        <name>Meadow Road</name>
      </trkpt>
      <trkpt lat="50.8483470" lon="-1.7892920">
        <name>Meadow Road</name>
      </trkpt>
      <trkpt lat="50.8482950" lon="-1.7893150">
        <name>Meadow Road</name>
      </trkpt>
      <trkpt lat="50.8482325" lon="-1.7893335">
        <name>Meadow Road</name>
      </trkpt>
      <trkpt lat="50.8481700" lon="-1.7893520">
        <name>Meadow Road</name>
      </trkpt>
      <trkpt lat="50.8481075" lon="-1.7893740">
        <name>Meadow Road</name>
      </trkpt>
      <trkpt lat="50.8480450" lon="-1.7893960">
        <name>Meadow Road</name>
      </trkpt>
      <trkpt lat="50.8479810" lon="-1.7894260">
        <name>Meadow Road</name>
      </trkpt>
      <trkpt lat="50.8479200" lon="-1.7894590">
        <name>Broadshard Lane</name>
      </trkpt>
      <trkpt lat="50.8478530" lon="-1.7895010">
        <name>Broadshard Lane</name>
      </trkpt>
      <trkpt lat="50.8477940" lon="-1.7895980">
        <name>Broadshard Lane</name>
      </trkpt>
      <trkpt lat="50.8477725" lon="-1.7896665">
        <name>Broadshard Lane</name>
      </trkpt>
      <trkpt lat="50.8477510" lon="-1.7897350">
        <name>Broadshard Lane</name>
      </trkpt>
      <trkpt lat="50.8477310" lon="-1.7898640">
        <name>Broadshard Lane</name>
      </trkpt>
      <trkpt lat="50.8477395" lon="-1.7899455">
        <name>Southampton Road</name>
      </trkpt>
      <trkpt lat="50.8477480" lon="-1.7900270">
        <name>Southampton Road</name>
      </trkpt>
      <trkpt lat="50.8477500" lon="-1.7900470">
        <name>Southampton Road</name>
      </trkpt>
      <trkpt lat="50.8477635" lon="-1.7901720">
        <name>Southampton Road</name>
      </trkpt>
      <trkpt lat="50.8477770" lon="-1.7902970">
        <name>Southampton Road</name>
      </trkpt>
      <trkpt lat="50.8477810" lon="-1.7904040">
        <name>Southampton Road</name>
      </trkpt>
      <trkpt lat="50.8477740" lon="-1.7905000">
        <name>Southampton Road</name>
      </trkpt>
      <trkpt lat="50.8477520" lon="-1.7906190">
        <name>Southampton Road</name>
      </trkpt>
      <trkpt lat="50.8477440" lon="-1.7906400">
        <name>Southampton Road</name>
      </trkpt>
      <trkpt lat="50.8476890" lon="-1.7906730">
        <name>Southampton Road</name>
      </trkpt>
      <trkpt lat="50.8476310" lon="-1.7906930">
        <name>Southampton Road</name>
      </trkpt>
      <trkpt lat="50.8475900" lon="-1.7907010">
        <name>Southampton Road</name>
      </trkpt>
      <trkpt lat="50.8475570" lon="-1.7907070">
        <name>Southampton Road</name>
      </trkpt>
      <trkpt lat="50.8475190" lon="-1.7907140">
        <name>Southampton Road</name>
      </trkpt>
      <trkpt lat="50.8474840" lon="-1.7906950">
        <name>Southampton Road</name>
      </trkpt>
      <trkpt lat="50.8474235" lon="-1.7906580">
        <name>Southampton Road</name>
      </trkpt>
      <trkpt lat="50.8473630" lon="-1.7906210">
        <name>Southampton Road</name>
      </trkpt>
      <trkpt lat="50.8472917" lon="-1.7905640">
        <name>Southampton Road</name>
      </trkpt>
      <trkpt lat="50.8472203" lon="-1.7905070">
        <name>Southampton Road</name>
      </trkpt>
      <trkpt lat="50.8471490" lon="-1.7904500">
        <name>Southampton Road</name>
      </trkpt>
      <trkpt lat="50.8471005" lon="-1.7904035">
        <name>Southampton Road</name>
      </trkpt>
      <trkpt lat="50.8470520" lon="-1.7903570">
        <name>Southampton Road</name>
      </trkpt>
      <trkpt lat="50.8469850" lon="-1.7902660">
        <name>Southampton Road</name>
      </trkpt>
      <trkpt lat="50.8469460" lon="-1.7902065">
        <name>Southampton Road</name>
      </trkpt>
      <trkpt lat="50.8469070" lon="-1.7901470">
        <name>Southampton Road</name>
      </trkpt>
      <trkpt lat="50.8468630" lon="-1.7900565">
        <name>Southampton Road</name>
      </trkpt>
      <trkpt lat="50.8468190" lon="-1.7899660">
        <name>Southampton Road</name>
      </trkpt>
      <trkpt lat="50.8467917" lon="-1.7898697">
        <name>Southampton Road</name>
      </trkpt>
      <trkpt lat="50.8467643" lon="-1.7897733">
        <name>Southampton Road</name>
      </trkpt>
      <trkpt lat="50.8467370" lon="-1.7896770">
        <name>Southampton Road</name>
      </trkpt>
      <trkpt lat="50.8467170" lon="-1.7895385">
        <name>Southampton Road</name>
      </trkpt>
      <trkpt lat="50.8466970" lon="-1.7894000">
        <name>Southampton Road</name>
      </trkpt>
      <trkpt lat="50.8466770" lon="-1.7892630">
        <name>Southampton Road</name>
      </trkpt>
      <trkpt lat="50.8466670" lon="-1.7891345">
        <name>Southampton Road</name>
      </trkpt>
      <trkpt lat="50.8466570" lon="-1.7890060">
        <name>Southampton Road</name>
      </trkpt>
      <trkpt lat="50.8466460" lon="-1.7889065">
        <name>Southampton Road</name>
      </trkpt>
      <trkpt lat="50.8466350" lon="-1.7888070">
        <name>Southampton Road</name>
      </trkpt>
      <trkpt lat="50.8466170" lon="-1.7887000">
        <name>Southampton Road</name>
      </trkpt>
      <trkpt lat="50.8465990" lon="-1.7885930">
        <name>Southampton Road</name>
      </trkpt>
      <trkpt lat="50.8465835" lon="-1.7885250">
        <name>Southampton Road</name>
      </trkpt>
      <trkpt lat="50.8465680" lon="-1.7884570">
        <name>Southampton Road</name>
      </trkpt>
      <trkpt lat="50.8465395" lon="-1.7883855">
        <name>Southampton Road</name>
      </trkpt>
      <trkpt lat="50.8465110" lon="-1.7883140">
        <name>Southampton Road</name>
      </trkpt>
      <trkpt lat="50.8464730" lon="-1.7882415">
        <name>Southampton Road</name>
      </trkpt>
      <trkpt lat="50.8464350" lon="-1.7881690">
        <name>Southampton Road</name>
      </trkpt>
      <trkpt lat="50.8463885" lon="-1.7881030">
        <name>Southampton Road</name>
      </trkpt>
      <trkpt lat="50.8463420" lon="-1.7880370">
        <name>Southampton Road</name>
      </trkpt>
      <trkpt lat="50.8462700" lon="-1.7879610">
        <name>Southampton Road</name>
      </trkpt>
      <trkpt lat="50.8461970" lon="-1.7879080">
        <name>Southampton Road</name>
      </trkpt>
      <trkpt lat="50.8461470" lon="-1.7878755">
        <name>Southampton Road</name>
      </trkpt>
      <trkpt lat="50.8460970" lon="-1.7878430">
        <name>Southampton Road</name>
      </trkpt>
      <trkpt lat="50.8460215" lon="-1.7878190">
        <name>Southampton Road</name>
      </trkpt>
      <trkpt lat="50.8459460" lon="-1.7877950">
        <name>Southampton Road</name>
      </trkpt>
      <trkpt lat="50.8458900" lon="-1.7877930">
        <name>Southampton Road</name>
      </trkpt>
      <trkpt lat="50.8458370" lon="-1.7877975">
        <name>Southampton Road</name>
      </trkpt>
      <trkpt lat="50.8457840" lon="-1.7878020">
        <name>Southampton Road</name>
      </trkpt>
      <trkpt lat="50.8457540" lon="-1.7878050">
        <name>Southampton Road</name>
      </trkpt>
      <trkpt lat="50.8457220" lon="-1.7878120">
        <name>Southampton Road</name>
      </trkpt>
      <trkpt lat="50.8456745" lon="-1.7878220">
        <name>Southampton Road</name>
      </trkpt>
      <trkpt lat="50.8456270" lon="-1.7878320">
        <name>Southampton Road</name>
      </trkpt>
      <trkpt lat="50.8456190" lon="-1.7878330">
        <name>Southampton Road</name>
      </trkpt>
      <trkpt lat="50.8455420" lon="-1.7878630">
        <name>Southampton Road</name>
      </trkpt>
      <trkpt lat="50.8454985" lon="-1.7878895">
        <name>Southampton Road</name>
      </trkpt>
      <trkpt lat="50.8454550" lon="-1.7879160">
        <name>Southampton Road</name>
      </trkpt>
      <trkpt lat="50.8454010" lon="-1.7879690">
        <name>Southampton Road</name>
      </trkpt>
      <trkpt lat="50.8453470" lon="-1.7880220">
        <name>Southampton Road</name>
      </trkpt>
      <trkpt lat="50.8453340" lon="-1.7880340">
        <name>Southampton Road</name>
      </trkpt>
      <trkpt lat="50.8452830" lon="-1.7881035">
        <name>Southampton Road</name>
      </trkpt>
      <trkpt lat="50.8452320" lon="-1.7881730">
        <name>Southampton Road</name>
      </trkpt>
      <trkpt lat="50.8451730" lon="-1.7882647">
        <name>Southampton Road</name>
      </trkpt>
      <trkpt lat="50.8451140" lon="-1.7883563">
        <name>Southampton Road</name>
      </trkpt>
      <trkpt lat="50.8450550" lon="-1.7884480">
        <name>Southampton Road</name>
      </trkpt>
      <trkpt lat="50.8450010" lon="-1.7885090">
        <name>Southampton Road</name>
      </trkpt>
      <trkpt lat="50.8449640" lon="-1.7885520">
        <name>Southampton Road</name>
      </trkpt>
      <trkpt lat="50.8448770" lon="-1.7885570">
        <name>Southampton Road</name>
      </trkpt>
      <trkpt lat="50.8448250" lon="-1.7885490">
        <name>Southampton Road</name>
      </trkpt>
      <trkpt lat="50.8448010" lon="-1.7885460">
        <name>Southampton Road</name>
      </trkpt>
      <trkpt lat="50.8447670" lon="-1.7885300">
        <name>Southampton Road</name>
      </trkpt>
      <trkpt lat="50.8447040" lon="-1.7885010">
        <name>Southampton Road</name>
      </trkpt>
      <trkpt lat="50.8446365" lon="-1.7884530">
        <name>Southampton Road</name>
      </trkpt>
      <trkpt lat="50.8445690" lon="-1.7884050">
        <name>Southampton Road</name>
      </trkpt>
      <trkpt lat="50.8445150" lon="-1.7883890">
        <name>Southampton Road</name>
      </trkpt>
      <trkpt lat="50.8444330" lon="-1.7883640">
        <name>Southampton Road</name>
      </trkpt>
      <trkpt lat="50.8443727" lon="-1.7883540">
        <name>Southampton Road</name>
      </trkpt>
      <trkpt lat="50.8443123" lon="-1.7883440">
        <name>Southampton Road</name>
      </trkpt>
      <trkpt lat="50.8442520" lon="-1.7883340">
        <name>Southampton Road</name>
      </trkpt>
      <trkpt lat="50.8442020" lon="-1.7883230">
        <name>Southampton Road</name>
      </trkpt>
      <trkpt lat="50.8441520" lon="-1.7883120">
        <name>Southampton Road</name>
      </trkpt>
      <trkpt lat="50.8440975" lon="-1.7882925">
        <name>Southampton Road</name>
      </trkpt>
      <trkpt lat="50.8440430" lon="-1.7882730">
        <name>Southampton Road</name>
      </trkpt>
      <trkpt lat="50.8440090" lon="-1.7882600">
        <name>Southampton Road</name>
      </trkpt>
      <trkpt lat="50.8439590" lon="-1.7882240">
        <name>Southampton Road</name>
      </trkpt>
      <trkpt lat="50.8439090" lon="-1.7881880">
        <name>Southampton Road</name>
      </trkpt>
      <trkpt lat="50.8438665" lon="-1.7881500">
        <name>Southampton Road</name>
      </trkpt>
      <trkpt lat="50.8438240" lon="-1.7881120">
        <name>Southampton Road</name>
      </trkpt>
      <trkpt lat="50.8437795" lon="-1.7880705">
        <name>Southampton Road</name>
      </trkpt>
      <trkpt lat="50.8437350" lon="-1.7880290">
        <name>Southampton Road</name>
      </trkpt>
      <trkpt lat="50.8436795" lon="-1.7879695">
        <name>Southampton Road</name>
      </trkpt>
      <trkpt lat="50.8436240" lon="-1.7879100">
        <name>Southampton Road</name>
      </trkpt>
      <trkpt lat="50.8435660" lon="-1.7878480">
        <name>Southampton Road</name>
      </trkpt>
      <trkpt lat="50.8435167" lon="-1.7877923">
        <name>Southampton Road</name>
      </trkpt>
      <trkpt lat="50.8434673" lon="-1.7877367">
        <name>Southampton Road</name>
      </trkpt>
      <trkpt lat="50.8434180" lon="-1.7876810">
        <name>Southampton Road</name>
      </trkpt>
      <trkpt lat="50.8433750" lon="-1.7876260">
        <name>Southampton Road</name>
      </trkpt>
      <trkpt lat="50.8433320" lon="-1.7875710">
        <name>Southampton Road</name>
      </trkpt>
      <trkpt lat="50.8432770" lon="-1.7875000">
        <name>Mansfield Road</name>
      </trkpt>
      <trkpt lat="50.8432220" lon="-1.7874290">
        <name>Mansfield Road</name>
      </trkpt>
      <trkpt lat="50.8431670" lon="-1.7873580">
        <name>Mansfield Road</name>
      </trkpt>
      <trkpt lat="50.8431120" lon="-1.7872870">
        <name>Mansfield Road</name>
      </trkpt>
      <trkpt lat="50.8431010" lon="-1.7872720">
        <name>Mansfield Road</name>
      </trkpt>
      <trkpt lat="50.8430390" lon="-1.7872160">
        <name>Mansfield Road</name>
      </trkpt>
      <trkpt lat="50.8429810" lon="-1.7871770">
        <name>Mansfield Road</name>
      </trkpt>
      <trkpt lat="50.8429330" lon="-1.7871520">
        <name>Mansfield Road</name>
      </trkpt>
      <trkpt lat="50.8428930" lon="-1.7871250">
        <name>Mansfield Road</name>
      </trkpt>
      <trkpt lat="50.8428610" lon="-1.7871210">
        <name>Mansfield Road</name>
      </trkpt>
      <trkpt lat="50.8428090" lon="-1.7871330">
        <name>Mansfield Road</name>
      </trkpt>
      <trkpt lat="50.8427360" lon="-1.7871710">
        <name>Mansfield Road</name>
      </trkpt>
      <trkpt lat="50.8426845" lon="-1.7870810">
        <name>Mansfield Road</name>
      </trkpt>
      <trkpt lat="50.8426330" lon="-1.7869910">
        <name>Mansfield Road</name>
      </trkpt>
      <trkpt lat="50.8426120" lon="-1.7869490">
        <name>Mansfield Road</name>
      </trkpt>
      <trkpt lat="50.8425770" lon="-1.7868800">
        <name>Mansfield Road</name>
      </trkpt>
      <trkpt lat="50.8425345" lon="-1.7867955">
        <name>Mansfield Road</name>
      </trkpt>
      <trkpt lat="50.8424920" lon="-1.7867110">
        <name>Mansfield Road</name>
      </trkpt>
      <trkpt lat="50.8424523" lon="-1.7866150">
        <name>Mansfield Road</name>
      </trkpt>
      <trkpt lat="50.8424125" lon="-1.7865190">
        <name>Mansfield Road</name>
      </trkpt>
      <trkpt lat="50.8423728" lon="-1.7864230">
        <name>Mansfield Road</name>
      </trkpt>
      <trkpt lat="50.8423330" lon="-1.7863270">
        <name>Mansfield Road</name>
      </trkpt>
      <trkpt lat="50.8423015" lon="-1.7862415">
        <name>Mansfield Road</name>
      </trkpt>
      <trkpt lat="50.8422700" lon="-1.7861560">
        <name>Mansfield Road</name>
      </trkpt>
      <trkpt lat="50.8422550" lon="-1.7860680">
        <name>Mansfield Road</name>
      </trkpt>
      <trkpt lat="50.8422500" lon="-1.7859730">
        <name>Mansfield Road</name>
      </trkpt>
      <trkpt lat="50.8422570" lon="-1.7858860">
        <name>Mansfield Road</name>
      </trkpt>
      <trkpt lat="50.8422640" lon="-1.7857990">
        <name>Mansfield Road</name>
      </trkpt>
      <trkpt lat="50.8422910" lon="-1.7856830">
        <name>Mansfield Road</name>
      </trkpt>
      <trkpt lat="50.8423070" lon="-1.7856470">
        <name>Mansfield Road</name>
      </trkpt>
      <trkpt lat="50.8423390" lon="-1.7855750">
        <name>Mansfield Road</name>
      </trkpt>
      <trkpt lat="50.8423920" lon="-1.7854700">
        <name>Mansfield Road</name>
      </trkpt>
      <trkpt lat="50.8424275" lon="-1.7854240">
        <name>Mansfield Road</name>
      </trkpt>
      <trkpt lat="50.8424630" lon="-1.7853780">
        <name>Mansfield Road</name>
      </trkpt>
      <trkpt lat="50.8425230" lon="-1.7853185">
        <name>Mansfield Road</name>
      </trkpt>
      <trkpt lat="50.8425830" lon="-1.7852590">
        <name>Mansfield Road</name>
      </trkpt>
      <trkpt lat="50.8426500" lon="-1.7852195">
        <name>Mansfield Road</name>
      </trkpt>
      <trkpt lat="50.8427170" lon="-1.7851800">
        <name>Mansfield Road</name>
      </trkpt>
      <trkpt lat="50.8427810" lon="-1.7851495">
        <name>Mansfield Road</name>
      </trkpt>
      <trkpt lat="50.8428450" lon="-1.7851190">
        <name>Mansfield Road</name>
      </trkpt>
      <trkpt lat="50.8429055" lon="-1.7850680">
        <name>Mansfield Road</name>
      </trkpt>
      <trkpt lat="50.8429660" lon="-1.7850170">
        <name>Mansfield Road</name>
      </trkpt>
      <trkpt lat="50.8430250" lon="-1.7849650">
        <name>Mansfield Road</name>
      </trkpt>
      <trkpt lat="50.8430840" lon="-1.7849130">
        <name>Mansfield Road</name>
      </trkpt>
      <trkpt lat="50.8431255" lon="-1.7848000">
        <name>Mansfield Road</name>
      </trkpt>
      <trkpt lat="50.8431670" lon="-1.7846870">
        <name>Mansfield Road</name>
      </trkpt>
      <trkpt lat="50.8431910" lon="-1.7846030">
        <name>Mansfield Road</name>
      </trkpt>
      <trkpt lat="50.8432150" lon="-1.7845190">
        <name>Mansfield Road</name>
      </trkpt>
      <trkpt lat="50.8432730" lon="-1.7845583">
        <name>Mansfield Road</name>
      </trkpt>
      <trkpt lat="50.8433310" lon="-1.7845977">
        <name>Mansfield Road</name>
      </trkpt>
      <trkpt lat="50.8433890" lon="-1.7846370">
        <name>Mansfield Road</name>
      </trkpt>
      <trkpt lat="50.8434630" lon="-1.7846872">
        <name>Mansfield Road</name>
      </trkpt>
      <trkpt lat="50.8435370" lon="-1.7847374">
        <name>Mansfield Road</name>
      </trkpt>
      <trkpt lat="50.8436110" lon="-1.7847876">
        <name>Mansfield Road</name>
      </trkpt>
      <trkpt lat="50.8436850" lon="-1.7848378">
        <name>Mansfield Road</name>
      </trkpt>
      <trkpt lat="50.8437590" lon="-1.7848880">
        <name>Mansfield Road</name>
      </trkpt>
      <trkpt lat="50.8438245" lon="-1.7849250">
        <name>Mansfield Road</name>
      </trkpt>
      <trkpt lat="50.8438900" lon="-1.7849620">
        <name>Mansfield Road</name>
      </trkpt>
      <trkpt lat="50.8439710" lon="-1.7849730">
        <name>Mansfield Road</name>
      </trkpt>
      <trkpt lat="50.8440570" lon="-1.7849450">
        <name>Mansfield Road</name>
      </trkpt>
      <trkpt lat="50.8441280" lon="-1.7849100">
        <name>Mansfield Road</name>
      </trkpt>
      <trkpt lat="50.8441840" lon="-1.7848620">
        <name>Mansfield Road</name>
      </trkpt>
      <trkpt lat="50.8442400" lon="-1.7848140">
        <name>Mansfield Road</name>
      </trkpt>
      <trkpt lat="50.8443080" lon="-1.7847255">
        <name>Mansfield Road</name>
      </trkpt>
      <trkpt lat="50.8443760" lon="-1.7846370">
        <name>Mansfield Road</name>
      </trkpt>
      <trkpt lat="50.8444230" lon="-1.7845610">
        <name>Mansfield Road</name>
      </trkpt>
      <trkpt lat="50.8444890" lon="-1.7844753">
        <name>Mansfield Road</name>
      </trkpt>
      <trkpt lat="50.8445550" lon="-1.7843897">
        <name>Mansfield Road</name>
      </trkpt>
      <trkpt lat="50.8446210" lon="-1.7843040">
        <name>Mansfield Road</name>
      </trkpt>
      <trkpt lat="50.8446870" lon="-1.7842340">
        <name>Mansfield Road</name>
      </trkpt>
      <trkpt lat="50.8447285" lon="-1.7841900">
        <name>Mansfield Road</name>
      </trkpt>
      <trkpt lat="50.8447700" lon="-1.7841460">
        <name>Mansfield Road</name>
      </trkpt>
      <trkpt lat="50.8448300" lon="-1.7840863">
        <name>Mansfield Road</name>
      </trkpt>
      <trkpt lat="50.8448900" lon="-1.7840267">
        <name>Mansfield Road</name>
      </trkpt>
      <trkpt lat="50.8449500" lon="-1.7839670">
        <name>Mansfield Road</name>
      </trkpt>
      <trkpt lat="50.8450155" lon="-1.7838980">
        <name>Mansfield Road</name>
      </trkpt>
      <trkpt lat="50.8450810" lon="-1.7838290">
        <name>Mansfield Road</name>
      </trkpt>
      <trkpt lat="50.8451430" lon="-1.7837710">
        <name>Mansfield Road</name>
      </trkpt>
      <trkpt lat="50.8451965" lon="-1.7837320">
        <name>Mansfield Road</name>
      </trkpt>
      <trkpt lat="50.8452500" lon="-1.7836930">
        <name>Mansfield Road</name>
      </trkpt>
      <trkpt lat="50.8453270" lon="-1.7836443">
        <name>Mansfield Road</name>
      </trkpt>
      <trkpt lat="50.8454040" lon="-1.7835955">
        <name>Mansfield Road</name>
      </trkpt>
      <trkpt lat="50.8454810" lon="-1.7835467">
        <name>Mansfield Road</name>
      </trkpt>
      <trkpt lat="50.8455580" lon="-1.7834980">
        <name>Mansfield Road</name>
      </trkpt>
      <trkpt lat="50.8456404" lon="-1.7834593">
        <name>Mansfield Road</name>
      </trkpt>
      <trkpt lat="50.8457229" lon="-1.7834206">
        <name>Mansfield Road</name>
      </trkpt>
      <trkpt lat="50.8458053" lon="-1.7833819">
        <name>Mansfield Road</name>
      </trkpt>
      <trkpt lat="50.8458877" lon="-1.7833431">
        <name>Mansfield Road</name>
      </trkpt>
      <trkpt lat="50.8459701" lon="-1.7833044">
        <name>Mansfield Road</name>
      </trkpt>
      <trkpt lat="50.8460526" lon="-1.7832657">
        <name>Mansfield Road</name>
      </trkpt>
      <trkpt lat="50.8461350" lon="-1.7832270">
        <name>Mansfield Road</name>
      </trkpt>
      <trkpt lat="50.8461560" lon="-1.7832160">
        <name>Mansfield Road</name>
      </trkpt>
      <trkpt lat="50.8462290" lon="-1.7831774">
        <name>Mansfield Road</name>
      </trkpt>
      <trkpt lat="50.8463020" lon="-1.7831388">
        <name>Mansfield Road</name>
      </trkpt>
      <trkpt lat="50.8463750" lon="-1.7831002">
        <name>Mansfield Road</name>
      </trkpt>
      <trkpt lat="50.8464480" lon="-1.7830616">
        <name>Mansfield Road</name>
      </trkpt>
      <trkpt lat="50.8465210" lon="-1.7830230">
        <name>Mansfield Road</name>
      </trkpt>
      <trkpt lat="50.8465810" lon="-1.7829620">
        <name>Mansfield Road</name>
      </trkpt>
      <trkpt lat="50.8466030" lon="-1.7829060">
        <name>Mansfield Road</name>
      </trkpt>
      <trkpt lat="50.8466220" lon="-1.7828420">
        <name>Mansfield Road</name>
      </trkpt>
      <trkpt lat="50.8466240" lon="-1.7828010">
        <name>Mansfield Road</name>
      </trkpt>
      <trkpt lat="50.8466313" lon="-1.7826870">
        <name>Mansfield Road</name>
      </trkpt>
      <trkpt lat="50.8466385" lon="-1.7825730">
        <name>Mansfield Road</name>
      </trkpt>
      <trkpt lat="50.8466458" lon="-1.7824590">
        <name>Mansfield Road</name>
      </trkpt>
      <trkpt lat="50.8466530" lon="-1.7823450">
        <name>Mansfield Road</name>
      </trkpt>
      <trkpt lat="50.8466610" lon="-1.7822110">
        <name>Mansfield Road</name>
      </trkpt>
      <trkpt lat="50.8466680" lon="-1.7820947">
        <name>Mansfield Road</name>
      </trkpt>
      <trkpt lat="50.8466750" lon="-1.7819783">
        <name>Mansfield Road</name>
      </trkpt>
      <trkpt lat="50.8466820" lon="-1.7818620">
        <name>Mansfield Road</name>
      </trkpt>
      <trkpt lat="50.8466903" lon="-1.7817540">
        <name>Mansfield Road</name>
      </trkpt>
      <trkpt lat="50.8466987" lon="-1.7816460">
        <name>Mansfield Road</name>
      </trkpt>
      <trkpt lat="50.8467070" lon="-1.7815380">
        <name>Mansfield Road</name>
      </trkpt>
      <trkpt lat="50.8467206" lon="-1.7814040">
        <name>Mansfield Road</name>
      </trkpt>
      <trkpt lat="50.8467342" lon="-1.7812700">
        <name>Mansfield Road</name>
      </trkpt>
      <trkpt lat="50.8467478" lon="-1.7811360">
        <name>Mansfield Road</name>
      </trkpt>
      <trkpt lat="50.8467614" lon="-1.7810020">
        <name>Mansfield Road</name>
      </trkpt>
      <trkpt lat="50.8467750" lon="-1.7808680">
        <name>Mansfield Road</name>
      </trkpt>
      <trkpt lat="50.8467870" lon="-1.7807667">
        <name>Mansfield Road</name>
      </trkpt>
      <trkpt lat="50.8467990" lon="-1.7806653">
        <name>Mansfield Road</name>
      </trkpt>
      <trkpt lat="50.8468110" lon="-1.7805640">
        <name>Mansfield Road</name>
      </trkpt>
      <trkpt lat="50.8468490" lon="-1.7805000">
        <name>Mansfield Road</name>
      </trkpt>
      <trkpt lat="50.8468270" lon="-1.7804400">
        <name>Mansfield Road</name>
      </trkpt>
      <trkpt lat="50.8468240" lon="-1.7803880">
        <name>Mansfield Road</name>
      </trkpt>
      <trkpt lat="50.8468300" lon="-1.7803000">
        <name>Mansfield Road</name>
      </trkpt>
      <trkpt lat="50.8468360" lon="-1.7802120">
        <name>Mansfield Road</name>
      </trkpt>
      <trkpt lat="50.8468223" lon="-1.7801157">
        <name>Mansfield Road</name>
      </trkpt>
      <trkpt lat="50.8468087" lon="-1.7800193">
        <name>Mansfield Road</name>
      </trkpt>
      <trkpt lat="50.8467950" lon="-1.7799230">
        <name>Mansfield Road</name>
      </trkpt>
      <trkpt lat="50.8467950" lon="-1.7798580">
        <name>Mansfield Road</name>
      </trkpt>
      <trkpt lat="50.8468084" lon="-1.7797380">
        <name>Mansfield Road</name>
      </trkpt>
      <trkpt lat="50.8468218" lon="-1.7796180">
        <name>Mansfield Road</name>
      </trkpt>
      <trkpt lat="50.8468352" lon="-1.7794980">
        <name>Mansfield Road</name>
      </trkpt>
      <trkpt lat="50.8468486" lon="-1.7793780">
        <name>Mansfield Road</name>
      </trkpt>
      <trkpt lat="50.8468620" lon="-1.7792580">
        <name>Mansfield Road</name>
      </trkpt>
      <trkpt lat="50.8467940" lon="-1.7792383">
        <name>Christchurch Road</name>
      </trkpt>
      <trkpt lat="50.8467260" lon="-1.7792187">
        <name>Christchurch Road</name>
      </trkpt>
      <trkpt lat="50.8466580" lon="-1.7791990">
        <name>Christchurch Road</name>
      </trkpt>
      <trkpt lat="50.8466647" lon="-1.7791033">
        <name>Christchurch Road</name>
      </trkpt>
      <trkpt lat="50.8466713" lon="-1.7790077">
        <name>Christchurch Road</name>
      </trkpt>
      <trkpt lat="50.8466780" lon="-1.7789120">
        <name>Christchurch Road</name>
      </trkpt>
      <trkpt lat="50.8466840" lon="-1.7788180">
        <name>Christchurch Road</name>
      </trkpt>
      <trkpt lat="50.8466895" lon="-1.7787023">
        <name>Christchurch Road</name>
      </trkpt>
      <trkpt lat="50.8466950" lon="-1.7785865">
        <name>Christchurch Road</name>
      </trkpt>
      <trkpt lat="50.8467005" lon="-1.7784707">
        <name>Christchurch Road</name>
      </trkpt>
      <trkpt lat="50.8467060" lon="-1.7783550">
        <name>Christchurch Road</name>
      </trkpt>
      <trkpt lat="50.8467090" lon="-1.7782960">
        <name>Christchurch Road</name>
      </trkpt>
      <trkpt lat="50.8467160" lon="-1.7781630">
        <name>Christchurch Road</name>
      </trkpt>
      <trkpt lat="50.8467230" lon="-1.7780300">
        <name>Christchurch Road</name>
      </trkpt>
      <trkpt lat="50.8467260" lon="-1.7779870">
        <name>Christchurch Road</name>
      </trkpt>
      <trkpt lat="50.8467310" lon="-1.7778650">
        <name>Christchurch Road</name>
      </trkpt>
      <trkpt lat="50.8467350" lon="-1.7777660">
        <name>Christchurch Road</name>
      </trkpt>
      <trkpt lat="50.8467390" lon="-1.7776670">
        <name>Christchurch Road</name>
      </trkpt>
      <trkpt lat="50.8467445" lon="-1.7775385">
        <name>Christchurch Road</name>
      </trkpt>
      <trkpt lat="50.8467500" lon="-1.7774100">
        <name>Christchurch Road</name>
      </trkpt>
      <trkpt lat="50.8467530" lon="-1.7773650">
        <name>Christchurch Road</name>
      </trkpt>
      <trkpt lat="50.8467580" lon="-1.7772583">
        <name>Christchurch Road</name>
      </trkpt>
      <trkpt lat="50.8467630" lon="-1.7771517">
        <name>Christchurch Road</name>
      </trkpt>
      <trkpt lat="50.8467680" lon="-1.7770450">
        <name>Christchurch Road</name>
      </trkpt>
      <trkpt lat="50.8467740" lon="-1.7769213">
        <name>Christchurch Road</name>
      </trkpt>
      <trkpt lat="50.8467800" lon="-1.7767975">
        <name>Christchurch Road</name>
      </trkpt>
      <trkpt lat="50.8467860" lon="-1.7766738">
        <name>Christchurch Road</name>
      </trkpt>
      <trkpt lat="50.8467920" lon="-1.7765500">
        <name>Christchurch Road</name>
      </trkpt>
      <trkpt lat="50.8467960" lon="-1.7764560">
        <name>Christchurch Road</name>
      </trkpt>
      <trkpt lat="50.8468000" lon="-1.7763620">
        <name>Christchurch Road</name>
      </trkpt>
      <trkpt lat="50.8468055" lon="-1.7762425">
        <name>Christchurch Road</name>
      </trkpt>
      <trkpt lat="50.8468110" lon="-1.7761230">
        <name>Christchurch Road</name>
      </trkpt>
      <trkpt lat="50.8468140" lon="-1.7760300">
        <name>Christchurch Road</name>
      </trkpt>
      <trkpt lat="50.8468200" lon="-1.7759103">
        <name>Christchurch Road</name>
      </trkpt>
      <trkpt lat="50.8468260" lon="-1.7757907">
        <name>Christchurch Road</name>
      </trkpt>
      <trkpt lat="50.8468320" lon="-1.7756710">
        <name>Christchurch Road</name>
      </trkpt>
      <trkpt lat="50.8468400" lon="-1.7755467">
        <name>Christchurch Road</name>
      </trkpt>
      <trkpt lat="50.8468480" lon="-1.7754225">
        <name>Christchurch Road</name>
      </trkpt>
      <trkpt lat="50.8468560" lon="-1.7752983">
        <name>Christchurch Road</name>
      </trkpt>
      <trkpt lat="50.8468640" lon="-1.7751740">
        <name>Christchurch Road</name>
      </trkpt>
      <trkpt lat="50.8468703" lon="-1.7750747">
        <name>Christchurch Road</name>
      </trkpt>
      <trkpt lat="50.8468767" lon="-1.7749753">
        <name>Christchurch Road</name>
      </trkpt>
      <trkpt lat="50.8468830" lon="-1.7748760">
        <name>Christchurch Road</name>
      </trkpt>
      <trkpt lat="50.8468895" lon="-1.7747785">
        <name>Christchurch Road</name>
      </trkpt>
      <trkpt lat="50.8468960" lon="-1.7746810">
        <name>Christchurch Road</name>
      </trkpt>
      <trkpt lat="50.8468990" lon="-1.7746280">
        <name>Christchurch Road</name>
      </trkpt>
      <trkpt lat="50.8469065" lon="-1.7745050">
        <name>Christchurch Road</name>
      </trkpt>
      <trkpt lat="50.8469140" lon="-1.7743820">
        <name>Christchurch Road</name>
      </trkpt>
      <trkpt lat="50.8469200" lon="-1.7742865">
        <name>Christchurch Road</name>
      </trkpt>
      <trkpt lat="50.8469260" lon="-1.7741910">
        <name>Christchurch Road</name>
      </trkpt>
      <trkpt lat="50.8469310" lon="-1.7741080">
        <name>Christchurch Road</name>
      </trkpt>
      <trkpt lat="50.8469360" lon="-1.7740250">
        <name>Christchurch Road</name>
      </trkpt>
      <trkpt lat="50.8469400" lon="-1.7739455">
        <name>Christchurch Road</name>
      </trkpt>
      <trkpt lat="50.8469440" lon="-1.7738660">
        <name>Christchurch Road</name>
      </trkpt>
      <trkpt lat="50.8469500" lon="-1.7737765">
        <name>Christchurch Road</name>
      </trkpt>
      <trkpt lat="50.8469560" lon="-1.7736870">
        <name>Christchurch Road</name>
      </trkpt>
      <trkpt lat="50.8469610" lon="-1.7735960">
        <name>Christchurch Road</name>
      </trkpt>
      <trkpt lat="50.8469670" lon="-1.7735080">
        <name>Christchurch Road</name>
      </trkpt>
      <trkpt lat="50.8469730" lon="-1.7734200">
        <name>Christchurch Road</name>
      </trkpt>
      <trkpt lat="50.8469825" lon="-1.7732950">
        <name>Christchurch Road</name>
      </trkpt>
      <trkpt lat="50.8469920" lon="-1.7731700">
        <name>Christchurch Road</name>
      </trkpt>
      <trkpt lat="50.8470007" lon="-1.7730463">
        <name>Christchurch Road</name>
      </trkpt>
      <trkpt lat="50.8470093" lon="-1.7729227">
        <name>Christchurch Road</name>
      </trkpt>
      <trkpt lat="50.8470180" lon="-1.7727990">
        <name>Christchurch Road</name>
      </trkpt>
      <trkpt lat="50.8470230" lon="-1.7727360">
        <name>Christchurch Road</name>
      </trkpt>
      <trkpt lat="50.8470290" lon="-1.7726400">
        <name>Christchurch Road</name>
      </trkpt>
      <trkpt lat="50.8470350" lon="-1.7725440">
        <name>Christchurch Road</name>
      </trkpt>
      <trkpt lat="50.8470420" lon="-1.7724230">
        <name>Christchurch Road</name>
      </trkpt>
      <trkpt lat="50.8470490" lon="-1.7723020">
        <name>Christchurch Road</name>
      </trkpt>
      <trkpt lat="50.8470480" lon="-1.7722215">
        <name>Christchurch Road</name>
      </trkpt>
      <trkpt lat="50.8470470" lon="-1.7721410">
        <name>Christchurch Road</name>
      </trkpt>
      <trkpt lat="50.8470260" lon="-1.7721460">
        <name>Christchurch Road</name>
      </trkpt>
      <trkpt lat="50.8469610" lon="-1.7721580">
        <name>Christchurch Road</name>
      </trkpt>
      <trkpt lat="50.8468980" lon="-1.7721700">
        <name>Christchurch Road</name>
      </trkpt>
      <trkpt lat="50.8468280" lon="-1.7721820">
        <name>Christchurch Road</name>
      </trkpt>
      <trkpt lat="50.8467695" lon="-1.7721925">
        <name>Hightown Road</name>
      </trkpt>
      <trkpt lat="50.8467110" lon="-1.7722030">
        <name>Hightown Road</name>
      </trkpt>
      <trkpt lat="50.8466380" lon="-1.7722150">
        <name>Hightown Road</name>
      </trkpt>
      <trkpt lat="50.8465747" lon="-1.7722200">
        <name>Hightown Road</name>
      </trkpt>
      <trkpt lat="50.8465113" lon="-1.7722250">
        <name>Hightown Road</name>
      </trkpt>
      <trkpt lat="50.8464480" lon="-1.7722300">
        <name>Hightown Road</name>
      </trkpt>
      <trkpt lat="50.8463980" lon="-1.7722320">
        <name>Hightown Road</name>
      </trkpt>
      <trkpt lat="50.8463480" lon="-1.7722340">
        <name>Hightown Road</name>
      </trkpt>
      <trkpt lat="50.8463050" lon="-1.7722330">
        <name>Hightown Road</name>
      </trkpt>
      <trkpt lat="50.8462380" lon="-1.7722290">
        <name>Hightown Road</name>
      </trkpt>
      <trkpt lat="50.8461670" lon="-1.7722210">
        <name>Hightown Road</name>
      </trkpt>
      <trkpt lat="50.8461100" lon="-1.7722080">
        <name>Hightown Road</name>
      </trkpt>
      <trkpt lat="50.8460500" lon="-1.7721830">
        <name>Hightown Road</name>
      </trkpt>
      <trkpt lat="50.8459775" lon="-1.7721485">
        <name>Hightown Road</name>
      </trkpt>
      <trkpt lat="50.8459050" lon="-1.7721140">
        <name>Hightown Road</name>
      </trkpt>
      <trkpt lat="50.8458605" lon="-1.7720930">
        <name>Hightown Road</name>
      </trkpt>
      <trkpt lat="50.8458160" lon="-1.7720720">
        <name>Hightown Road</name>
      </trkpt>
      <trkpt lat="50.8457380" lon="-1.7720350">
        <name>Hightown Road</name>
      </trkpt>
      <trkpt lat="50.8457050" lon="-1.7720200">
        <name>Hightown Road</name>
      </trkpt>
      <trkpt lat="50.8456260" lon="-1.7719930">
        <name>Hightown Road</name>
      </trkpt>
      <trkpt lat="50.8455470" lon="-1.7719740">
        <name>Hightown Road</name>
      </trkpt>
      <trkpt lat="50.8454670" lon="-1.7719640">
        <name>Hightown Road</name>
      </trkpt>
      <trkpt lat="50.8453862" lon="-1.7719670">
        <name>Hightown Road</name>
      </trkpt>
      <trkpt lat="50.8453054" lon="-1.7719700">
        <name>Hightown Road</name>
      </trkpt>
      <trkpt lat="50.8452247" lon="-1.7719730">
        <name>Hightown Road</name>
      </trkpt>
      <trkpt lat="50.8451439" lon="-1.7719760">
        <name>Hightown Road</name>
      </trkpt>
      <trkpt lat="50.8450631" lon="-1.7719790">
        <name>Hightown Road</name>
      </trkpt>
      <trkpt lat="50.8449823" lon="-1.7719820">
        <name>Hightown Road</name>
      </trkpt>
      <trkpt lat="50.8449016" lon="-1.7719850">
        <name>Hightown Road</name>
      </trkpt>
      <trkpt lat="50.8448208" lon="-1.7719880">
        <name>Hightown Road</name>
      </trkpt>
      <trkpt lat="50.8447400" lon="-1.7719910">
        <name>Hightown Road</name>
      </trkpt>
      <trkpt lat="50.8446763" lon="-1.7719933">
        <name>Hightown Road</name>
      </trkpt>
      <trkpt lat="50.8446127" lon="-1.7719957">
        <name>Hightown Road</name>
      </trkpt>
      <trkpt lat="50.8445490" lon="-1.7719980">
        <name>Hightown Road</name>
      </trkpt>
      <trkpt lat="50.8444606" lon="-1.7720042">
        <name>Hightown Road</name>
      </trkpt>
      <trkpt lat="50.8443722" lon="-1.7720104">
        <name>Hightown Road</name>
      </trkpt>
      <trkpt lat="50.8442838" lon="-1.7720166">
        <name>Hightown Road</name>
      </trkpt>
      <trkpt lat="50.8441954" lon="-1.7720228">
        <name>Hightown Road</name>
      </trkpt>
      <trkpt lat="50.8441070" lon="-1.7720290">
        <name>Hightown Road</name>
      </trkpt>
      <trkpt lat="50.8440760" lon="-1.7720230">
        <name>Hightown Road</name>
      </trkpt>
      <trkpt lat="50.8440020" lon="-1.7720070">
        <name>Hightown Road</name>
      </trkpt>
      <trkpt lat="50.8439875" lon="-1.7721405">
        <name>Hightown Road</name>
      </trkpt>
      <trkpt lat="50.8439730" lon="-1.7722740">
        <name>Hightown Road</name>
      </trkpt>
      <trkpt lat="50.8439592" lon="-1.7724017">
        <name>Hightown Road</name>
      </trkpt>
      <trkpt lat="50.8439454" lon="-1.7725294">
        <name>Hightown Road</name>
      </trkpt>
      <trkpt lat="50.8439316" lon="-1.7726571">
        <name>Hightown Road</name>
      </trkpt>
      <trkpt lat="50.8439178" lon="-1.7727848">
        <name>Hightown Road</name>
      </trkpt>
      <trkpt lat="50.8439040" lon="-1.7729125">
        <name>Hightown Road</name>
      </trkpt>
      <trkpt lat="50.8438902" lon="-1.7730402">
        <name>Hightown Road</name>
      </trkpt>
      <trkpt lat="50.8438764" lon="-1.7731679">
        <name>Hightown Road</name>
      </trkpt>
      <trkpt lat="50.8438626" lon="-1.7732956">
        <name>Hightown Road</name>
      </trkpt>
      <trkpt lat="50.8438488" lon="-1.7734233">
        <name>Hightown Road</name>
      </trkpt>
      <trkpt lat="50.8438350" lon="-1.7735510">
        <name>Hightown Road</name>
      </trkpt>
      <trkpt lat="50.8438240" lon="-1.7736560">
        <name>Hightown Road</name>
      </trkpt>
      <trkpt lat="50.8438200" lon="-1.7737535">
        <name>Hightown Road</name>
      </trkpt>
      <trkpt lat="50.8438160" lon="-1.7738510">
        <name>Hightown Road</name>
      </trkpt>
      <trkpt lat="50.8438115" lon="-1.7739570">
        <name>Hightown Road</name>
      </trkpt>
      <trkpt lat="50.8438070" lon="-1.7740630">
        <name>Hightown Road</name>
      </trkpt>
      <trkpt lat="50.8438020" lon="-1.7742020">
        <name>Hightown Road</name>
      </trkpt>
      <trkpt lat="50.8437990" lon="-1.7742680">
        <name>Hightown Road</name>
      </trkpt>
      <trkpt lat="50.8437940" lon="-1.7743960">
        <name>Kingsfield</name>
      </trkpt>
      <trkpt lat="50.8437900" lon="-1.7744910">
        <name>Kingsfield</name>
      </trkpt>
      <trkpt lat="50.8437870" lon="-1.7745695">
        <name>Kingsfield</name>
      </trkpt>
      <trkpt lat="50.8437840" lon="-1.7746480">
        <name>Kingsfield</name>
      </trkpt>
      <trkpt lat="50.8437093" lon="-1.7746467">
        <name>Kingsfield</name>
      </trkpt>
      <trkpt lat="50.8436347" lon="-1.7746453">
        <name>Kingsfield</name>
      </trkpt>
      <trkpt lat="50.8435600" lon="-1.7746440">
        <name>Kingsfield</name>
      </trkpt>
      <trkpt lat="50.8434830" lon="-1.7746426">
        <name>Kingsfield</name>
      </trkpt>
      <trkpt lat="50.8434060" lon="-1.7746412">
        <name>Kingsfield</name>
      </trkpt>
      <trkpt lat="50.8433290" lon="-1.7746398">
        <name>Kingsfield</name>
      </trkpt>
      <trkpt lat="50.8432520" lon="-1.7746384">
        <name>Kingsfield</name>
      </trkpt>
      <trkpt lat="50.8431750" lon="-1.7746370">
        <name>Kingsfield</name>
      </trkpt>
      <trkpt lat="50.8430890" lon="-1.7746353">
        <name>Kingsfield</name>
      </trkpt>
      <trkpt lat="50.8430030" lon="-1.7746337">
        <name>Kingsfield</name>
      </trkpt>
      <trkpt lat="50.8429170" lon="-1.7746320">
        <name>Kingsfield</name>
      </trkpt>
      <trkpt lat="50.8428620" lon="-1.7746315">
        <name>Kingsfield</name>
      </trkpt>
      <trkpt lat="50.8428070" lon="-1.7746310">
        <name>Kingsfield</name>
      </trkpt>
      <trkpt lat="50.8427460" lon="-1.7746307">
        <name>Kingsfield</name>
      </trkpt>
      <trkpt lat="50.8426850" lon="-1.7746303">
        <name>Kingsfield</name>
      </trkpt>
      <trkpt lat="50.8426240" lon="-1.7746300">
        <name>Kingsfield</name>
      </trkpt>
      <trkpt lat="50.8425990" lon="-1.7746210">
        <name>Kingsfield</name>
      </trkpt>
      <trkpt lat="50.8425860" lon="-1.7745910">
        <name>Kingsfield</name>
      </trkpt>
      <trkpt lat="50.8425740" lon="-1.7745470">
        <name>Kingsfield</name>
      </trkpt>
      <trkpt lat="50.8425740" lon="-1.7744477">
        <name>Kingsfield</name>
      </trkpt>
      <trkpt lat="50.8425740" lon="-1.7743483">
        <name>Kingsfield</name>
      </trkpt>
      <trkpt lat="50.8425740" lon="-1.7742490">
        <name>Kingsfield</name>
      </trkpt>
      <trkpt lat="50.8425733" lon="-1.7741142">
        <name>Kingsfield</name>
      </trkpt>
      <trkpt lat="50.8425727" lon="-1.7739793">
        <name>Kingsfield</name>
      </trkpt>
      <trkpt lat="50.8425720" lon="-1.7738445">
        <name>Kingsfield</name>
      </trkpt>
      <trkpt lat="50.8425713" lon="-1.7737097">
        <name>Kingsfield</name>
      </trkpt>
      <trkpt lat="50.8425707" lon="-1.7735748">
        <name>Kingsfield</name>
      </trkpt>
      <trkpt lat="50.8425700" lon="-1.7734400">
        <name>Kingsfield</name>
      </trkpt>
      <trkpt lat="50.8425677" lon="-1.7733010">
        <name>Kingsfield</name>
      </trkpt>
      <trkpt lat="50.8425653" lon="-1.7731620">
        <name>Kingsfield</name>
      </trkpt>
      <trkpt lat="50.8425630" lon="-1.7730230">
        <name>Kingsfield</name>
      </trkpt>
      <trkpt lat="50.8425657" lon="-1.7729183">
        <name>Kingsfield</name>
      </trkpt>
      <trkpt lat="50.8425683" lon="-1.7728137">
        <name>Kingsfield</name>
      </trkpt>
      <trkpt lat="50.8425710" lon="-1.7727090">
        <name>Kingsfield</name>
      </trkpt>
      <trkpt lat="50.8425800" lon="-1.7725836">
        <name>Kingsfield</name>
      </trkpt>
      <trkpt lat="50.8425890" lon="-1.7724582">
        <name>Kingsfield</name>
      </trkpt>
      <trkpt lat="50.8425980" lon="-1.7723328">
        <name>Kingsfield</name>
      </trkpt>
      <trkpt lat="50.8426070" lon="-1.7722074">
        <name>Kingsfield</name>
      </trkpt>
      <trkpt lat="50.8426160" lon="-1.7720820">
        <name>Kingsfield</name>
      </trkpt>
      <trkpt lat="50.8426255" lon="-1.7719905">
        <name>Kingsfield</name>
      </trkpt>
      <trkpt lat="50.8426350" lon="-1.7718990">
        <name>Kingsfield</name>
      </trkpt>
      <trkpt lat="50.8426495" lon="-1.7718120">
        <name>Kingsfield</name>
      </trkpt>
      <trkpt lat="50.8426640" lon="-1.7717250">
        <name>Kingsfield</name>
      </trkpt>
      <trkpt lat="50.8426828" lon="-1.7716147">
        <name>Kingsfield</name>
      </trkpt>
      <trkpt lat="50.8427015" lon="-1.7715045">
        <name>Kingsfield</name>
      </trkpt>
      <trkpt lat="50.8427202" lon="-1.7713943">
        <name>Kingsfield</name>
      </trkpt>
      <trkpt lat="50.8427390" lon="-1.7712840">
        <name>Kingsfield</name>
      </trkpt>
      <trkpt lat="50.8427580" lon="-1.7712070">
        <name>Kingsfield</name>
      </trkpt>
      <trkpt lat="50.8427770" lon="-1.7711300">
        <name>Kingsfield</name>
      </trkpt>
      <trkpt lat="50.8427940" lon="-1.7710810">
        <name>Kingsfield</name>
      </trkpt>
      <trkpt lat="50.8428250" lon="-1.7710380">
        <name>Kingsfield</name>
      </trkpt>
      <trkpt lat="50.8428780" lon="-1.7709990">
        <name>Kingsfield</name>
      </trkpt>
      <trkpt lat="50.8429455" lon="-1.7709842">
        <name>Kingsfield</name>
      </trkpt>
      <trkpt lat="50.8430130" lon="-1.7709695">
        <name>Kingsfield</name>
      </trkpt>
      <trkpt lat="50.8430805" lon="-1.7709548">
        <name>Kingsfield</name>
      </trkpt>
      <trkpt lat="50.8431480" lon="-1.7709400">
        <name>Kingsfield</name>
      </trkpt>
      <trkpt lat="50.8431284" lon="-1.7708062">
        <name>Kingsfield</name>
      </trkpt>
      <trkpt lat="50.8431088" lon="-1.7706724">
        <name>Kingsfield</name>
      </trkpt>
      <trkpt lat="50.8430892" lon="-1.7705386">
        <name>Kingsfield</name>
      </trkpt>
      <trkpt lat="50.8430696" lon="-1.7704048">
        <name>Kingsfield</name>
      </trkpt>
      <trkpt lat="50.8430500" lon="-1.7702710">
        <name>Kingsfield</name>
      </trkpt>
      <trkpt lat="50.8430312" lon="-1.7701680">
        <name>Kingsfield</name>
      </trkpt>
      <trkpt lat="50.8430125" lon="-1.7700650">
        <name>Kingsfield</name>
      </trkpt>
      <trkpt lat="50.8429938" lon="-1.7699620">
        <name>Kingsfield</name>
      </trkpt>
      <trkpt lat="50.8429750" lon="-1.7698590">
        <name>Kingsfield</name>
      </trkpt>
      <trkpt lat="50.8428940" lon="-1.7698290">
        <name>Kingsfield</name>
      </trkpt>
      <trkpt lat="50.8428060" lon="-1.7698480">
        <name>Kingsfield</name>
      </trkpt>
      <trkpt lat="50.8427570" lon="-1.7698685">
        <name>Kingsfield</name>
      </trkpt>
      <trkpt lat="50.8427080" lon="-1.7698890">
        <name>Kingsfield</name>
      </trkpt>
      <trkpt lat="50.8426850" lon="-1.7698990">
        <name>Kingsfield</name>
      </trkpt>
      <trkpt lat="50.8426303" lon="-1.7699573">
        <name>Kingsfield</name>
      </trkpt>
      <trkpt lat="50.8425757" lon="-1.7700157">
        <name>Kingsfield</name>
      </trkpt>
      <trkpt lat="50.8425210" lon="-1.7700740">
        <name>Kingsfield</name>
      </trkpt>
      <trkpt lat="50.8424570" lon="-1.7701320">
        <name>Kingsfield</name>
      </trkpt>
      <trkpt lat="50.8423930" lon="-1.7701900">
        <name>Kingsfield</name>
      </trkpt>
      <trkpt lat="50.8423290" lon="-1.7702325">
        <name>Manor Road</name>
      </trkpt>
      <trkpt lat="50.8422650" lon="-1.7702750">
        <name>Manor Road</name>
      </trkpt>
      <trkpt lat="50.8421948" lon="-1.7703000">
        <name>Manor Road</name>
      </trkpt>
      <trkpt lat="50.8421246" lon="-1.7703250">
        <name>Manor Road</name>
      </trkpt>
      <trkpt lat="50.8420544" lon="-1.7703500">
        <name>Manor Road</name>
      </trkpt>
      <trkpt lat="50.8419842" lon="-1.7703750">
        <name>Manor Road</name>
      </trkpt>
      <trkpt lat="50.8419140" lon="-1.7704000">
        <name>Manor Road</name>
      </trkpt>
      <trkpt lat="50.8419290" lon="-1.7704845">
        <name>Manor Road</name>
      </trkpt>
      <trkpt lat="50.8419440" lon="-1.7705690">
        <name>Manor Road</name>
      </trkpt>
      <trkpt lat="50.8419550" lon="-1.7706260">
        <name>Manor Road</name>
      </trkpt>
      <trkpt lat="50.8419670" lon="-1.7707355">
        <name>Manor Road</name>
      </trkpt>
      <trkpt lat="50.8419790" lon="-1.7708450">
        <name>Manor Road</name>
      </trkpt>
      <trkpt lat="50.8419710" lon="-1.7709190">
        <name>Manor Road</name>
      </trkpt>
      <trkpt lat="50.8419550" lon="-1.7709890">
        <name>Manor Road</name>
      </trkpt>
      <trkpt lat="50.8419340" lon="-1.7710410">
        <name>Manor Road</name>
      </trkpt>
      <trkpt lat="50.8418920" lon="-1.7711305">
        <name>Manor Road</name>
      </trkpt>
      <trkpt lat="50.8418500" lon="-1.7712200">
        <name>Manor Road</name>
      </trkpt>
      <trkpt lat="50.8418270" lon="-1.7712970">
        <name>Manor Road</name>
      </trkpt>
      <trkpt lat="50.8418230" lon="-1.7713170">
        <name>Parsonage Barn Lane</name>
      </trkpt>
      <trkpt lat="50.8418180" lon="-1.7713750">
        <name>Parsonage Barn Lane</name>
      </trkpt>
      <trkpt lat="50.8418180" lon="-1.7714930">
        <name>Cloughs Road</name>
      </trkpt>
      <trkpt lat="50.8418180" lon="-1.7716110">
        <name>Cloughs Road</name>
      </trkpt>
      <trkpt lat="50.8418200" lon="-1.7717405">
        <name>Cloughs Road</name>
      </trkpt>
      <trkpt lat="50.8418220" lon="-1.7718700">
        <name>Cloughs Road</name>
      </trkpt>
      <trkpt lat="50.8418220" lon="-1.7718950">
        <name>Cloughs Road</name>
      </trkpt>
      <trkpt lat="50.8418220" lon="-1.7719940">
        <name>Cloughs Road</name>
      </trkpt>
      <trkpt lat="50.8418220" lon="-1.7720930">
        <name>Cloughs Road</name>
      </trkpt>
      <trkpt lat="50.8417810" lon="-1.7721990">
        <name>Cloughs Road</name>
      </trkpt>
      <trkpt lat="50.8417420" lon="-1.7722450">
        <name>Cloughs Road</name>
      </trkpt>
      <trkpt lat="50.8417280" lon="-1.7722520">
        <name>Cloughs Road</name>
      </trkpt>
      <trkpt lat="50.8417070" lon="-1.7722630">
        <name>Cloughs Road</name>
      </trkpt>
      <trkpt lat="50.8416245" lon="-1.7722645">
        <name>Cloughs Road</name>
      </trkpt>
      <trkpt lat="50.8415420" lon="-1.7722660">
        <name>Cloughs Road</name>
      </trkpt>
      <trkpt lat="50.8415050" lon="-1.7722670">
        <name>Cloughs Road</name>
      </trkpt>
      <trkpt lat="50.8414780" lon="-1.7722840">
        <name>Cloughs Road</name>
      </trkpt>
      <trkpt lat="50.8414570" lon="-1.7723000">
        <name>Cloughs Road</name>
      </trkpt>
      <trkpt lat="50.8414220" lon="-1.7723590">
        <name>Cloughs Road</name>
      </trkpt>
      <trkpt lat="50.8413870" lon="-1.7724180">
        <name>Cloughs Road</name>
      </trkpt>
      <trkpt lat="50.8413460" lon="-1.7724770">
        <name>Cloughs Road</name>
      </trkpt>
      <trkpt lat="50.8412960" lon="-1.7725080">
        <name>Cloughs Road</name>
      </trkpt>
      <trkpt lat="50.8412500" lon="-1.7725100">
        <name>Cloughs Road</name>
      </trkpt>
      <trkpt lat="50.8412170" lon="-1.7725010">
        <name>Cloughs Road</name>
      </trkpt>
      <trkpt lat="50.8411900" lon="-1.7724810">
        <name>Cloughs Road</name>
      </trkpt>
      <trkpt lat="50.8411340" lon="-1.7724050">
        <name>Cloughs Road</name>
      </trkpt>
      <trkpt lat="50.8410843" lon="-1.7723223">
        <name>Cloughs Road</name>
      </trkpt>
      <trkpt lat="50.8410347" lon="-1.7722397">
        <name>Cloughs Road</name>
      </trkpt>
      <trkpt lat="50.8409850" lon="-1.7721570">
        <name>Cloughs Road</name>
      </trkpt>
      <trkpt lat="50.8409230" lon="-1.7722585">
        <name>Cloughs Road</name>
      </trkpt>
      <trkpt lat="50.8408610" lon="-1.7723600">
        <name>Cloughs Road</name>
      </trkpt>
      <trkpt lat="50.8409230" lon="-1.7722585">
        <name>Cloughs Road</name>
      </trkpt>
      <trkpt lat="50.8409850" lon="-1.7721570">
        <name>Cloughs Road</name>
      </trkpt>
      <trkpt lat="50.8410347" lon="-1.7722397">
        <name>Cloughs Road</name>
      </trkpt>
      <trkpt lat="50.8410843" lon="-1.7723223">
        <name>Cloughs Road</name>
      </trkpt>
      <trkpt lat="50.8411340" lon="-1.7724050">
        <name>Cloughs Road</name>
      </trkpt>
      <trkpt lat="50.8411900" lon="-1.7724810">
        <name>Cloughs Road</name>
      </trkpt>
      <trkpt lat="50.8412170" lon="-1.7725010">
        <name>Cloughs Road</name>
      </trkpt>
      <trkpt lat="50.8412500" lon="-1.7725100">
        <name>Cloughs Road</name>
      </trkpt>
      <trkpt lat="50.8412960" lon="-1.7725080">
        <name>Cloughs Road</name>
      </trkpt>
      <trkpt lat="50.8413460" lon="-1.7724770">
        <name>Cloughs Road</name>
      </trkpt>
      <trkpt lat="50.8413870" lon="-1.7724180">
        <name>Cloughs Road</name>
      </trkpt>
      <trkpt lat="50.8414220" lon="-1.7723590">
        <name>Cloughs Road</name>
      </trkpt>
      <trkpt lat="50.8414570" lon="-1.7723000">
        <name>Cloughs Road</name>
      </trkpt>
      <trkpt lat="50.8414780" lon="-1.7722840">
        <name>Cloughs Road</name>
      </trkpt>
      <trkpt lat="50.8415050" lon="-1.7722670">
        <name>Cloughs Road</name>
      </trkpt>
      <trkpt lat="50.8415420" lon="-1.7722660">
        <name>Cloughs Road</name>
      </trkpt>
      <trkpt lat="50.8416245" lon="-1.7722645">
        <name>Cloughs Road</name>
      </trkpt>
      <trkpt lat="50.8417070" lon="-1.7722630">
        <name>Cloughs Road</name>
      </trkpt>
      <trkpt lat="50.8417280" lon="-1.7722520">
        <name>Cloughs Road</name>
      </trkpt>
      <trkpt lat="50.8417420" lon="-1.7722450">
        <name>Cloughs Road</name>
      </trkpt>
      <trkpt lat="50.8417810" lon="-1.7721990">
        <name>Cloughs Road</name>
      </trkpt>
      <trkpt lat="50.8418220" lon="-1.7720930">
        <name>Cloughs Road</name>
      </trkpt>
      <trkpt lat="50.8418220" lon="-1.7719940">
        <name>Cloughs Road</name>
      </trkpt>
      <trkpt lat="50.8418220" lon="-1.7718950">
        <name>Cloughs Road</name>
      </trkpt>
      <trkpt lat="50.8418220" lon="-1.7718700">
        <name>Cloughs Road</name>
      </trkpt>
      <trkpt lat="50.8418200" lon="-1.7717405">
        <name>Eastfield Lane</name>
      </trkpt>
      <trkpt lat="50.8418180" lon="-1.7716110">
        <name>Eastfield Lane</name>
      </trkpt>
      <trkpt lat="50.8418180" lon="-1.7714930">
        <name>Eastfield Lane</name>
      </trkpt>
      <trkpt lat="50.8418180" lon="-1.7713750">
        <name>Eastfield Lane</name>
      </trkpt>
      <trkpt lat="50.8418230" lon="-1.7713170">
        <name>Eastfield Lane</name>
      </trkpt>
      <trkpt lat="50.8418270" lon="-1.7712970">
        <name>Eastfield Lane</name>
      </trkpt>
      <trkpt lat="50.8418500" lon="-1.7712200">
        <name>Eastfield Lane</name>
      </trkpt>
      <trkpt lat="50.8418920" lon="-1.7711305">
        <name>Eastfield Lane</name>
      </trkpt>
      <trkpt lat="50.8419340" lon="-1.7710410">
        <name>Eastfield Lane</name>
      </trkpt>
      <trkpt lat="50.8419550" lon="-1.7709890">
        <name>Eastfield Lane</name>
      </trkpt>
      <trkpt lat="50.8419710" lon="-1.7709190">
        <name>Eastfield Lane</name>
      </trkpt>
      <trkpt lat="50.8419790" lon="-1.7708450">
        <name>Eastfield Lane</name>
      </trkpt>
      <trkpt lat="50.8419670" lon="-1.7707355">
        <name>Eastfield Lane</name>
      </trkpt>
      <trkpt lat="50.8419550" lon="-1.7706260">
        <name>Eastfield Lane</name>
      </trkpt>
      <trkpt lat="50.8419440" lon="-1.7705690">
        <name>Eastfield Lane</name>
      </trkpt>
      <trkpt lat="50.8419290" lon="-1.7704845">
        <name>Eastfield Lane</name>
      </trkpt>
      <trkpt lat="50.8419140" lon="-1.7704000">
        <name>Eastfield Lane</name>
      </trkpt>
      <trkpt lat="50.8418540" lon="-1.7704220">
        <name>Eastfield Lane</name>
      </trkpt>
      <trkpt lat="50.8417782" lon="-1.7704600">
        <name>Eastfield Lane</name>
      </trkpt>
      <trkpt lat="50.8417024" lon="-1.7704980">
        <name>Eastfield Lane</name>
      </trkpt>
      <trkpt lat="50.8416266" lon="-1.7705360">
        <name>Eastfield Lane</name>
      </trkpt>
      <trkpt lat="50.8415508" lon="-1.7705740">
        <name>Eastfield Lane</name>
      </trkpt>
      <trkpt lat="50.8414750" lon="-1.7706120">
        <name>Eastfield Lane</name>
      </trkpt>
      <trkpt lat="50.8414190" lon="-1.7706915">
        <name>Eastfield Lane</name>
      </trkpt>
      <trkpt lat="50.8413630" lon="-1.7707710">
        <name>Eastfield Lane</name>
      </trkpt>
      <trkpt lat="50.8413068" lon="-1.7708510">
        <name>Eastfield Lane</name>
      </trkpt>
      <trkpt lat="50.8412505" lon="-1.7709310">
        <name>Eastfield Lane</name>
      </trkpt>
      <trkpt lat="50.8411943" lon="-1.7710110">
        <name>Eastfield Lane</name>
      </trkpt>
      <trkpt lat="50.8411380" lon="-1.7710910">
        <name>Eastfield Lane</name>
      </trkpt>
      <trkpt lat="50.8410763" lon="-1.7711785">
        <name>Eastfield Lane</name>
      </trkpt>
      <trkpt lat="50.8410145" lon="-1.7712660">
        <name>Eastfield Lane</name>
      </trkpt>
      <trkpt lat="50.8409527" lon="-1.7713535">
        <name>Eastfield Lane</name>
      </trkpt>
      <trkpt lat="50.8408910" lon="-1.7714410">
        <name>Eastfield Lane</name>
      </trkpt>
      <trkpt lat="50.8408292" lon="-1.7715285">
        <name>Eastfield Lane</name>
      </trkpt>
      <trkpt lat="50.8407675" lon="-1.7716160">
        <name>Eastfield Lane</name>
      </trkpt>
      <trkpt lat="50.8407058" lon="-1.7717035">
        <name>Eastfield Lane</name>
      </trkpt>
      <trkpt lat="50.8406440" lon="-1.7717910">
        <name>Eastfield Lane</name>
      </trkpt>
      <trkpt lat="50.8405823" lon="-1.7718785">
        <name>Eastfield Lane</name>
      </trkpt>
      <trkpt lat="50.8405205" lon="-1.7719660">
        <name>Eastfield Lane</name>
      </trkpt>
      <trkpt lat="50.8404588" lon="-1.7720535">
        <name>Eastfield Lane</name>
      </trkpt>
      <trkpt lat="50.8403970" lon="-1.7721410">
        <name>Eastfield Lane</name>
      </trkpt>
      <trkpt lat="50.8403303" lon="-1.7721895">
        <name>Eastfield Lane</name>
      </trkpt>
      <trkpt lat="50.8402635" lon="-1.7722380">
        <name>Eastfield Lane</name>
      </trkpt>
      <trkpt lat="50.8401968" lon="-1.7722865">
        <name>Eastfield Lane</name>
      </trkpt>
      <trkpt lat="50.8401300" lon="-1.7723350">
        <name>Eastfield Lane</name>
      </trkpt>
      <trkpt lat="50.8400850" lon="-1.7723670">
        <name>Eastfield Lane</name>
      </trkpt>
      <trkpt lat="50.8401020" lon="-1.7724865">
        <name>Eastfield Lane</name>
      </trkpt>
      <trkpt lat="50.8401190" lon="-1.7726060">
        <name>Eastfield Lane</name>
      </trkpt>
      <trkpt lat="50.8401368" lon="-1.7727302">
        <name>Eastfield Lane</name>
      </trkpt>
      <trkpt lat="50.8401546" lon="-1.7728544">
        <name>Eastfield Lane</name>
      </trkpt>
      <trkpt lat="50.8401724" lon="-1.7729786">
        <name>Eastfield Lane</name>
      </trkpt>
      <trkpt lat="50.8401902" lon="-1.7731028">
        <name>Eastfield Lane</name>
      </trkpt>
      <trkpt lat="50.8402080" lon="-1.7732270">
        <name>Eastfield Lane</name>
      </trkpt>
      <trkpt lat="50.8402851" lon="-1.7732266">
        <name>Eastfield Lane</name>
      </trkpt>
      <trkpt lat="50.8403623" lon="-1.7732261">
        <name>Eastfield Lane</name>
      </trkpt>
      <trkpt lat="50.8404394" lon="-1.7732257">
        <name>Eastfield Lane</name>
      </trkpt>
      <trkpt lat="50.8405166" lon="-1.7732253">
        <name>Eastfield Lane</name>
      </trkpt>
      <trkpt lat="50.8405937" lon="-1.7732249">
        <name>Eastfield Lane</name>
      </trkpt>
      <trkpt lat="50.8406709" lon="-1.7732244">
        <name>Eastfield Lane</name>
      </trkpt>
      <trkpt lat="50.8407480" lon="-1.7732240">
        <name>Eastfield Lane</name>
      </trkpt>
      <trkpt lat="50.8408145" lon="-1.7732240">
        <name>Eastfield Lane</name>
      </trkpt>
      <trkpt lat="50.8408810" lon="-1.7732240">
        <name>Eastfield Lane</name>
      </trkpt>
      <trkpt lat="50.8409260" lon="-1.7732340">
        <name>Eastfield Lane</name>
      </trkpt>
      <trkpt lat="50.8409610" lon="-1.7732480">
        <name>Eastfield Lane</name>
      </trkpt>
      <trkpt lat="50.8410090" lon="-1.7732830">
        <name>Eastfield Lane</name>
      </trkpt>
      <trkpt lat="50.8410370" lon="-1.7733160">
        <name>Eastfield Lane</name>
      </trkpt>
      <trkpt lat="50.8410990" lon="-1.7733920">
        <name>Eastfield Lane</name>
      </trkpt>
      <trkpt lat="50.8411610" lon="-1.7734680">
        <name>Eastfield Lane</name>
      </trkpt>
      <trkpt lat="50.8412230" lon="-1.7735440">
        <name>Eastfield Lane</name>
      </trkpt>
      <trkpt lat="50.8412795" lon="-1.7736230">
        <name>Eastfield Lane</name>
      </trkpt>
      <trkpt lat="50.8413360" lon="-1.7737020">
        <name>Eastfield Lane</name>
      </trkpt>
      <trkpt lat="50.8413940" lon="-1.7737700">
        <name>Eastfield Lane</name>
      </trkpt>
      <trkpt lat="50.8414420" lon="-1.7738090">
        <name>Eastfield Lane</name>
      </trkpt>
      <trkpt lat="50.8415070" lon="-1.7738220">
        <name>Eastfield Lane</name>
      </trkpt>
      <trkpt lat="50.8415880" lon="-1.7738200">
        <name>Hightown Road</name>
      </trkpt>
      <trkpt lat="50.8416693" lon="-1.7738177">
        <name>Hightown Road</name>
      </trkpt>
      <trkpt lat="50.8417507" lon="-1.7738153">
        <name>Hightown Road</name>
      </trkpt>
      <trkpt lat="50.8418320" lon="-1.7738130">
        <name>Hightown Road</name>
      </trkpt>
    </trkseg>
  </trk>
</gpx>