<?xml version="1.0" encoding="UTF-8"?>
<gpx version="1.1" creator="TurboSanta Route Planner">
  <trk>
    <name>TurboSanta Route (10m density)</name>
    <trkseg>
      <trkpt lat="50.8503110" lon="-1.7685350">
        <name>Southampton Road</name>
      </trkpt>
      <trkpt lat="50.8502880" lon="-1.7684330">
        <name>Southampton Road</name>
      </trkpt>
      <trkpt lat="50.8502545" lon="-1.7683193">
        <name>Southampton Road</name>
      </trkpt>
      <trkpt lat="50.8502210" lon="-1.7682055">
        <name>Southampton Road</name>
      </trkpt>
      <trkpt lat="50.8501875" lon="-1.7680917">
        <name>Southampton Road</name>
      </trkpt>
      <trkpt lat="50.8501540" lon="-1.7679780">
        <name>Southampton Road</name>
      </trkpt>
      <trkpt lat="50.8501195" lon="-1.7678635">
        <name>Southampton Road</name>
      </trkpt>
      <trkpt lat="50.8500850" lon="-1.7677490">
        <name>Southampton Road</name>
      </trkpt>
      <trkpt lat="50.8500505" lon="-1.7676345">
        <name>Southampton Road</name>
      </trkpt>
      <trkpt lat="50.8500160" lon="-1.7675200">
        <name>Southampton Road</name>
      </trkpt>
      <trkpt lat="50.8499768" lon="-1.7673978">
        <name>Southampton Road</name>
      </trkpt>
      <trkpt lat="50.8499376" lon="-1.7672756">
        <name>Southampton Road</name>
      </trkpt>
      <trkpt lat="50.8498984" lon="-1.7671534">
        <name>Southampton Road</name>
      </trkpt>
      <trkpt lat="50.8498592" lon="-1.7670312">
        <name>Southampton Road</name>
      </trkpt>
      <trkpt lat="50.8498200" lon="-1.7669090">
        <name>Southampton Road</name>
      </trkpt>
      <trkpt lat="50.8498400" lon="-1.7668830">
        <name>Southampton Road</name>
      </trkpt>
      <trkpt lat="50.8498540" lon="-1.7668480">
      </trkpt>
      <trkpt lat="50.8498580" lon="-1.7668010">
      </trkpt>
      <trkpt lat="50.8498550" lon="-1.7667670">
      </trkpt>
      <trkpt lat="50.8499045" lon="-1.7667310">
      </trkpt>
      <trkpt lat="50.8499540" lon="-1.7666950">
      </trkpt>
      <trkpt lat="50.8500150" lon="-1.7666633">
      </trkpt>
      <trkpt lat="50.8500760" lon="-1.7666317">
      </trkpt>
      <trkpt lat="50.8501370" lon="-1.7666000">
      </trkpt>
      <trkpt lat="50.8502033" lon="-1.7665820">
      </trkpt>
      <trkpt lat="50.8502697" lon="-1.7665640">
      </trkpt>
      <trkpt lat="50.8503360" lon="-1.7665460">
      </trkpt>
      <trkpt lat="50.8504070" lon="-1.7665437">
      </trkpt>
      <trkpt lat="50.8504780" lon="-1.7665413">
      </trkpt>
      <trkpt lat="50.8505490" lon="-1.7665390">
      </trkpt>
      <trkpt lat="50.8506025" lon="-1.7665235">
        <name>The Mount</name>
      </trkpt>
      <trkpt lat="50.8506560" lon="-1.7665080">
        <name>The Mount</name>
      </trkpt>
      <trkpt lat="50.8506925" lon="-1.7666195">
        <name>The Mount</name>
      </trkpt>
      <trkpt lat="50.8507290" lon="-1.7667310">
        <name>The Mount</name>
      </trkpt>
      <trkpt lat="50.8507387" lon="-1.7668360">
        <name>The Mount</name>
      </trkpt>
      <trkpt lat="50.8507483" lon="-1.7669410">
        <name>The Mount</name>
      </trkpt>
      <trkpt lat="50.8507580" lon="-1.7670460">
        <name>The Mount</name>
      </trkpt>
      <trkpt lat="50.8507467" lon="-1.7671433">
        <name>The Mount</name>
      </trkpt>
      <trkpt lat="50.8507353" lon="-1.7672407">
        <name>The Mount</name>
      </trkpt>
      <trkpt lat="50.8507240" lon="-1.7673380">
        <name>The Mount</name>
      </trkpt>
      <trkpt lat="50.8506850" lon="-1.7674645">
        <name>The Mount</name>
      </trkpt>
      <trkpt lat="50.8506460" lon="-1.7675910">
        <name>The Mount</name>
      </trkpt>
      <trkpt lat="50.8506265" lon="-1.7676835">
        <name>The Mount</name>
      </trkpt>
      <trkpt lat="50.8506070" lon="-1.7677760">
        <name>The Mount</name>
      </trkpt>
      <trkpt lat="50.8505860" lon="-1.7679100">
        <name>The Mount</name>
      </trkpt>
      <trkpt lat="50.8505920" lon="-1.7680235">
        <name>The Mount</name>
      </trkpt>
      <trkpt lat="50.8505980" lon="-1.7681370">
        <name>The Mount</name>
      </trkpt>
      <trkpt lat="50.8506075" lon="-1.7682560">
        <name>The Mount</name>
      </trkpt>
      <trkpt lat="50.8506170" lon="-1.7683750">
        <name>The Mount</name>
      </trkpt>
      <trkpt lat="50.8506340" lon="-1.7684940">
        <name>The Mount</name>
      </trkpt>
      <trkpt lat="50.8506510" lon="-1.7686130">
        <name>The Mount</name>
      </trkpt>
      <trkpt lat="50.8506800" lon="-1.7687140">
        <name>The Mount</name>
      </trkpt>
      <trkpt lat="50.8507090" lon="-1.7688150">
        <name>The Mount</name>
      </trkpt>
      <trkpt lat="50.8506785" lon="-1.7689005">
        <name>The Mount</name>
      </trkpt>
      <trkpt lat="50.8506480" lon="-1.7689860">
        <name>The Mount</name>
      </trkpt>
      <trkpt lat="50.8506755" lon="-1.7689090">
        <name>The Mount</name>
      </trkpt>
      <trkpt lat="50.8507030" lon="-1.7688320">
        <name>The Mount</name>
      </trkpt>
      <trkpt lat="50.8507090" lon="-1.7688150">
        <name>The Mount</name>
      </trkpt>
      <trkpt lat="50.8506800" lon="-1.7687140">
        <name>The Mount</name>
      </trkpt>
      <trkpt lat="50.8506510" lon="-1.7686130">
        <name>The Mount</name>
      </trkpt>
      <trkpt lat="50.8506340" lon="-1.7684940">
        <name>The Mount</name>
      </trkpt>
      <trkpt lat="50.8506170" lon="-1.7683750">
        <name>The Mount</name>
      </trkpt>
      <trkpt lat="50.8506075" lon="-1.7682560">
        <name>The Mount</name>
      </trkpt>
      <trkpt lat="50.8505980" lon="-1.7681370">
        <name>The Mount</name>
      </trkpt>
      <trkpt lat="50.8505920" lon="-1.7680235">
        <name>The Mount</name>
      </trkpt>
      <trkpt lat="50.8505860" lon="-1.7679100">
        <name>The Mount</name>
      </trkpt>
      <trkpt lat="50.8506070" lon="-1.7677760">
      </trkpt>
      <trkpt lat="50.8506265" lon="-1.7676835">
      </trkpt>
      <trkpt lat="50.8506460" lon="-1.7675910">
      </trkpt>
      <trkpt lat="50.8506850" lon="-1.7674645">
      </trkpt>
      <trkpt lat="50.8507240" lon="-1.7673380">
      </trkpt>
      <trkpt lat="50.8507353" lon="-1.7672407">
      </trkpt>
      <trkpt lat="50.8507467" lon="-1.7671433">
      </trkpt>
      <trkpt lat="50.8507580" lon="-1.7670460">
      </trkpt>
      <trkpt lat="50.8507483" lon="-1.7669410">
      </trkpt>
      <trkpt lat="50.8507387" lon="-1.7668360">
      </trkpt>
      <trkpt lat="50.8507290" lon="-1.7667310">
      </trkpt>
      <trkpt lat="50.8507200" lon="-1.7667050">
      </trkpt>
      <trkpt lat="50.8506880" lon="-1.7666065">
      </trkpt>
      <trkpt lat="50.8506560" lon="-1.7665080">
      </trkpt>
      <trkpt lat="50.8506025" lon="-1.7665235">
        <name>The Mount</name>
      </trkpt>
      <trkpt lat="50.8505490" lon="-1.7665390">
        <name>The Mount</name>
      </trkpt>
      <trkpt lat="50.8504780" lon="-1.7665413">
        <name>The Mount</name>
      </trkpt>
      <trkpt lat="50.8504070" lon="-1.7665437">
        <name>The Mount</name>
      </trkpt>
      <trkpt lat="50.8503360" lon="-1.7665460">
        <name>The Mount</name>
      </trkpt>
      <trkpt lat="50.8503285" lon="-1.7664350">
        <name>The Mount</name>
      </trkpt>
      <trkpt lat="50.8503210" lon="-1.7663240">
        <name>The Mount</name>
      </trkpt>
      <trkpt lat="50.8502970" lon="-1.7662160">
        <name>The Mount</name>
      </trkpt>
      <trkpt lat="50.8502730" lon="-1.7661080">
        <name>The Mount</name>
      </trkpt>
      <trkpt lat="50.8502340" lon="-1.7660200">
        <name>The Mount</name>
      </trkpt>
      <trkpt lat="50.8501950" lon="-1.7659320">
        <name>The Mount</name>
      </trkpt>
      <trkpt lat="50.8501390" lon="-1.7658630">
        <name>The Mount</name>
      </trkpt>
      <trkpt lat="50.8500830" lon="-1.7657930">
        <name>The Mount</name>
      </trkpt>
      <trkpt lat="50.8500165" lon="-1.7657355">
        <name>The Mount</name>
      </trkpt>
      <trkpt lat="50.8499500" lon="-1.7656780">
        <name>The Mount</name>
      </trkpt>
      <trkpt lat="50.8499150" lon="-1.7657370">
        <name>The Mount</name>
      </trkpt>
      <trkpt lat="50.8498800" lon="-1.7657960">
        <name>The Mount</name>
      </trkpt>
      <trkpt lat="50.8498240" lon="-1.7658580">
        <name>The Mount</name>
      </trkpt>
      <trkpt lat="50.8497680" lon="-1.7659200">
        <name>The Mount</name>
      </trkpt>
      <trkpt lat="50.8497120" lon="-1.7659820">
        <name>The Mount</name>
      </trkpt>
      <trkpt lat="50.8496537" lon="-1.7660170">
        <name>The Mount</name>
      </trkpt>
      <trkpt lat="50.8495953" lon="-1.7660520">
        <name>The Mount</name>
      </trkpt>
      <trkpt lat="50.8495370" lon="-1.7660870">
        <name>The Mount</name>
      </trkpt>
      <trkpt lat="50.8495675" lon="-1.7662040">
        <name>The Mount</name>
      </trkpt>
      <trkpt lat="50.8495980" lon="-1.7663210">
        <name>The Mount</name>
      </trkpt>
      <trkpt lat="50.8496250" lon="-1.7663975">
        <name>The Mount</name>
      </trkpt>
      <trkpt lat="50.8496520" lon="-1.7664740">
        <name>The Mount</name>
      </trkpt>
      <trkpt lat="50.8496730" lon="-1.7665360">
        <name>The Mount</name>
      </trkpt>
      <trkpt lat="50.8497085" lon="-1.7666250">
        <name>The Mount</name>
      </trkpt>
      <trkpt lat="50.8497440" lon="-1.7667140">
        <name>The Mount</name>
      </trkpt>
      <trkpt lat="50.8497250" lon="-1.7667460">
        <name>The Mount</name>
      </trkpt>
      <trkpt lat="50.8497160" lon="-1.7667860">
        <name>The Mount</name>
      </trkpt>
      <trkpt lat="50.8497160" lon="-1.7668290">
        <name>The Mount</name>
      </trkpt>
      <trkpt lat="50.8497260" lon="-1.7668690">
        <name>The Mount</name>
      </trkpt>
      <trkpt lat="50.8497450" lon="-1.7669000">
      </trkpt>
      <trkpt lat="50.8497690" lon="-1.7669170">
      </trkpt>
      <trkpt lat="50.8497950" lon="-1.7669200">
      </trkpt>
      <trkpt lat="50.8498200" lon="-1.7669090">
      </trkpt>
      <trkpt lat="50.8498592" lon="-1.7670312">
      </trkpt>
      <trkpt lat="50.8498984" lon="-1.7671534">
      </trkpt>
      <trkpt lat="50.8499376" lon="-1.7672756">
      </trkpt>
      <trkpt lat="50.8499768" lon="-1.7673978">
      </trkpt>
      <trkpt lat="50.8500160" lon="-1.7675200">
      </trkpt>
      <trkpt lat="50.8500505" lon="-1.7676345">
      </trkpt>
      <trkpt lat="50.8500850" lon="-1.7677490">
      </trkpt>
      <trkpt lat="50.8501195" lon="-1.7678635">
      </trkpt>
      <trkpt lat="50.8501540" lon="-1.7679780">
      </trkpt>
      <trkpt lat="50.8501875" lon="-1.7680917">
      </trkpt>
      <trkpt lat="50.8502210" lon="-1.7682055">
      </trkpt>
      <trkpt lat="50.8502545" lon="-1.7683193">
      </trkpt>
      <trkpt lat="50.8502880" lon="-1.7684330">
      </trkpt>
      <trkpt lat="50.8503163" lon="-1.7685563">
      </trkpt>
      <trkpt lat="50.8503447" lon="-1.7686797">
      </trkpt>
      <trkpt lat="50.8503730" lon="-1.7688030">
      </trkpt>
      <trkpt lat="50.8503755" lon="-1.7688970">
      </trkpt>
      <trkpt lat="50.8503780" lon="-1.7689910">
      </trkpt>
      <trkpt lat="50.8503695" lon="-1.7690670">
        <name>Narrow Lane</name>
      </trkpt>
      <trkpt lat="50.8503610" lon="-1.7691430">
        <name>Narrow Lane</name>
      </trkpt>
      <trkpt lat="50.8503425" lon="-1.7692125">
        <name>Narrow Lane</name>
      </trkpt>
      <trkpt lat="50.8503240" lon="-1.7692820">
        <name>Narrow Lane</name>
      </trkpt>
      <trkpt lat="50.8503760" lon="-1.7693195">
        <name>Narrow Lane</name>
      </trkpt>
      <trkpt lat="50.8504280" lon="-1.7693570">
        <name>Narrow Lane</name>
      </trkpt>
      <trkpt lat="50.8504918" lon="-1.7694145">
        <name>Narrow Lane</name>
      </trkpt>
      <trkpt lat="50.8505555" lon="-1.7694720">
        <name>Narrow Lane</name>
      </trkpt>
      <trkpt lat="50.8506192" lon="-1.7695295">
        <name>Narrow Lane</name>
      </trkpt>
      <trkpt lat="50.8506830" lon="-1.7695870">
        <name>Narrow Lane</name>
      </trkpt>
      <trkpt lat="50.8506700" lon="-1.7695620">
        <name>Southampton Road</name>
      </trkpt>
      <trkpt lat="50.8506150" lon="-1.7694595">
        <name>Southampton Road</name>
      </trkpt>
      <trkpt lat="50.8505600" lon="-1.7693570">
        <name>Southampton Road</name>
      </trkpt>
      <trkpt lat="50.8505180" lon="-1.7692500">
        <name>Southampton Road</name>
      </trkpt>
      <trkpt lat="50.8504760" lon="-1.7691430">
        <name>Southampton Road</name>
      </trkpt>
      <trkpt lat="50.8504417" lon="-1.7690297">
        <name>Southampton Road</name>
      </trkpt>
      <trkpt lat="50.8504073" lon="-1.7689163">
        <name>Southampton Road</name>
      </trkpt>
      <trkpt lat="50.8503730" lon="-1.7688030">
        <name>Southampton Road</name>
      </trkpt>
      <trkpt lat="50.8503755" lon="-1.7688970">
        <name>Southampton Road</name>
      </trkpt>
      <trkpt lat="50.8503780" lon="-1.7689910">
        <name>Southampton Road</name>
      </trkpt>
      <trkpt lat="50.8503695" lon="-1.7690670">
        <name>Southampton Road</name>
      </trkpt>
      <trkpt lat="50.8503610" lon="-1.7691430">
        <name>Southampton Road</name>
      </trkpt>
      <trkpt lat="50.8503425" lon="-1.7692125">
        <name>Southampton Road</name>
      </trkpt>
      <trkpt lat="50.8503240" lon="-1.7692820">
        <name>Southampton Road</name>
      </trkpt>
      <trkpt lat="50.8503760" lon="-1.7693195">
        <name>Southampton Road</name>
      </trkpt>
      <trkpt lat="50.8504280" lon="-1.7693570">
        <name>Southampton Road</name>
      </trkpt>
      <trkpt lat="50.8504918" lon="-1.7694145">
        <name>Southampton Road</name>
      </trkpt>
      <trkpt lat="50.8505555" lon="-1.7694720">
        <name>Southampton Road</name>
      </trkpt>
      <trkpt lat="50.8506192" lon="-1.7695295">
        <name>Southampton Road</name>
      </trkpt>
      <trkpt lat="50.8506830" lon="-1.7695870">
        <name>Southampton Road</name>
      </trkpt>
      <trkpt lat="50.8507437" lon="-1.7696653">
        <name>Southampton Road</name>
      </trkpt>
      <trkpt lat="50.8508045" lon="-1.7697435">
        <name>Southampton Road</name>
      </trkpt>
      <trkpt lat="50.8508652" lon="-1.7698217">
        <name>Southampton Road</name>
      </trkpt>
      <trkpt lat="50.8509260" lon="-1.7699000">
        <name>Southampton Road</name>
      </trkpt>
      <trkpt lat="50.8509938" lon="-1.7699867">
        <name>Southampton Road</name>
      </trkpt>
      <trkpt lat="50.8510615" lon="-1.7700735">
        <name>Southampton Road</name>
      </trkpt>
      <trkpt lat="50.8511292" lon="-1.7701602">
        <name>Southampton Road</name>
      </trkpt>
      <trkpt lat="50.8511970" lon="-1.7702470">
        <name>Southampton Road</name>
      </trkpt>
      <trkpt lat="50.8512647" lon="-1.7703338">
        <name>Southampton Road</name>
      </trkpt>
      <trkpt lat="50.8513325" lon="-1.7704205">
        <name>Southampton Road</name>
      </trkpt>
      <trkpt lat="50.8514002" lon="-1.7705073">
        <name>Southampton Road</name>
      </trkpt>
      <trkpt lat="50.8514680" lon="-1.7705940">
        <name>Southampton Road</name>
      </trkpt>
      <trkpt lat="50.8515050" lon="-1.7706810">
        <name>Southampton Road</name>
      </trkpt>
      <trkpt lat="50.8515500" lon="-1.7707890">
        <name>Southampton Road</name>
      </trkpt>
      <trkpt lat="50.8515630" lon="-1.7708500">
        <name>Southampton Road</name>
      </trkpt>
      <trkpt lat="50.8515725" lon="-1.7709380">
        <name>Southampton Road</name>
      </trkpt>
      <trkpt lat="50.8515820" lon="-1.7710260">
        <name>Southampton Road</name>
      </trkpt>
      <trkpt lat="50.8515862" lon="-1.7711355">
        <name>Southampton Road</name>
      </trkpt>
      <trkpt lat="50.8515905" lon="-1.7712450">
        <name>Southampton Road</name>
      </trkpt>
      <trkpt lat="50.8515948" lon="-1.7713545">
        <name>Southampton Road</name>
      </trkpt>
      <trkpt lat="50.8515990" lon="-1.7714640">
        <name>Southampton Road</name>
      </trkpt>
      <trkpt lat="50.8516080" lon="-1.7715760">
        <name>Southampton Road</name>
      </trkpt>
      <trkpt lat="50.8516180" lon="-1.7717040">
        <name>Southampton Road</name>
      </trkpt>
      <trkpt lat="50.8516225" lon="-1.7718135">
        <name>Southampton Road</name>
      </trkpt>
      <trkpt lat="50.8516270" lon="-1.7719230">
        <name>Southampton Road</name>
      </trkpt>
      <trkpt lat="50.8516305" lon="-1.7720080">
        <name>Southampton Road</name>
      </trkpt>
      <trkpt lat="50.8516340" lon="-1.7720930">
        <name>Southampton Road</name>
      </trkpt>
      <trkpt lat="50.8516390" lon="-1.7722045">
        <name>Southampton Road</name>
      </trkpt>
      <trkpt lat="50.8516440" lon="-1.7723160">
        <name>Southampton Road</name>
      </trkpt>
      <trkpt lat="50.8517085" lon="-1.7723045">
        <name>Southampton Road</name>
      </trkpt>
      <trkpt lat="50.8517730" lon="-1.7722930">
        <name>Southampton Road</name>
      </trkpt>
      <trkpt lat="50.8517830" lon="-1.7722890">
        <name>Southampton Road</name>
      </trkpt>
      <trkpt lat="50.8518385" lon="-1.7722630">
        <name>Southampton Road</name>
      </trkpt>
      <trkpt lat="50.8518940" lon="-1.7722370">
        <name>Southampton Road</name>
      </trkpt>
      <trkpt lat="50.8519390" lon="-1.7721845">
        <name>Southampton Road</name>
      </trkpt>
      <trkpt lat="50.8519840" lon="-1.7721320">
        <name>Southampton Road</name>
      </trkpt>
      <trkpt lat="50.8520210" lon="-1.7720890">
        <name>Southampton Road</name>
      </trkpt>
      <trkpt lat="50.8520830" lon="-1.7720120">
        <name>Southampton Road</name>
      </trkpt>
      <trkpt lat="50.8521450" lon="-1.7719350">
        <name>Southampton Road</name>
      </trkpt>
      <trkpt lat="50.8522070" lon="-1.7718580">
        <name>Southampton Road</name>
      </trkpt>
      <trkpt lat="50.8522690" lon="-1.7717810">
        <name>Southampton Road</name>
      </trkpt>
      <trkpt lat="50.8523183" lon="-1.7717147">
        <name>Southampton Road</name>
      </trkpt>
      <trkpt lat="50.8523677" lon="-1.7716483">
        <name>Southampton Road</name>
      </trkpt>
      <trkpt lat="50.8524170" lon="-1.7715820">
        <name>Southampton Road</name>
      </trkpt>
      <trkpt lat="50.8524633" lon="-1.7714957">
        <name>Southampton Road</name>
      </trkpt>
      <trkpt lat="50.8525097" lon="-1.7714093">
        <name>Southampton Road</name>
      </trkpt>
      <trkpt lat="50.8525560" lon="-1.7713230">
        <name>Southampton Road</name>
      </trkpt>
      <trkpt lat="50.8525933" lon="-1.7712480">
        <name>Southampton Road</name>
      </trkpt>
      <trkpt lat="50.8526307" lon="-1.7711730">
        <name>Southampton Road</name>
      </trkpt>
      <trkpt lat="50.8526680" lon="-1.7710980">
        <name>Southampton Road</name>
      </trkpt>
      <trkpt lat="50.8527180" lon="-1.7709975">
        <name>Southampton Road</name>
      </trkpt>
      <trkpt lat="50.8527680" lon="-1.7708970">
        <name>Southampton Road</name>
      </trkpt>
      <trkpt lat="50.8528180" lon="-1.7707965">
        <name>Southampton Road</name>
      </trkpt>
      <trkpt lat="50.8528680" lon="-1.7706960">
        <name>Southampton Road</name>
      </trkpt>
      <trkpt lat="50.8529175" lon="-1.7706300">
        <name>Southampton Road</name>
      </trkpt>
      <trkpt lat="50.8529670" lon="-1.7705640">
        <name>Southampton Road</name>
      </trkpt>
      <trkpt lat="50.8530265" lon="-1.7705005">
        <name>Southampton Road</name>
      </trkpt>
      <trkpt lat="50.8530860" lon="-1.7704370">
        <name>Southampton Road</name>
      </trkpt>
      <trkpt lat="50.8531525" lon="-1.7703845">
        <name>Southampton Road</name>
      </trkpt>
      <trkpt lat="50.8532190" lon="-1.7703320">
        <name>Southampton Road</name>
      </trkpt>
      <trkpt lat="50.8532885" lon="-1.7702830">
        <name>Southampton Road</name>
      </trkpt>
      <trkpt lat="50.8533580" lon="-1.7702340">
        <name>Southampton Road</name>
      </trkpt>
      <trkpt lat="50.8534290" lon="-1.7701895">
        <name>Southampton Road</name>
      </trkpt>
      <trkpt lat="50.8535000" lon="-1.7701450">
        <name>Southampton Road</name>
      </trkpt>
      <trkpt lat="50.8535695" lon="-1.7701195">
        <name>Southampton Road</name>
      </trkpt>
      <trkpt lat="50.8536390" lon="-1.7700940">
        <name>Southampton Road</name>
      </trkpt>
      <trkpt lat="50.8537110" lon="-1.7700600">
        <name>Southampton Road</name>
      </trkpt>
      <trkpt lat="50.8537830" lon="-1.7700260">
        <name>Southampton Road</name>
      </trkpt>
      <trkpt lat="50.8538690" lon="-1.7700090">
        <name>Southampton Road</name>
      </trkpt>
      <trkpt lat="50.8539010" lon="-1.7700020">
        <name>Southampton Road</name>
      </trkpt>
      <trkpt lat="50.8539835" lon="-1.7699945">
        <name>Southampton Road</name>
      </trkpt>
      <trkpt lat="50.8540660" lon="-1.7699870">
        <name>Southampton Road</name>
      </trkpt>
      <trkpt lat="50.8541470" lon="-1.7699797">
        <name>Southampton Road</name>
      </trkpt>
      <trkpt lat="50.8542280" lon="-1.7699723">
        <name>Southampton Road</name>
      </trkpt>
      <trkpt lat="50.8543090" lon="-1.7699650">
        <name>Southampton Road</name>
      </trkpt>
      <trkpt lat="50.8543920" lon="-1.7699547">
        <name>Southampton Road</name>
      </trkpt>
      <trkpt lat="50.8544750" lon="-1.7699443">
        <name>Southampton Road</name>
      </trkpt>
      <trkpt lat="50.8545580" lon="-1.7699340">
        <name>Southampton Road</name>
      </trkpt>
      <trkpt lat="50.8546410" lon="-1.7699237">
        <name>Southampton Road</name>
      </trkpt>
      <trkpt lat="50.8547240" lon="-1.7699133">
        <name>Southampton Road</name>
      </trkpt>
      <trkpt lat="50.8548070" lon="-1.7699030">
        <name>Southampton Road</name>
      </trkpt>
      <trkpt lat="50.8548960" lon="-1.7698865">
        <name>Southampton Road</name>
      </trkpt>
      <trkpt lat="50.8549850" lon="-1.7698700">
        <name>Southampton Road</name>
      </trkpt>
      <trkpt lat="50.8550740" lon="-1.7698535">
        <name>Southampton Road</name>
      </trkpt>
      <trkpt lat="50.8551630" lon="-1.7698370">
        <name>Southampton Road</name>
      </trkpt>
      <trkpt lat="50.8552100" lon="-1.7698270">
        <name>Southampton Road</name>
      </trkpt>
      <trkpt lat="50.8552805" lon="-1.7698105">
        <name>Southampton Road</name>
      </trkpt>
      <trkpt lat="50.8553510" lon="-1.7697940">
        <name>Southampton Road</name>
      </trkpt>
      <trkpt lat="50.8554330" lon="-1.7697743">
        <name>Southampton Road</name>
      </trkpt>
      <trkpt lat="50.8555150" lon="-1.7697547">
        <name>Southampton Road</name>
      </trkpt>
      <trkpt lat="50.8555970" lon="-1.7697350">
        <name>Southampton Road</name>
      </trkpt>
      <trkpt lat="50.8556700" lon="-1.7697090">
        <name>Southampton Road</name>
      </trkpt>
      <trkpt lat="50.8557570" lon="-1.7696775">
        <name>Southampton Road</name>
      </trkpt>
      <trkpt lat="50.8558440" lon="-1.7696460">
        <name>Southampton Road</name>
      </trkpt>
      <trkpt lat="50.8559193" lon="-1.7696092">
        <name>Southampton Road</name>
      </trkpt>
      <trkpt lat="50.8559947" lon="-1.7695723">
        <name>Southampton Road</name>
      </trkpt>
      <trkpt lat="50.8560700" lon="-1.7695355">
        <name>Southampton Road</name>
      </trkpt>
      <trkpt lat="50.8561453" lon="-1.7694987">
        <name>Southampton Road</name>
      </trkpt>
      <trkpt lat="50.8562207" lon="-1.7694618">
        <name>Southampton Road</name>
      </trkpt>
      <trkpt lat="50.8562960" lon="-1.7694250">
        <name>Southampton Road</name>
      </trkpt>
      <trkpt lat="50.8562920" lon="-1.7694080">
        <name>Southampton Road</name>
      </trkpt>
      <trkpt lat="50.8562608" lon="-1.7692745">
        <name>Southampton Road</name>
      </trkpt>
      <trkpt lat="50.8562295" lon="-1.7691410">
        <name>Southampton Road</name>
      </trkpt>
      <trkpt lat="50.8561982" lon="-1.7690075">
        <name>Southampton Road</name>
      </trkpt>
      <trkpt lat="50.8561670" lon="-1.7688740">
        <name>Southampton Road</name>
      </trkpt>
      <trkpt lat="50.8561610" lon="-1.7688330">
        <name>Southampton Road</name>
      </trkpt>
      <trkpt lat="50.8561410" lon="-1.7687323">
        <name>Southampton Road</name>
      </trkpt>
      <trkpt lat="50.8561210" lon="-1.7686317">
        <name>Southampton Road</name>
      </trkpt>
      <trkpt lat="50.8561010" lon="-1.7685310">
        <name>Southampton Road</name>
      </trkpt>
      <trkpt lat="50.8560990" lon="-1.7684750">
        <name>Southampton Road</name>
      </trkpt>
      <trkpt lat="50.8560950" lon="-1.7683710">
        <name>Southampton Road</name>
      </trkpt>
      <trkpt lat="50.8560950" lon="-1.7682780">
        <name>Southampton Road</name>
      </trkpt>
      <trkpt lat="50.8561010" lon="-1.7681940">
        <name>Southampton Road</name>
      </trkpt>
      <trkpt lat="50.8561130" lon="-1.7681040">
        <name>Southampton Road</name>
      </trkpt>
      <trkpt lat="50.8561290" lon="-1.7680190">
        <name>Southampton Road</name>
      </trkpt>
      <trkpt lat="50.8561510" lon="-1.7679510">
        <name>Gorley Road</name>
      </trkpt>
      <trkpt lat="50.8561820" lon="-1.7678920">
        <name>Gorley Road</name>
      </trkpt>
      <trkpt lat="50.8562200" lon="-1.7678150">
        <name>Gorley Road</name>
      </trkpt>
      <trkpt lat="50.8562480" lon="-1.7677930">
        <name>Gorley Road</name>
      </trkpt>
      <trkpt lat="50.8563110" lon="-1.7677450">
        <name>Gorley Road</name>
      </trkpt>
      <trkpt lat="50.8563863" lon="-1.7677080">
        <name>Gorley Road</name>
      </trkpt>
      <trkpt lat="50.8564617" lon="-1.7676710">
        <name>Gorley Road</name>
      </trkpt>
      <trkpt lat="50.8565370" lon="-1.7676340">
        <name>Gorley Road</name>
      </trkpt>
      <trkpt lat="50.8566007" lon="-1.7676327">
        <name>Gorley Road</name>
      </trkpt>
      <trkpt lat="50.8566643" lon="-1.7676313">
        <name>Gorley Road</name>
      </trkpt>
      <trkpt lat="50.8567280" lon="-1.7676300">
        <name>Gorley Road</name>
      </trkpt>
      <trkpt lat="50.8568150" lon="-1.7676285">
        <name>Gorley Road</name>
      </trkpt>
      <trkpt lat="50.8569020" lon="-1.7676270">
        <name>Gorley Road</name>
      </trkpt>
      <trkpt lat="50.8569887" lon="-1.7676255">
        <name>Gorley Road</name>
      </trkpt>
      <trkpt lat="50.8570755" lon="-1.7676240">
        <name>Gorley Road</name>
      </trkpt>
      <trkpt lat="50.8571623" lon="-1.7676225">
        <name>Gorley Road</name>
      </trkpt>
      <trkpt lat="50.8572490" lon="-1.7676210">
        <name>Gorley Road</name>
      </trkpt>
      <trkpt lat="50.8573260" lon="-1.7676197">
        <name>Gorley Road</name>
      </trkpt>
      <trkpt lat="50.8574030" lon="-1.7676183">
        <name>Gorley Road</name>
      </trkpt>
      <trkpt lat="50.8574800" lon="-1.7676170">
        <name>Gorley Road</name>
      </trkpt>
      <trkpt lat="50.8575637" lon="-1.7676157">
        <name>Gorley Road</name>
      </trkpt>
      <trkpt lat="50.8576473" lon="-1.7676143">
        <name>Gorley Road</name>
      </trkpt>
      <trkpt lat="50.8577310" lon="-1.7676130">
        <name>Gorley Road</name>
      </trkpt>
      <trkpt lat="50.8577390" lon="-1.7677343">
        <name>Gorley Road</name>
      </trkpt>
      <trkpt lat="50.8577470" lon="-1.7678557">
        <name>Gorley Road</name>
      </trkpt>
      <trkpt lat="50.8577550" lon="-1.7679770">
        <name>Gorley Road</name>
      </trkpt>
      <trkpt lat="50.8577600" lon="-1.7680550">
        <name>Gorley Road</name>
      </trkpt>
      <trkpt lat="50.8577600" lon="-1.7681743">
        <name>Gorley Road</name>
      </trkpt>
      <trkpt lat="50.8577600" lon="-1.7682937">
        <name>Gorley Road</name>
      </trkpt>
      <trkpt lat="50.8577600" lon="-1.7684130">
        <name>Gorley Road</name>
      </trkpt>
      <trkpt lat="50.8577600" lon="-1.7685323">
        <name>Gorley Road</name>
      </trkpt>
      <trkpt lat="50.8577600" lon="-1.7686517">
        <name>Gorley Road</name>
      </trkpt>
      <trkpt lat="50.8577600" lon="-1.7687710">
        <name>Gorley Road</name>
      </trkpt>
      <trkpt lat="50.8578330" lon="-1.7687860">
        <name>Gorley Road</name>
      </trkpt>
      <trkpt lat="50.8578985" lon="-1.7688000">
        <name>Gorley Road</name>
      </trkpt>
      <trkpt lat="50.8579640" lon="-1.7688140">
        <name>Gorley Road</name>
      </trkpt>
      <trkpt lat="50.8580490" lon="-1.7688380">
        <name>Gorley Road</name>
      </trkpt>
      <trkpt lat="50.8581340" lon="-1.7688620">
        <name>Gorley Road</name>
      </trkpt>
      <trkpt lat="50.8582190" lon="-1.7688860">
        <name>Gorley Road</name>
      </trkpt>
      <trkpt lat="50.8582777" lon="-1.7689147">
        <name>Gorley Road</name>
      </trkpt>
      <trkpt lat="50.8583363" lon="-1.7689433">
        <name>Gorley Road</name>
      </trkpt>
      <trkpt lat="50.8583950" lon="-1.7689720">
        <name>Gorley Road</name>
      </trkpt>
      <trkpt lat="50.8584505" lon="-1.7690005">
        <name>Gorley Road</name>
      </trkpt>
      <trkpt lat="50.8585060" lon="-1.7690290">
        <name>Gorley Road</name>
      </trkpt>
      <trkpt lat="50.8585485" lon="-1.7690590">
        <name>Gorley Road</name>
      </trkpt>
      <trkpt lat="50.8585910" lon="-1.7690890">
        <name>Gorley Road</name>
      </trkpt>
      <trkpt lat="50.8586130" lon="-1.7691040">
        <name>Gorley Road</name>
      </trkpt>
      <trkpt lat="50.8586520" lon="-1.7691450">
        <name>Gorley Road</name>
      </trkpt>
      <trkpt lat="50.8586910" lon="-1.7691860">
        <name>Gorley Road</name>
      </trkpt>
      <trkpt lat="50.8587470" lon="-1.7692520">
        <name>Gorley Road</name>
      </trkpt>
      <trkpt lat="50.8588030" lon="-1.7693180">
        <name>Gorley Road</name>
      </trkpt>
      <trkpt lat="50.8587945" lon="-1.7694287">
        <name>Gorley Road</name>
      </trkpt>
      <trkpt lat="50.8587860" lon="-1.7695395">
        <name>Gorley Road</name>
      </trkpt>
      <trkpt lat="50.8587775" lon="-1.7696502">
        <name>Gorley Road</name>
      </trkpt>
      <trkpt lat="50.8587690" lon="-1.7697610">
        <name>Gorley Road</name>
      </trkpt>
      <trkpt lat="50.8587595" lon="-1.7698860">
        <name>Gorley Road</name>
      </trkpt>
      <trkpt lat="50.8587500" lon="-1.7700110">
        <name>Gorley Road</name>
      </trkpt>
      <trkpt lat="50.8587405" lon="-1.7701360">
        <name>Gorley Road</name>
      </trkpt>
      <trkpt lat="50.8587310" lon="-1.7702610">
        <name>Gorley Road</name>
      </trkpt>
      <trkpt lat="50.8587200" lon="-1.7704010">
        <name>Gorley Road</name>
      </trkpt>
      <trkpt lat="50.8587127" lon="-1.7705112">
        <name>Gorley Road</name>
      </trkpt>
      <trkpt lat="50.8587055" lon="-1.7706215">
        <name>Gorley Road</name>
      </trkpt>
      <trkpt lat="50.8586983" lon="-1.7707317">
        <name>Gorley Road</name>
      </trkpt>
      <trkpt lat="50.8586910" lon="-1.7708420">
        <name>Gorley Road</name>
      </trkpt>
      <trkpt lat="50.8586850" lon="-1.7709650">
        <name>Gorley Road</name>
      </trkpt>
      <trkpt lat="50.8586790" lon="-1.7710880">
        <name>Gorley Road</name>
      </trkpt>
      <trkpt lat="50.8586730" lon="-1.7712110">
        <name>Gorley Road</name>
      </trkpt>
      <trkpt lat="50.8586670" lon="-1.7713340">
        <name>Gorley Road</name>
      </trkpt>
      <trkpt lat="50.8586598" lon="-1.7714700">
        <name>Gorley Road</name>
      </trkpt>
      <trkpt lat="50.8586526" lon="-1.7716060">
        <name>Gorley Road</name>
      </trkpt>
      <trkpt lat="50.8586454" lon="-1.7717420">
        <name>Gorley Road</name>
      </trkpt>
      <trkpt lat="50.8586382" lon="-1.7718780">
        <name>Gorley Road</name>
      </trkpt>
      <trkpt lat="50.8586310" lon="-1.7720140">
        <name>Gorley Road</name>
      </trkpt>
      <trkpt lat="50.8586300" lon="-1.7720380">
        <name>Gorley Road</name>
      </trkpt>
      <trkpt lat="50.8586237" lon="-1.7721493">
        <name>Gorley Road</name>
      </trkpt>
      <trkpt lat="50.8586173" lon="-1.7722607">
        <name>Gorley Road</name>
      </trkpt>
      <trkpt lat="50.8586110" lon="-1.7723720">
        <name>Gorley Road</name>
      </trkpt>
      <trkpt lat="50.8585987" lon="-1.7725069">
        <name>Gorley Road</name>
      </trkpt>
      <trkpt lat="50.8585864" lon="-1.7726417">
        <name>Gorley Road</name>
      </trkpt>
      <trkpt lat="50.8585741" lon="-1.7727766">
        <name>Gorley Road</name>
      </trkpt>
      <trkpt lat="50.8585619" lon="-1.7729114">
        <name>Gorley Road</name>
      </trkpt>
      <trkpt lat="50.8585496" lon="-1.7730463">
        <name>Gorley Road</name>
      </trkpt>
      <trkpt lat="50.8585373" lon="-1.7731811">
        <name>Gorley Road</name>
      </trkpt>
      <trkpt lat="50.8585250" lon="-1.7733160">
        <name>Gorley Road</name>
      </trkpt>
      <trkpt lat="50.8585120" lon="-1.7734195">
        <name>Gorley Road</name>
      </trkpt>
      <trkpt lat="50.8584990" lon="-1.7735230">
        <name>Gorley Road</name>
      </trkpt>
      <trkpt lat="50.8584865" lon="-1.7736285">
        <name>Gorley Road</name>
      </trkpt>
      <trkpt lat="50.8584740" lon="-1.7737340">
        <name>Gorley Road</name>
      </trkpt>
      <trkpt lat="50.8584575" lon="-1.7738545">
        <name>Gorley Road</name>
      </trkpt>
      <trkpt lat="50.8584410" lon="-1.7739750">
        <name>Gorley Road</name>
      </trkpt>
      <trkpt lat="50.8584190" lon="-1.7741050">
        <name>Gorley Road</name>
      </trkpt>
      <trkpt lat="50.8584030" lon="-1.7741950">
        <name>Gorley Road</name>
      </trkpt>
      <trkpt lat="50.8583885" lon="-1.7742935">
        <name>Gorley Road</name>
      </trkpt>
      <trkpt lat="50.8583740" lon="-1.7743920">
        <name>Gorley Road</name>
      </trkpt>
      <trkpt lat="50.8583560" lon="-1.7744965">
        <name>Gorley Road</name>
      </trkpt>
      <trkpt lat="50.8583380" lon="-1.7746010">
        <name>Gorley Road</name>
      </trkpt>
      <trkpt lat="50.8583255" lon="-1.7746725">
        <name>Gorley Road</name>
      </trkpt>
      <trkpt lat="50.8583130" lon="-1.7747440">
        <name>Gorley Road</name>
      </trkpt>
      <trkpt lat="50.8582945" lon="-1.7748525">
        <name>Gorley Road</name>
      </trkpt>
      <trkpt lat="50.8582760" lon="-1.7749610">
        <name>Gorley Road</name>
      </trkpt>
      <trkpt lat="50.8582580" lon="-1.7750660">
        <name>Gorley Road</name>
      </trkpt>
      <trkpt lat="50.8582387" lon="-1.7751817">
        <name>Croft Road</name>
      </trkpt>
      <trkpt lat="50.8582193" lon="-1.7752973">
        <name>Croft Road</name>
      </trkpt>
      <trkpt lat="50.8582000" lon="-1.7754130">
        <name>Croft Road</name>
      </trkpt>
      <trkpt lat="50.8581788" lon="-1.7755376">
        <name>Croft Road</name>
      </trkpt>
      <trkpt lat="50.8581576" lon="-1.7756622">
        <name>Croft Road</name>
      </trkpt>
      <trkpt lat="50.8581364" lon="-1.7757868">
        <name>Croft Road</name>
      </trkpt>
      <trkpt lat="50.8581152" lon="-1.7759114">
        <name>Croft Road</name>
      </trkpt>
      <trkpt lat="50.8580940" lon="-1.7760360">
        <name>Croft Road</name>
      </trkpt>
      <trkpt lat="50.8580740" lon="-1.7761570">
        <name>Croft Road</name>
      </trkpt>
      <trkpt lat="50.8580580" lon="-1.7762540">
        <name>Croft Road</name>
      </trkpt>
      <trkpt lat="50.8580380" lon="-1.7763810">
        <name>Croft Road</name>
      </trkpt>
      <trkpt lat="50.8580220" lon="-1.7764775">
        <name>Croft Road</name>
      </trkpt>
      <trkpt lat="50.8580060" lon="-1.7765740">
        <name>Croft Road</name>
      </trkpt>
      <trkpt lat="50.8579880" lon="-1.7766790">
        <name>Croft Road</name>
      </trkpt>
      <trkpt lat="50.8579678" lon="-1.7768047">
        <name>Croft Road</name>
      </trkpt>
      <trkpt lat="50.8579475" lon="-1.7769305">
        <name>Croft Road</name>
      </trkpt>
      <trkpt lat="50.8579272" lon="-1.7770563">
        <name>Croft Road</name>
      </trkpt>
      <trkpt lat="50.8579070" lon="-1.7771820">
        <name>Croft Road</name>
      </trkpt>
      <trkpt lat="50.8579010" lon="-1.7772230">
        <name>Croft Road</name>
      </trkpt>
      <trkpt lat="50.8578797" lon="-1.7773430">
        <name>Croft Road</name>
      </trkpt>
      <trkpt lat="50.8578583" lon="-1.7774630">
        <name>Croft Road</name>
      </trkpt>
      <trkpt lat="50.8578370" lon="-1.7775830">
        <name>Croft Road</name>
      </trkpt>
      <trkpt lat="50.8578210" lon="-1.7776730">
        <name>Croft Road</name>
      </trkpt>
      <trkpt lat="50.8578055" lon="-1.7777590">
        <name>Croft Road</name>
      </trkpt>
      <trkpt lat="50.8577900" lon="-1.7778450">
        <name>Croft Road</name>
      </trkpt>
      <trkpt lat="50.8577740" lon="-1.7779330">
        <name>Croft Road</name>
      </trkpt>
      <trkpt lat="50.8577500" lon="-1.7780680">
        <name>Croft Road</name>
      </trkpt>
      <trkpt lat="50.8577290" lon="-1.7781840">
        <name>Croft Road</name>
      </trkpt>
      <trkpt lat="50.8577170" lon="-1.7782500">
        <name>Croft Road</name>
      </trkpt>
      <trkpt lat="50.8577090" lon="-1.7782980">
        <name>Croft Road</name>
      </trkpt>
      <trkpt lat="50.8577040" lon="-1.7783280">
        <name>Croft Road</name>
      </trkpt>
      <trkpt lat="50.8576830" lon="-1.7784420">
        <name>Croft Road</name>
      </trkpt>
      <trkpt lat="50.8576760" lon="-1.7784850">
        <name>Croft Road</name>
      </trkpt>
      <trkpt lat="50.8576597" lon="-1.7785770">
        <name>Croft Road</name>
      </trkpt>
      <trkpt lat="50.8576433" lon="-1.7786690">
        <name>Croft Road</name>
      </trkpt>
      <trkpt lat="50.8576270" lon="-1.7787610">
        <name>Croft Road</name>
      </trkpt>
      <trkpt lat="50.8576050" lon="-1.7788080">
        <name>Croft Road</name>
      </trkpt>
      <trkpt lat="50.8575950" lon="-1.7788310">
        <name>Croft Road</name>
      </trkpt>
      <trkpt lat="50.8575580" lon="-1.7788480">
        <name>Croft Road</name>
      </trkpt>
      <trkpt lat="50.8575220" lon="-1.7788590">
        <name>Croft Road</name>
      </trkpt>
      <trkpt lat="50.8575110" lon="-1.7788620">
        <name>Croft Road</name>
      </trkpt>
      <trkpt lat="50.8574510" lon="-1.7788520">
        <name>Croft Road</name>
      </trkpt>
      <trkpt lat="50.8573990" lon="-1.7788375">
        <name>Croft Road</name>
      </trkpt>
      <trkpt lat="50.8573470" lon="-1.7788230">
        <name>Croft Road</name>
      </trkpt>
      <trkpt lat="50.8573080" lon="-1.7788130">
        <name>Croft Road</name>
      </trkpt>
      <trkpt lat="50.8572575" lon="-1.7787990">
        <name>Croft Road</name>
      </trkpt>
      <trkpt lat="50.8572070" lon="-1.7787850">
        <name>Croft Road</name>
      </trkpt>
      <trkpt lat="50.8571610" lon="-1.7787725">
        <name>Croft Road</name>
      </trkpt>
      <trkpt lat="50.8571150" lon="-1.7787600">
        <name>Croft Road</name>
      </trkpt>
      <trkpt lat="50.8571070" lon="-1.7787570">
        <name>Croft Road</name>
      </trkpt>
      <trkpt lat="50.8570575" lon="-1.7787435">
        <name>Croft Road</name>
      </trkpt>
      <trkpt lat="50.8570080" lon="-1.7787300">
        <name>Croft Road</name>
      </trkpt>
      <trkpt lat="50.8570000" lon="-1.7787280">
        <name>Croft Road</name>
      </trkpt>
      <trkpt lat="50.8569120" lon="-1.7787035">
        <name>Croft Road</name>
      </trkpt>
      <trkpt lat="50.8568240" lon="-1.7786790">
        <name>Croft Road</name>
      </trkpt>
      <trkpt lat="50.8567595" lon="-1.7786615">
        <name>Croft Road</name>
      </trkpt>
      <trkpt lat="50.8566950" lon="-1.7786440">
        <name>Croft Road</name>
      </trkpt>
      <trkpt lat="50.8566370" lon="-1.7786280">
        <name>Croft Road</name>
      </trkpt>
      <trkpt lat="50.8565790" lon="-1.7786120">
        <name>Croft Road</name>
      </trkpt>
      <trkpt lat="50.8565275" lon="-1.7785975">
        <name>Ross Road</name>
      </trkpt>
      <trkpt lat="50.8564760" lon="-1.7785830">
        <name>Ross Road</name>
      </trkpt>
      <trkpt lat="50.8564710" lon="-1.7785820">
        <name>Ross Road</name>
      </trkpt>
      <trkpt lat="50.8564000" lon="-1.7785630">
        <name>Ross Road</name>
      </trkpt>
      <trkpt lat="50.8563600" lon="-1.7785520">
        <name>Ross Road</name>
      </trkpt>
      <trkpt lat="50.8563055" lon="-1.7785365">
        <name>Ross Road</name>
      </trkpt>
      <trkpt lat="50.8562510" lon="-1.7785210">
        <name>Ross Road</name>
      </trkpt>
      <trkpt lat="50.8562000" lon="-1.7785070">
        <name>Ross Road</name>
      </trkpt>
      <trkpt lat="50.8561490" lon="-1.7784930">
        <name>Ross Road</name>
      </trkpt>
      <trkpt lat="50.8561005" lon="-1.7784800">
        <name>Ross Road</name>
      </trkpt>
      <trkpt lat="50.8560520" lon="-1.7784670">
        <name>Ross Road</name>
      </trkpt>
      <trkpt lat="50.8560320" lon="-1.7784610">
        <name>Gorley Road</name>
      </trkpt>
      <trkpt lat="50.8559810" lon="-1.7784470">
        <name>Gorley Road</name>
      </trkpt>
      <trkpt lat="50.8559300" lon="-1.7784330">
        <name>Gorley Road</name>
      </trkpt>
      <trkpt lat="50.8558603" lon="-1.7784137">
        <name>Gorley Road</name>
      </trkpt>
      <trkpt lat="50.8557907" lon="-1.7783943">
        <name>Gorley Road</name>
      </trkpt>
      <trkpt lat="50.8557210" lon="-1.7783750">
        <name>Gorley Road</name>
      </trkpt>
      <trkpt lat="50.8556840" lon="-1.7783650">
        <name>Gorley Road</name>
      </trkpt>
      <trkpt lat="50.8556490" lon="-1.7783560">
        <name>Gorley Road</name>
      </trkpt>
      <trkpt lat="50.8555935" lon="-1.7783405">
        <name>Gorley Road</name>
      </trkpt>
      <trkpt lat="50.8555380" lon="-1.7783250">
        <name>Gorley Road</name>
      </trkpt>
      <trkpt lat="50.8554583" lon="-1.7783030">
        <name>Gorley Road</name>
      </trkpt>
      <trkpt lat="50.8553787" lon="-1.7782810">
        <name>Gorley Road</name>
      </trkpt>
      <trkpt lat="50.8552990" lon="-1.7782590">
        <name>Gorley Road</name>
      </trkpt>
      <trkpt lat="50.8552430" lon="-1.7782350">
        <name>Gorley Road</name>
      </trkpt>
      <trkpt lat="50.8551870" lon="-1.7782010">
        <name>Gorley Road</name>
      </trkpt>
      <trkpt lat="50.8551106" lon="-1.7781462">
        <name>Gorley Road</name>
      </trkpt>
      <trkpt lat="50.8550342" lon="-1.7780914">
        <name>Gorley Road</name>
      </trkpt>
      <trkpt lat="50.8549578" lon="-1.7780366">
        <name>Gorley Road</name>
      </trkpt>
      <trkpt lat="50.8548814" lon="-1.7779818">
        <name>Gorley Road</name>
      </trkpt>
      <trkpt lat="50.8548050" lon="-1.7779270">
        <name>Gorley Road</name>
      </trkpt>
      <trkpt lat="50.8547368" lon="-1.7778753">
        <name>Gorley Road</name>
      </trkpt>
      <trkpt lat="50.8546685" lon="-1.7778235">
        <name>Gorley Road</name>
      </trkpt>
      <trkpt lat="50.8546002" lon="-1.7777717">
        <name>Gorley Road</name>
      </trkpt>
      <trkpt lat="50.8545320" lon="-1.7777200">
        <name>Gorley Road</name>
      </trkpt>
      <trkpt lat="50.8544753" lon="-1.7776783">
        <name>Gorley Road</name>
      </trkpt>
      <trkpt lat="50.8544187" lon="-1.7776367">
        <name>Gorley Road</name>
      </trkpt>
      <trkpt lat="50.8543620" lon="-1.7775950">
        <name>Gorley Road</name>
      </trkpt>
      <trkpt lat="50.8542920" lon="-1.7775432">
        <name>Gorley Road</name>
      </trkpt>
      <trkpt lat="50.8542220" lon="-1.7774915">
        <name>Gorley Road</name>
      </trkpt>
      <trkpt lat="50.8541520" lon="-1.7774398">
        <name>Gorley Road</name>
      </trkpt>
      <trkpt lat="50.8540820" lon="-1.7773880">
        <name>Gorley Road</name>
      </trkpt>
      <trkpt lat="50.8540152" lon="-1.7773376">
        <name>Gorley Road</name>
      </trkpt>
      <trkpt lat="50.8539484" lon="-1.7772872">
        <name>Gorley Road</name>
      </trkpt>
      <trkpt lat="50.8538816" lon="-1.7772368">
        <name>Gorley Road</name>
      </trkpt>
      <trkpt lat="50.8538148" lon="-1.7771864">
        <name>Gorley Road</name>
      </trkpt>
      <trkpt lat="50.8537480" lon="-1.7771360">
        <name>Gorley Road</name>
      </trkpt>
      <trkpt lat="50.8536707" lon="-1.7770776">
        <name>Gorley Road</name>
      </trkpt>
      <trkpt lat="50.8535933" lon="-1.7770191">
        <name>Gorley Road</name>
      </trkpt>
      <trkpt lat="50.8535160" lon="-1.7769607">
        <name>Gorley Road</name>
      </trkpt>
      <trkpt lat="50.8534387" lon="-1.7769022">
        <name>Gorley Road</name>
      </trkpt>
      <trkpt lat="50.8533613" lon="-1.7768438">
        <name>Gorley Road</name>
      </trkpt>
      <trkpt lat="50.8532840" lon="-1.7767853">
        <name>Gorley Road</name>
      </trkpt>
      <trkpt lat="50.8532067" lon="-1.7767269">
        <name>Gorley Road</name>
      </trkpt>
      <trkpt lat="50.8531293" lon="-1.7766684">
        <name>Gorley Road</name>
      </trkpt>
      <trkpt lat="50.8530520" lon="-1.7766100">
        <name>Gorley Road</name>
      </trkpt>
      <trkpt lat="50.8529985" lon="-1.7765690">
        <name>Gorley Road</name>
      </trkpt>
      <trkpt lat="50.8529450" lon="-1.7765280">
        <name>Gorley Road</name>
      </trkpt>
      <trkpt lat="50.8528723" lon="-1.7764723">
        <name>North Poulner Road</name>
      </trkpt>
      <trkpt lat="50.8527997" lon="-1.7764167">
        <name>North Poulner Road</name>
      </trkpt>
      <trkpt lat="50.8527270" lon="-1.7763610">
        <name>North Poulner Road</name>
      </trkpt>
      <trkpt lat="50.8527203" lon="-1.7764940">
        <name>North Poulner Road</name>
      </trkpt>
      <trkpt lat="50.8527135" lon="-1.7766270">
        <name>North Poulner Road</name>
      </trkpt>
      <trkpt lat="50.8527068" lon="-1.7767600">
        <name>North Poulner Road</name>
      </trkpt>
      <trkpt lat="50.8527000" lon="-1.7768930">
        <name>North Poulner Road</name>
      </trkpt>
      <trkpt lat="50.8526933" lon="-1.7770260">
        <name>North Poulner Road</name>
      </trkpt>
      <trkpt lat="50.8526865" lon="-1.7771590">
        <name>North Poulner Road</name>
      </trkpt>
      <trkpt lat="50.8526798" lon="-1.7772920">
        <name>North Poulner Road</name>
      </trkpt>
      <trkpt lat="50.8526730" lon="-1.7774250">
        <name>North Poulner Road</name>
      </trkpt>
      <trkpt lat="50.8526663" lon="-1.7775540">
        <name>North Poulner Road</name>
      </trkpt>
      <trkpt lat="50.8526597" lon="-1.7776830">
        <name>North Poulner Road</name>
      </trkpt>
      <trkpt lat="50.8526530" lon="-1.7778120">
        <name>North Poulner Road</name>
      </trkpt>
      <trkpt lat="50.8526463" lon="-1.7779410">
        <name>North Poulner Road</name>
      </trkpt>
      <trkpt lat="50.8526397" lon="-1.7780700">
        <name>North Poulner Road</name>
      </trkpt>
      <trkpt lat="50.8526330" lon="-1.7781990">
        <name>North Poulner Road</name>
      </trkpt>
      <trkpt lat="50.8526270" lon="-1.7783362">
        <name>North Poulner Road</name>
      </trkpt>
      <trkpt lat="50.8526210" lon="-1.7784734">
        <name>North Poulner Road</name>
      </trkpt>
      <trkpt lat="50.8526150" lon="-1.7786106">
        <name>North Poulner Road</name>
      </trkpt>
      <trkpt lat="50.8526090" lon="-1.7787478">
        <name>North Poulner Road</name>
      </trkpt>
      <trkpt lat="50.8526030" lon="-1.7788850">
        <name>North Poulner Road</name>
      </trkpt>
      <trkpt lat="50.8525970" lon="-1.7790250">
        <name>North Poulner Road</name>
      </trkpt>
      <trkpt lat="50.8525910" lon="-1.7791650">
        <name>North Poulner Road</name>
      </trkpt>
      <trkpt lat="50.8525850" lon="-1.7793050">
        <name>North Poulner Road</name>
      </trkpt>
      <trkpt lat="50.8525790" lon="-1.7794450">
        <name>North Poulner Road</name>
      </trkpt>
      <trkpt lat="50.8525730" lon="-1.7795850">
        <name>North Poulner Road</name>
      </trkpt>
      <trkpt lat="50.8525677" lon="-1.7797085">
        <name>North Poulner Road</name>
      </trkpt>
      <trkpt lat="50.8525625" lon="-1.7798320">
        <name>North Poulner Road</name>
      </trkpt>
      <trkpt lat="50.8525573" lon="-1.7799555">
        <name>North Poulner Road</name>
      </trkpt>
      <trkpt lat="50.8525520" lon="-1.7800790">
        <name>North Poulner Road</name>
      </trkpt>
      <trkpt lat="50.8525333" lon="-1.7802165">
        <name>North Poulner Road</name>
      </trkpt>
      <trkpt lat="50.8525145" lon="-1.7803540">
        <name>North Poulner Road</name>
      </trkpt>
      <trkpt lat="50.8524958" lon="-1.7804915">
        <name>North Poulner Road</name>
      </trkpt>
      <trkpt lat="50.8524770" lon="-1.7806290">
        <name>North Poulner Road</name>
      </trkpt>
      <trkpt lat="50.8524590" lon="-1.7807612">
        <name>North Poulner Road</name>
      </trkpt>
      <trkpt lat="50.8524410" lon="-1.7808933">
        <name>North Poulner Road</name>
      </trkpt>
      <trkpt lat="50.8524230" lon="-1.7810255">
        <name>North Poulner Road</name>
      </trkpt>
      <trkpt lat="50.8524050" lon="-1.7811577">
        <name>North Poulner Road</name>
      </trkpt>
      <trkpt lat="50.8523870" lon="-1.7812898">
        <name>North Poulner Road</name>
      </trkpt>
      <trkpt lat="50.8523690" lon="-1.7814220">
        <name>North Poulner Road</name>
      </trkpt>
      <trkpt lat="50.8523037" lon="-1.7814003">
        <name>North Poulner Road</name>
      </trkpt>
      <trkpt lat="50.8522383" lon="-1.7813787">
        <name>North Poulner Road</name>
      </trkpt>
      <trkpt lat="50.8521730" lon="-1.7813570">
        <name>North Poulner Road</name>
      </trkpt>
      <trkpt lat="50.8520917" lon="-1.7813300">
        <name>North Poulner Road</name>
      </trkpt>
      <trkpt lat="50.8520105" lon="-1.7813030">
        <name>North Poulner Road</name>
      </trkpt>
      <trkpt lat="50.8519292" lon="-1.7812760">
        <name>North Poulner Road</name>
      </trkpt>
      <trkpt lat="50.8518480" lon="-1.7812490">
        <name>North Poulner Road</name>
      </trkpt>
      <trkpt lat="50.8517860" lon="-1.7812330">
        <name>North Poulner Road</name>
      </trkpt>
      <trkpt lat="50.8517087" lon="-1.7812133">
        <name>North Poulner Road</name>
      </trkpt>
      <trkpt lat="50.8516313" lon="-1.7811937">
        <name>North Poulner Road</name>
      </trkpt>
      <trkpt lat="50.8515540" lon="-1.7811740">
        <name>North Poulner Road</name>
      </trkpt>
      <trkpt lat="50.8514767" lon="-1.7811543">
        <name>North Poulner Road</name>
      </trkpt>
      <trkpt lat="50.8513993" lon="-1.7811347">
        <name>North Poulner Road</name>
      </trkpt>
      <trkpt lat="50.8513220" lon="-1.7811150">
        <name>North Poulner Road</name>
      </trkpt>
      <trkpt lat="50.8512391" lon="-1.7810939">
        <name>North Poulner Road</name>
      </trkpt>
      <trkpt lat="50.8511562" lon="-1.7810728">
        <name>North Poulner Road</name>
      </trkpt>
      <trkpt lat="50.8510732" lon="-1.7810518">
        <name>North Poulner Road</name>
      </trkpt>
      <trkpt lat="50.8509903" lon="-1.7810307">
        <name>North Poulner Road</name>
      </trkpt>
      <trkpt lat="50.8509074" lon="-1.7810096">
        <name>North Poulner Road</name>
      </trkpt>
      <trkpt lat="50.8508245" lon="-1.7809885">
        <name>North Poulner Road</name>
      </trkpt>
      <trkpt lat="50.8507415" lon="-1.7809675">
        <name>North Poulner Road</name>
      </trkpt>
      <trkpt lat="50.8506586" lon="-1.7809464">
        <name>North Poulner Road</name>
      </trkpt>
      <trkpt lat="50.8505757" lon="-1.7809253">
        <name>North Poulner Road</name>
      </trkpt>
      <trkpt lat="50.8504928" lon="-1.7809042">
        <name>North Poulner Road</name>
      </trkpt>
      <trkpt lat="50.8504098" lon="-1.7808832">
        <name>North Poulner Road</name>
      </trkpt>
      <trkpt lat="50.8503269" lon="-1.7808621">
        <name>North Poulner Road</name>
      </trkpt>
      <trkpt lat="50.8502440" lon="-1.7808410">
        <name>North Poulner Road</name>
      </trkpt>
      <trkpt lat="50.8501985" lon="-1.7808295">
        <name>North Poulner Road</name>
      </trkpt>
      <trkpt lat="50.8501530" lon="-1.7808180">
        <name>North Poulner Road</name>
      </trkpt>
      <trkpt lat="50.8501030" lon="-1.7808050">
        <name>North Poulner Road</name>
      </trkpt>
      <trkpt lat="50.8500530" lon="-1.7807920">
        <name>North Poulner Road</name>
      </trkpt>
      <trkpt lat="50.8500645" lon="-1.7807180">
        <name>North Poulner Road</name>
      </trkpt>
      <trkpt lat="50.8500760" lon="-1.7806440">
        <name>North Poulner Road</name>
      </trkpt>
      <trkpt lat="50.8500900" lon="-1.7805430">
        <name>North Poulner Road</name>
      </trkpt>
      <trkpt lat="50.8501080" lon="-1.7804260">
        <name>North Poulner Road</name>
      </trkpt>
      <trkpt lat="50.8501275" lon="-1.7802989">
        <name>North Poulner Road</name>
      </trkpt>
      <trkpt lat="50.8501470" lon="-1.7801718">
        <name>North Poulner Road</name>
      </trkpt>
      <trkpt lat="50.8501665" lon="-1.7800446">
        <name>North Poulner Road</name>
      </trkpt>
      <trkpt lat="50.8501860" lon="-1.7799175">
        <name>North Poulner Road</name>
      </trkpt>
      <trkpt lat="50.8502055" lon="-1.7797904">
        <name>North Poulner Road</name>
      </trkpt>
      <trkpt lat="50.8502250" lon="-1.7796633">
        <name>North Poulner Road</name>
      </trkpt>
      <trkpt lat="50.8502445" lon="-1.7795361">
        <name>North Poulner Road</name>
      </trkpt>
      <trkpt lat="50.8502640" lon="-1.7794090">
        <name>North Poulner Road</name>
      </trkpt>
      <trkpt lat="50.8502850" lon="-1.7792842">
        <name>North Poulner Road</name>
      </trkpt>
      <trkpt lat="50.8503060" lon="-1.7791595">
        <name>North Poulner Road</name>
      </trkpt>
      <trkpt lat="50.8503270" lon="-1.7790348">
        <name>North Poulner Road</name>
      </trkpt>
      <trkpt lat="50.8503480" lon="-1.7789100">
        <name>North Poulner Road</name>
      </trkpt>
      <trkpt lat="50.8503685" lon="-1.7788020">
        <name>North Poulner Road</name>
      </trkpt>
      <trkpt lat="50.8503890" lon="-1.7786940">
        <name>North Poulner Road</name>
      </trkpt>
      <trkpt lat="50.8504107" lon="-1.7785793">
        <name>North Poulner Road</name>
      </trkpt>
      <trkpt lat="50.8504323" lon="-1.7784647">
        <name>North Poulner Road</name>
      </trkpt>
      <trkpt lat="50.8504540" lon="-1.7783500">
        <name>North Poulner Road</name>
      </trkpt>
      <trkpt lat="50.8504750" lon="-1.7782293">
        <name>North Poulner Road</name>
      </trkpt>
      <trkpt lat="50.8504960" lon="-1.7781087">
        <name>North Poulner Road</name>
      </trkpt>
      <trkpt lat="50.8505170" lon="-1.7779880">
        <name>North Poulner Road</name>
      </trkpt>
      <trkpt lat="50.8505370" lon="-1.7778930">
        <name>North Poulner Road</name>
      </trkpt>
      <trkpt lat="50.8505570" lon="-1.7777980">
        <name>North Poulner Road</name>
      </trkpt>
      <trkpt lat="50.8505765" lon="-1.7777090">
        <name>North Poulner Road</name>
      </trkpt>
      <trkpt lat="50.8505960" lon="-1.7776200">
        <name>North Poulner Road</name>
      </trkpt>
      <trkpt lat="50.8506135" lon="-1.7775370">
        <name>North Poulner Road</name>
      </trkpt>
      <trkpt lat="50.8506310" lon="-1.7774540">
        <name>North Poulner Road</name>
      </trkpt>
      <trkpt lat="50.8506350" lon="-1.7774370">
        <name>North Poulner Road</name>
      </trkpt>
      <trkpt lat="50.8506535" lon="-1.7773490">
        <name>North Poulner Road</name>
      </trkpt>
      <trkpt lat="50.8506720" lon="-1.7772610">
        <name>North Poulner Road</name>
      </trkpt>
      <trkpt lat="50.8506990" lon="-1.7771390">
        <name>North Poulner Road</name>
      </trkpt>
      <trkpt lat="50.8507175" lon="-1.7770515">
        <name>North Poulner Road</name>
      </trkpt>
      <trkpt lat="50.8507360" lon="-1.7769640">
        <name>North Poulner Road</name>
      </trkpt>
      <trkpt lat="50.8507570" lon="-1.7768640">
        <name>North Poulner Road</name>
      </trkpt>
      <trkpt lat="50.8507650" lon="-1.7768210">
        <name>North Poulner Road</name>
      </trkpt>
      <trkpt lat="50.8507910" lon="-1.7766945">
        <name>North Poulner Road</name>
      </trkpt>
      <trkpt lat="50.8508170" lon="-1.7765680">
        <name>North Poulner Road</name>
      </trkpt>
      <trkpt lat="50.8508370" lon="-1.7764750">
        <name>North Poulner Road</name>
      </trkpt>
      <trkpt lat="50.8508570" lon="-1.7763820">
        <name>North Poulner Road</name>
      </trkpt>
      <trkpt lat="50.8508770" lon="-1.7762890">
        <name>North Poulner Road</name>
      </trkpt>
      <trkpt lat="50.8508950" lon="-1.7762055">
        <name>North Poulner Road</name>
      </trkpt>
      <trkpt lat="50.8509130" lon="-1.7761220">
        <name>North Poulner Road</name>
      </trkpt>
      <trkpt lat="50.8509280" lon="-1.7760515">
        <name>North Poulner Road</name>
      </trkpt>
      <trkpt lat="50.8509430" lon="-1.7759810">
        <name>North Poulner Road</name>
      </trkpt>
      <trkpt lat="50.8509460" lon="-1.7759660">
        <name>North Poulner Road</name>
      </trkpt>
      <trkpt lat="50.8509615" lon="-1.7758940">
        <name>North Poulner Road</name>
      </trkpt>
      <trkpt lat="50.8509770" lon="-1.7758220">
        <name>North Poulner Road</name>
      </trkpt>
      <trkpt lat="50.8509950" lon="-1.7757395">
        <name>North Poulner Road</name>
      </trkpt>
      <trkpt lat="50.8510130" lon="-1.7756570">
        <name>North Poulner Road</name>
      </trkpt>
      <trkpt lat="50.8510320" lon="-1.7755730">
        <name>North Poulner Road</name>
      </trkpt>
      <trkpt lat="50.8510510" lon="-1.7754890">
        <name>North Poulner Road</name>
      </trkpt>
      <trkpt lat="50.8510800" lon="-1.7753685">
        <name>North Poulner Road</name>
      </trkpt>
      <trkpt lat="50.8511090" lon="-1.7752480">
        <name>North Poulner Road</name>
      </trkpt>
      <trkpt lat="50.8511310" lon="-1.7751583">
        <name>North Poulner Road</name>
      </trkpt>
      <trkpt lat="50.8511530" lon="-1.7750687">
        <name>North Poulner Road</name>
      </trkpt>
      <trkpt lat="50.8511750" lon="-1.7749790">
        <name>North Poulner Road</name>
      </trkpt>
      <trkpt lat="50.8511860" lon="-1.7749320">
        <name>North Poulner Road</name>
      </trkpt>
      <trkpt lat="50.8512060" lon="-1.7748490">
        <name>North Poulner Road</name>
      </trkpt>
      <trkpt lat="50.8512260" lon="-1.7747690">
        <name>North Poulner Road</name>
      </trkpt>
      <trkpt lat="50.8512370" lon="-1.7747250">
        <name>North Poulner Road</name>
      </trkpt>
      <trkpt lat="50.8512500" lon="-1.7746690">
        <name>North Poulner Road</name>
      </trkpt>
      <trkpt lat="50.8512743" lon="-1.7745677">
        <name>North Poulner Road</name>
      </trkpt>
      <trkpt lat="50.8512987" lon="-1.7744663">
        <name>North Poulner Road</name>
      </trkpt>
      <trkpt lat="50.8513230" lon="-1.7743650">
        <name>North Poulner Road</name>
      </trkpt>
      <trkpt lat="50.8513480" lon="-1.7742620">
        <name>North Poulner Road</name>
      </trkpt>
      <trkpt lat="50.8513795" lon="-1.7741335">
        <name>North Poulner Road</name>
      </trkpt>
      <trkpt lat="50.8514110" lon="-1.7740050">
        <name>North Poulner Road</name>
      </trkpt>
      <trkpt lat="50.8514220" lon="-1.7739580">
        <name>North Poulner Road</name>
      </trkpt>
      <trkpt lat="50.8514370" lon="-1.7739020">
        <name>North Poulner Road</name>
      </trkpt>
      <trkpt lat="50.8514520" lon="-1.7738400">
        <name>North Poulner Road</name>
      </trkpt>
      <trkpt lat="50.8514807" lon="-1.7737223">
        <name>North Poulner Road</name>
      </trkpt>
      <trkpt lat="50.8515093" lon="-1.7736047">
        <name>North Poulner Road</name>
      </trkpt>
      <trkpt lat="50.8515380" lon="-1.7734870">
        <name>North Poulner Road</name>
      </trkpt>
      <trkpt lat="50.8515660" lon="-1.7733570">
        <name>North Poulner Road</name>
      </trkpt>
      <trkpt lat="50.8515940" lon="-1.7732270">
        <name>North Poulner Road</name>
      </trkpt>
      <trkpt lat="50.8516110" lon="-1.7731240">
        <name>North Poulner Road</name>
      </trkpt>
      <trkpt lat="50.8516200" lon="-1.7730730">
        <name>North Poulner Road</name>
      </trkpt>
      <trkpt lat="50.8516305" lon="-1.7729650">
        <name>North Poulner Road</name>
      </trkpt>
      <trkpt lat="50.8516410" lon="-1.7728570">
        <name>North Poulner Road</name>
      </trkpt>
      <trkpt lat="50.8516420" lon="-1.7728430">
        <name>North Poulner Road</name>
      </trkpt>
      <trkpt lat="50.8516440" lon="-1.7727040">
        <name>North Poulner Road</name>
      </trkpt>
      <trkpt lat="50.8516455" lon="-1.7726095">
        <name>North Poulner Road</name>
      </trkpt>
      <trkpt lat="50.8516470" lon="-1.7725150">
        <name>North Poulner Road</name>
      </trkpt>
      <trkpt lat="50.8516455" lon="-1.7724155">
        <name>North Poulner Road</name>
      </trkpt>
      <trkpt lat="50.8516440" lon="-1.7723160">
        <name>North Poulner Road</name>
      </trkpt>
      <trkpt lat="50.8516383" lon="-1.7721850">
        <name>North Poulner Road</name>
      </trkpt>
      <trkpt lat="50.8516327" lon="-1.7720540">
        <name>North Poulner Road</name>
      </trkpt>
      <trkpt lat="50.8516270" lon="-1.7719230">
        <name>North Poulner Road</name>
      </trkpt>
      <trkpt lat="50.8516225" lon="-1.7718135">
        <name>North Poulner Road</name>
      </trkpt>
      <trkpt lat="50.8516180" lon="-1.7717040">
        <name>North Poulner Road</name>
      </trkpt>
      <trkpt lat="50.8516080" lon="-1.7715760">
        <name>North Poulner Road</name>
      </trkpt>
      <trkpt lat="50.8515990" lon="-1.7714640">
        <name>North Poulner Road</name>
      </trkpt>
      <trkpt lat="50.8515948" lon="-1.7713545">
        <name>North Poulner Road</name>
      </trkpt>
      <trkpt lat="50.8515905" lon="-1.7712450">
        <name>North Poulner Road</name>
      </trkpt>
      <trkpt lat="50.8515862" lon="-1.7711355">
        <name>North Poulner Road</name>
      </trkpt>
      <trkpt lat="50.8515820" lon="-1.7710260">
        <name>North Poulner Road</name>
      </trkpt>
      <trkpt lat="50.8515725" lon="-1.7709380">
        <name>North Poulner Road</name>
      </trkpt>
      <trkpt lat="50.8515630" lon="-1.7708500">
        <name>North Poulner Road</name>
      </trkpt>
      <trkpt lat="50.8515500" lon="-1.7707890">
        <name>North Poulner Road</name>
      </trkpt>
      <trkpt lat="50.8515090" lon="-1.7706915">
        <name>North Poulner Road</name>
      </trkpt>
      <trkpt lat="50.8514680" lon="-1.7705940">
        <name>North Poulner Road</name>
      </trkpt>
      <trkpt lat="50.8514002" lon="-1.7705073">
        <name>North Poulner Road</name>
      </trkpt>
      <trkpt lat="50.8513325" lon="-1.7704205">
        <name>North Poulner Road</name>
      </trkpt>
      <trkpt lat="50.8512647" lon="-1.7703338">
        <name>North Poulner Road</name>
      </trkpt>
      <trkpt lat="50.8511970" lon="-1.7702470">
        <name>North Poulner Road</name>
      </trkpt>
      <trkpt lat="50.8511292" lon="-1.7701602">
        <name>North Poulner Road</name>
      </trkpt>
      <trkpt lat="50.8510615" lon="-1.7700735">
        <name>North Poulner Road</name>
      </trkpt>
      <trkpt lat="50.8509938" lon="-1.7699867">
        <name>North Poulner Road</name>
      </trkpt>
      <trkpt lat="50.8509260" lon="-1.7699000">
        <name>North Poulner Road</name>
      </trkpt>
      <trkpt lat="50.8508652" lon="-1.7698217">
        <name>North Poulner Road</name>
      </trkpt>
      <trkpt lat="50.8508045" lon="-1.7697435">
        <name>North Poulner Road</name>
      </trkpt>
      <trkpt lat="50.8507437" lon="-1.7696653">
        <name>North Poulner Road</name>
      </trkpt>
      <trkpt lat="50.8506830" lon="-1.7695870">
        <name>North Poulner Road</name>
      </trkpt>
      <trkpt lat="50.8506192" lon="-1.7695295">
        <name>North Poulner Road</name>
      </trkpt>
      <trkpt lat="50.8505555" lon="-1.7694720">
        <name>North Poulner Road</name>
      </trkpt>
      <trkpt lat="50.8504918" lon="-1.7694145">
        <name>North Poulner Road</name>
      </trkpt>
      <trkpt lat="50.8504280" lon="-1.7693570">
        <name>North Poulner Road</name>
      </trkpt>
      <trkpt lat="50.8503760" lon="-1.7693195">
        <name>North Poulner Road</name>
      </trkpt>
      <trkpt lat="50.8503240" lon="-1.7692820">
        <name>North Poulner Road</name>
      </trkpt>
      <trkpt lat="50.8502785" lon="-1.7692565">
        <name>North Poulner Road</name>
      </trkpt>
      <trkpt lat="50.8502330" lon="-1.7692310">
        <name>North Poulner Road</name>
      </trkpt>
      <trkpt lat="50.8501610" lon="-1.7691950">
        <name>North Poulner Road</name>
      </trkpt>
      <trkpt lat="50.8500890" lon="-1.7691590">
        <name>North Poulner Road</name>
      </trkpt>
      <trkpt lat="50.8500085" lon="-1.7691325">
        <name>North Poulner Road</name>
      </trkpt>
      <trkpt lat="50.8499280" lon="-1.7691060">
        <name>North Poulner Road</name>
      </trkpt>
      <trkpt lat="50.8498960" lon="-1.7690990">
        <name>North Poulner Road</name>
      </trkpt>
      <trkpt lat="50.8498353" lon="-1.7690847">
        <name>North Poulner Road</name>
      </trkpt>
      <trkpt lat="50.8497747" lon="-1.7690703">
        <name>North Poulner Road</name>
      </trkpt>
      <trkpt lat="50.8497140" lon="-1.7690560">
        <name>North Poulner Road</name>
      </trkpt>
      <trkpt lat="50.8496397" lon="-1.7690447">
        <name>North Poulner Road</name>
      </trkpt>
      <trkpt lat="50.8495653" lon="-1.7690333">
        <name>North Poulner Road</name>
      </trkpt>
      <trkpt lat="50.8494910" lon="-1.7690220">
        <name>North Poulner Road</name>
      </trkpt>
      <trkpt lat="50.8494093" lon="-1.7690093">
        <name>North Poulner Road</name>
      </trkpt>
      <trkpt lat="50.8493277" lon="-1.7689967">
        <name>North Poulner Road</name>
      </trkpt>
      <trkpt lat="50.8492460" lon="-1.7689840">
        <name>North Poulner Road</name>
      </trkpt>
      <trkpt lat="50.8491600" lon="-1.7689690">
        <name>North Poulner Road</name>
      </trkpt>
      <trkpt lat="50.8490740" lon="-1.7689540">
        <name>North Poulner Road</name>
      </trkpt>
      <trkpt lat="50.8489938" lon="-1.7689400">
        <name>North Poulner Road</name>
      </trkpt>
      <trkpt lat="50.8489136" lon="-1.7689260">
        <name>North Poulner Road</name>
      </trkpt>
      <trkpt lat="50.8488334" lon="-1.7689120">
        <name>North Poulner Road</name>
      </trkpt>
      <trkpt lat="50.8487532" lon="-1.7688980">
        <name>North Poulner Road</name>
      </trkpt>
      <trkpt lat="50.8486730" lon="-1.7688840">
        <name>North Poulner Road</name>
      </trkpt>
      <trkpt lat="50.8486100" lon="-1.7688765">
        <name>North Poulner Road</name>
      </trkpt>
      <trkpt lat="50.8485470" lon="-1.7688690">
        <name>North Poulner Road</name>
      </trkpt>
      <trkpt lat="50.8485325" lon="-1.7689380">
        <name>North Poulner Road</name>
      </trkpt>
      <trkpt lat="50.8485180" lon="-1.7690070">
        <name>North Poulner Road</name>
      </trkpt>
      <trkpt lat="50.8484950" lon="-1.7691190">
        <name>North Poulner Road</name>
      </trkpt>
      <trkpt lat="50.8484963" lon="-1.7692503">
        <name>North Poulner Road</name>
      </trkpt>
      <trkpt lat="50.8484977" lon="-1.7693817">
        <name>North Poulner Road</name>
      </trkpt>
      <trkpt lat="50.8484990" lon="-1.7695130">
        <name>North Poulner Road</name>
      </trkpt>
      <trkpt lat="50.8485082" lon="-1.7696528">
        <name>North Poulner Road</name>
      </trkpt>
      <trkpt lat="50.8485174" lon="-1.7697926">
        <name>North Poulner Road</name>
      </trkpt>
      <trkpt lat="50.8485266" lon="-1.7699324">
        <name>North Poulner Road</name>
      </trkpt>
      <trkpt lat="50.8485359" lon="-1.7700721">
        <name>North Poulner Road</name>
      </trkpt>
      <trkpt lat="50.8485451" lon="-1.7702119">
        <name>North Poulner Road</name>
      </trkpt>
      <trkpt lat="50.8485543" lon="-1.7703517">
        <name>North Poulner Road</name>
      </trkpt>
      <trkpt lat="50.8485635" lon="-1.7704915">
        <name>North Poulner Road</name>
      </trkpt>
      <trkpt lat="50.8485727" lon="-1.7706313">
        <name>North Poulner Road</name>
      </trkpt>
      <trkpt lat="50.8485819" lon="-1.7707711">
        <name>North Poulner Road</name>
      </trkpt>
      <trkpt lat="50.8485911" lon="-1.7709109">
        <name>North Poulner Road</name>
      </trkpt>
      <trkpt lat="50.8486004" lon="-1.7710506">
        <name>North Poulner Road</name>
      </trkpt>
      <trkpt lat="50.8486096" lon="-1.7711904">
        <name>North Poulner Road</name>
      </trkpt>
      <trkpt lat="50.8486188" lon="-1.7713302">
        <name>North Poulner Road</name>
      </trkpt>
      <trkpt lat="50.8486280" lon="-1.7714700">
        <name>North Poulner Road</name>
      </trkpt>
      <trkpt lat="50.8485910" lon="-1.7715820">
        <name>North Poulner Road</name>
      </trkpt>
      <trkpt lat="50.8485350" lon="-1.7716700">
        <name>North Poulner Road</name>
      </trkpt>
      <trkpt lat="50.8484920" lon="-1.7717070">
        <name>North Poulner Road</name>
      </trkpt>
      <trkpt lat="50.8484400" lon="-1.7717290">
        <name>North Poulner Road</name>
      </trkpt>
      <trkpt lat="50.8483930" lon="-1.7717510">
        <name>North Poulner Road</name>
      </trkpt>
      <trkpt lat="50.8483460" lon="-1.7717730">
        <name>North Poulner Road</name>
      </trkpt>
      <trkpt lat="50.8483020" lon="-1.7717935">
        <name>North Poulner Road</name>
      </trkpt>
      <trkpt lat="50.8482580" lon="-1.7718140">
        <name>North Poulner Road</name>
      </trkpt>
      <trkpt lat="50.8481760" lon="-1.7718470">
        <name>North Poulner Road</name>
      </trkpt>
      <trkpt lat="50.8480905" lon="-1.7718717">
        <name>North Poulner Road</name>
      </trkpt>
      <trkpt lat="50.8480050" lon="-1.7718965">
        <name>North Poulner Road</name>
      </trkpt>
      <trkpt lat="50.8479195" lon="-1.7719213">
        <name>North Poulner Road</name>
      </trkpt>
      <trkpt lat="50.8478340" lon="-1.7719460">
        <name>North Poulner Road</name>
      </trkpt>
      <trkpt lat="50.8477810" lon="-1.7719590">
        <name>Seymour Road</name>
      </trkpt>
      <trkpt lat="50.8477280" lon="-1.7719720">
        <name>Seymour Road</name>
      </trkpt>
      <trkpt lat="50.8476480" lon="-1.7719920">
        <name>Seymour Road</name>
      </trkpt>
      <trkpt lat="50.8475600" lon="-1.7720140">
        <name>Seymour Road</name>
      </trkpt>
      <trkpt lat="50.8474715" lon="-1.7720365">
        <name>Seymour Road</name>
      </trkpt>
      <trkpt lat="50.8473830" lon="-1.7720590">
        <name>Seymour Road</name>
      </trkpt>
      <trkpt lat="50.8473185" lon="-1.7720755">
        <name>Seymour Road</name>
      </trkpt>
      <trkpt lat="50.8472540" lon="-1.7720920">
        <name>Seymour Road</name>
      </trkpt>
      <trkpt lat="50.8471890" lon="-1.7721080">
        <name>Seymour Road</name>
      </trkpt>
      <trkpt lat="50.8471240" lon="-1.7721240">
        <name>Seymour Road</name>
      </trkpt>
      <trkpt lat="50.8470470" lon="-1.7721410">
        <name>Seymour Road</name>
      </trkpt>
      <trkpt lat="50.8470260" lon="-1.7721460">
        <name>Seymour Road</name>
      </trkpt>
      <trkpt lat="50.8469610" lon="-1.7721580">
        <name>Seymour Road</name>
      </trkpt>
      <trkpt lat="50.8468980" lon="-1.7721700">
        <name>Seymour Road</name>
      </trkpt>
      <trkpt lat="50.8468280" lon="-1.7721820">
        <name>Seymour Road</name>
      </trkpt>
      <trkpt lat="50.8467850" lon="-1.7721900">
        <name>Seymour Road</name>
      </trkpt>
      <trkpt lat="50.8467110" lon="-1.7722030">
        <name>Seymour Road</name>
      </trkpt>
      <trkpt lat="50.8466380" lon="-1.7722150">
        <name>Seymour Road</name>
      </trkpt>
      <trkpt lat="50.8465747" lon="-1.7722200">
        <name>Seymour Road</name>
      </trkpt>
      <trkpt lat="50.8465113" lon="-1.7722250">
        <name>Seymour Road</name>
      </trkpt>
      <trkpt lat="50.8464480" lon="-1.7722300">
        <name>Seymour Road</name>
      </trkpt>
      <trkpt lat="50.8463980" lon="-1.7722320">
        <name>Seymour Road</name>
      </trkpt>
      <trkpt lat="50.8463480" lon="-1.7722340">
        <name>Seymour Road</name>
      </trkpt>
      <trkpt lat="50.8463050" lon="-1.7722330">
        <name>Seymour Road</name>
      </trkpt>
      <trkpt lat="50.8462380" lon="-1.7722290">
        <name>Seymour Road</name>
      </trkpt>
      <trkpt lat="50.8461670" lon="-1.7722210">
        <name>Seymour Road</name>
      </trkpt>
      <trkpt lat="50.8461100" lon="-1.7722080">
        <name>Seymour Road</name>
      </trkpt>
      <trkpt lat="50.8460500" lon="-1.7721830">
        <name>Meadow Road</name>
      </trkpt>
      <trkpt lat="50.8459775" lon="-1.7721485">
        <name>Meadow Road</name>
      </trkpt>
      <trkpt lat="50.8459050" lon="-1.7721140">
        <name>Meadow Road</name>
      </trkpt>
      <trkpt lat="50.8458215" lon="-1.7720745">
        <name>Meadow Road</name>
      </trkpt>
      <trkpt lat="50.8457380" lon="-1.7720350">
        <name>Meadow Road</name>
      </trkpt>
      <trkpt lat="50.8457050" lon="-1.7720200">
        <name>Meadow Road</name>
      </trkpt>
      <trkpt lat="50.8456260" lon="-1.7719930">
        <name>Meadow Road</name>
      </trkpt>
      <trkpt lat="50.8455470" lon="-1.7719740">
        <name>Meadow Road</name>
      </trkpt>
      <trkpt lat="50.8454670" lon="-1.7719640">
        <name>Meadow Road</name>
      </trkpt>
      <trkpt lat="50.8453930" lon="-1.7719665">
        <name>Meadow Road</name>
      </trkpt>
      <trkpt lat="50.8453190" lon="-1.7719690">
        <name>Meadow Road</name>
      </trkpt>
      <trkpt lat="50.8452416" lon="-1.7719720">
        <name>Meadow Road</name>
      </trkpt>
      <trkpt lat="50.8451641" lon="-1.7719750">
        <name>Meadow Road</name>
      </trkpt>
      <trkpt lat="50.8450867" lon="-1.7719780">
        <name>Meadow Road</name>
      </trkpt>
      <trkpt lat="50.8450093" lon="-1.7719810">
        <name>Meadow Road</name>
      </trkpt>
      <trkpt lat="50.8449319" lon="-1.7719840">
        <name>Meadow Road</name>
      </trkpt>
      <trkpt lat="50.8448544" lon="-1.7719870">
        <name>Meadow Road</name>
      </trkpt>
      <trkpt lat="50.8447770" lon="-1.7719900">
        <name>Meadow Road</name>
      </trkpt>
      <trkpt lat="50.8447400" lon="-1.7719910">
        <name>Meadow Road</name>
      </trkpt>
      <trkpt lat="50.8446763" lon="-1.7719933">
        <name>Meadow Road</name>
      </trkpt>
      <trkpt lat="50.8446127" lon="-1.7719957">
        <name>Meadow Road</name>
      </trkpt>
      <trkpt lat="50.8445490" lon="-1.7719980">
        <name>Meadow Road</name>
      </trkpt>
      <trkpt lat="50.8444646" lon="-1.7720040">
        <name>Meadow Road</name>
      </trkpt>
      <trkpt lat="50.8443802" lon="-1.7720100">
        <name>Meadow Road</name>
      </trkpt>
      <trkpt lat="50.8442958" lon="-1.7720160">
        <name>Meadow Road</name>
      </trkpt>
      <trkpt lat="50.8442114" lon="-1.7720220">
        <name>Meadow Road</name>
      </trkpt>
      <trkpt lat="50.8441270" lon="-1.7720280">
        <name>Meadow Road</name>
      </trkpt>
      <trkpt lat="50.8441070" lon="-1.7720290">
        <name>Meadow Road</name>
      </trkpt>
      <trkpt lat="50.8440545" lon="-1.7720180">
        <name>Meadow Road</name>
      </trkpt>
      <trkpt lat="50.8440020" lon="-1.7720070">
        <name>Meadow Road</name>
      </trkpt>
      <trkpt lat="50.8439302" lon="-1.7719802">
        <name>Meadow Road</name>
      </trkpt>
      <trkpt lat="50.8438584" lon="-1.7719534">
        <name>Meadow Road</name>
      </trkpt>
      <trkpt lat="50.8437866" lon="-1.7719266">
        <name>Meadow Road</name>
      </trkpt>
      <trkpt lat="50.8437148" lon="-1.7718998">
        <name>Meadow Road</name>
      </trkpt>
      <trkpt lat="50.8436430" lon="-1.7718730">
        <name>Meadow Road</name>
      </trkpt>
      <trkpt lat="50.8435690" lon="-1.7718380">
        <name>Meadow Road</name>
      </trkpt>
      <trkpt lat="50.8435103" lon="-1.7718007">
        <name>Meadow Road</name>
      </trkpt>
      <trkpt lat="50.8434517" lon="-1.7717633">
        <name>Meadow Road</name>
      </trkpt>
      <trkpt lat="50.8433930" lon="-1.7717260">
        <name>Meadow Road</name>
      </trkpt>
      <trkpt lat="50.8433550" lon="-1.7716705">
        <name>Broadshard Lane</name>
      </trkpt>
      <trkpt lat="50.8433170" lon="-1.7716150">
        <name>Broadshard Lane</name>
      </trkpt>
      <trkpt lat="50.8432720" lon="-1.7715090">
        <name>Broadshard Lane</name>
      </trkpt>
      <trkpt lat="50.8432470" lon="-1.7714315">
        <name>Broadshard Lane</name>
      </trkpt>
      <trkpt lat="50.8432220" lon="-1.7713540">
        <name>Broadshard Lane</name>
      </trkpt>
      <trkpt lat="50.8432010" lon="-1.7712555">
        <name>Broadshard Lane</name>
      </trkpt>
      <trkpt lat="50.8431800" lon="-1.7711570">
        <name>Broadshard Lane</name>
      </trkpt>
      <trkpt lat="50.8431640" lon="-1.7710485">
        <name>Broadshard Lane</name>
      </trkpt>
      <trkpt lat="50.8431480" lon="-1.7709400">
        <name>Broadshard Lane</name>
      </trkpt>
      <trkpt lat="50.8431350" lon="-1.7708510">
        <name>Broadshard Lane</name>
      </trkpt>
      <trkpt lat="50.8431220" lon="-1.7707620">
        <name>Broadshard Lane</name>
      </trkpt>
      <trkpt lat="50.8431040" lon="-1.7706392">
        <name>Broadshard Lane</name>
      </trkpt>
      <trkpt lat="50.8430860" lon="-1.7705165">
        <name>Broadshard Lane</name>
      </trkpt>
      <trkpt lat="50.8430680" lon="-1.7703937">
        <name>Broadshard Lane</name>
      </trkpt>
      <trkpt lat="50.8430500" lon="-1.7702710">
        <name>Broadshard Lane</name>
      </trkpt>
      <trkpt lat="50.8430312" lon="-1.7701680">
        <name>Broadshard Lane</name>
      </trkpt>
      <trkpt lat="50.8430125" lon="-1.7700650">
        <name>Broadshard Lane</name>
      </trkpt>
      <trkpt lat="50.8429938" lon="-1.7699620">
        <name>Broadshard Lane</name>
      </trkpt>
      <trkpt lat="50.8429750" lon="-1.7698590">
        <name>Broadshard Lane</name>
      </trkpt>
      <trkpt lat="50.8428940" lon="-1.7698290">
        <name>Broadshard Lane</name>
      </trkpt>
      <trkpt lat="50.8428060" lon="-1.7698480">
        <name>Broadshard Lane</name>
      </trkpt>
      <trkpt lat="50.8427455" lon="-1.7698735">
        <name>Broadshard Lane</name>
      </trkpt>
      <trkpt lat="50.8426850" lon="-1.7698990">
        <name>Broadshard Lane</name>
      </trkpt>
      <trkpt lat="50.8426303" lon="-1.7699573">
        <name>Broadshard Lane</name>
      </trkpt>
      <trkpt lat="50.8425757" lon="-1.7700157">
        <name>Broadshard Lane</name>
      </trkpt>
      <trkpt lat="50.8425210" lon="-1.7700740">
        <name>Broadshard Lane</name>
      </trkpt>
      <trkpt lat="50.8424570" lon="-1.7701320">
        <name>Broadshard Lane</name>
      </trkpt>
      <trkpt lat="50.8423930" lon="-1.7701900">
        <name>Broadshard Lane</name>
      </trkpt>
      <trkpt lat="50.8423290" lon="-1.7702325">
        <name>Broadshard Lane</name>
      </trkpt>
      <trkpt lat="50.8422650" lon="-1.7702750">
        <name>Broadshard Lane</name>
      </trkpt>
      <trkpt lat="50.8421837" lon="-1.7703040">
        <name>Broadshard Lane</name>
      </trkpt>
      <trkpt lat="50.8421023" lon="-1.7703330">
        <name>Broadshard Lane</name>
      </trkpt>
      <trkpt lat="50.8420210" lon="-1.7703620">
        <name>Broadshard Lane</name>
      </trkpt>
      <trkpt lat="50.8419675" lon="-1.7703810">
        <name>Broadshard Lane</name>
      </trkpt>
      <trkpt lat="50.8419140" lon="-1.7704000">
        <name>Broadshard Lane</name>
      </trkpt>
      <trkpt lat="50.8418540" lon="-1.7704220">
        <name>Broadshard Lane</name>
      </trkpt>
      <trkpt lat="50.8417782" lon="-1.7704600">
        <name>Southampton Road</name>
      </trkpt>
      <trkpt lat="50.8417024" lon="-1.7704980">
        <name>Southampton Road</name>
      </trkpt>
      <trkpt lat="50.8416266" lon="-1.7705360">
        <name>Southampton Road</name>
      </trkpt>
      <trkpt lat="50.8415508" lon="-1.7705740">
        <name>Southampton Road</name>
      </trkpt>
      <trkpt lat="50.8414750" lon="-1.7706120">
        <name>Southampton Road</name>
      </trkpt>
      <trkpt lat="50.8414188" lon="-1.7706918">
        <name>Southampton Road</name>
      </trkpt>
      <trkpt lat="50.8413627" lon="-1.7707717">
        <name>Southampton Road</name>
      </trkpt>
      <trkpt lat="50.8413065" lon="-1.7708515">
        <name>Southampton Road</name>
      </trkpt>
      <trkpt lat="50.8412503" lon="-1.7709313">
        <name>Southampton Road</name>
      </trkpt>
      <trkpt lat="50.8411942" lon="-1.7710112">
        <name>Southampton Road</name>
      </trkpt>
      <trkpt lat="50.8411380" lon="-1.7710910">
        <name>Southampton Road</name>
      </trkpt>
      <trkpt lat="50.8410763" lon="-1.7711785">
        <name>Southampton Road</name>
      </trkpt>
      <trkpt lat="50.8410145" lon="-1.7712660">
        <name>Southampton Road</name>
      </trkpt>
      <trkpt lat="50.8409527" lon="-1.7713535">
        <name>Southampton Road</name>
      </trkpt>
      <trkpt lat="50.8408910" lon="-1.7714410">
        <name>Southampton Road</name>
      </trkpt>
      <trkpt lat="50.8408292" lon="-1.7715285">
        <name>Southampton Road</name>
      </trkpt>
      <trkpt lat="50.8407675" lon="-1.7716160">
        <name>Southampton Road</name>
      </trkpt>
      <trkpt lat="50.8407058" lon="-1.7717035">
        <name>Southampton Road</name>
      </trkpt>
      <trkpt lat="50.8406440" lon="-1.7717910">
        <name>Southampton Road</name>
      </trkpt>
      <trkpt lat="50.8405823" lon="-1.7718785">
        <name>Southampton Road</name>
      </trkpt>
      <trkpt lat="50.8405205" lon="-1.7719660">
        <name>Southampton Road</name>
      </trkpt>
      <trkpt lat="50.8404588" lon="-1.7720535">
        <name>Southampton Road</name>
      </trkpt>
      <trkpt lat="50.8403970" lon="-1.7721410">
        <name>Southampton Road</name>
      </trkpt>
      <trkpt lat="50.8403190" lon="-1.7721975">
        <name>Southampton Road</name>
      </trkpt>
      <trkpt lat="50.8402410" lon="-1.7722540">
        <name>Southampton Road</name>
      </trkpt>
      <trkpt lat="50.8401630" lon="-1.7723105">
        <name>Southampton Road</name>
      </trkpt>
      <trkpt lat="50.8400850" lon="-1.7723670">
        <name>Southampton Road</name>
      </trkpt>
      <trkpt lat="50.8400950" lon="-1.7724350">
        <name>Southampton Road</name>
      </trkpt>
      <trkpt lat="50.8401070" lon="-1.7725205">
        <name>Southampton Road</name>
      </trkpt>
      <trkpt lat="50.8401190" lon="-1.7726060">
        <name>Southampton Road</name>
      </trkpt>
      <trkpt lat="50.8401368" lon="-1.7727302">
        <name>Southampton Road</name>
      </trkpt>
      <trkpt lat="50.8401546" lon="-1.7728544">
        <name>Southampton Road</name>
      </trkpt>
      <trkpt lat="50.8401724" lon="-1.7729786">
        <name>Southampton Road</name>
      </trkpt>
      <trkpt lat="50.8401902" lon="-1.7731028">
        <name>Southampton Road</name>
      </trkpt>
      <trkpt lat="50.8402080" lon="-1.7732270">
        <name>Southampton Road</name>
      </trkpt>
      <trkpt lat="50.8402851" lon="-1.7732266">
        <name>Southampton Road</name>
      </trkpt>
      <trkpt lat="50.8403623" lon="-1.7732261">
        <name>Southampton Road</name>
      </trkpt>
      <trkpt lat="50.8404394" lon="-1.7732257">
        <name>Southampton Road</name>
      </trkpt>
      <trkpt lat="50.8405166" lon="-1.7732253">
        <name>Southampton Road</name>
      </trkpt>
      <trkpt lat="50.8405937" lon="-1.7732249">
        <name>Southampton Road</name>
      </trkpt>
      <trkpt lat="50.8406709" lon="-1.7732244">
        <name>Southampton Road</name>
      </trkpt>
      <trkpt lat="50.8407480" lon="-1.7732240">
        <name>Southampton Road</name>
      </trkpt>
      <trkpt lat="50.8408300" lon="-1.7732240">
        <name>Southampton Road</name>
      </trkpt>
      <trkpt lat="50.8408810" lon="-1.7732240">
        <name>Southampton Road</name>
      </trkpt>
      <trkpt lat="50.8409260" lon="-1.7732340">
        <name>Southampton Road</name>
      </trkpt>
      <trkpt lat="50.8409610" lon="-1.7732480">
        <name>Southampton Road</name>
      </trkpt>
      <trkpt lat="50.8410090" lon="-1.7732830">
        <name>Southampton Road</name>
      </trkpt>
      <trkpt lat="50.8410370" lon="-1.7733160">
        <name>Southampton Road</name>
      </trkpt>
      <trkpt lat="50.8410990" lon="-1.7733920">
        <name>Southampton Road</name>
      </trkpt>
      <trkpt lat="50.8411610" lon="-1.7734680">
        <name>Southampton Road</name>
      </trkpt>
      <trkpt lat="50.8412230" lon="-1.7735440">
        <name>Southampton Road</name>
      </trkpt>
      <trkpt lat="50.8412795" lon="-1.7736230">
        <name>Southampton Road</name>
      </trkpt>
      <trkpt lat="50.8413360" lon="-1.7737020">
        <name>Southampton Road</name>
      </trkpt>
      <trkpt lat="50.8413940" lon="-1.7737700">
        <name>Southampton Road</name>
      </trkpt>
      <trkpt lat="50.8414420" lon="-1.7738090">
        <name>Southampton Road</name>
      </trkpt>
      <trkpt lat="50.8415070" lon="-1.7738220">
        <name>Southampton Road</name>
      </trkpt>
      <trkpt lat="50.8415880" lon="-1.7738200">
        <name>Southampton Road</name>
      </trkpt>
      <trkpt lat="50.8416747" lon="-1.7738177">
        <name>Southampton Road</name>
      </trkpt>
      <trkpt lat="50.8417613" lon="-1.7738153">
        <name>Southampton Road</name>
      </trkpt>
      <trkpt lat="50.8418480" lon="-1.7738130">
        <name>Southampton Road</name>
      </trkpt>
      <trkpt lat="50.8418495" lon="-1.7739530">
        <name>Southampton Road</name>
      </trkpt>
      <trkpt lat="50.8418510" lon="-1.7740930">
        <name>Southampton Road</name>
      </trkpt>
      <trkpt lat="50.8418520" lon="-1.7741725">
        <name>Southampton Road</name>
      </trkpt>
      <trkpt lat="50.8418530" lon="-1.7742520">
        <name>Southampton Road</name>
      </trkpt>
      <trkpt lat="50.8418540" lon="-1.7743310">
        <name>Southampton Road</name>
      </trkpt>
      <trkpt lat="50.8418555" lon="-1.7744620">
        <name>Southampton Road</name>
      </trkpt>
      <trkpt lat="50.8418570" lon="-1.7745930">
        <name>Southampton Road</name>
      </trkpt>
      <trkpt lat="50.8419130" lon="-1.7746155">
        <name>Southampton Road</name>
      </trkpt>
      <trkpt lat="50.8419690" lon="-1.7746380">
        <name>Southampton Road</name>
      </trkpt>
      <trkpt lat="50.8420210" lon="-1.7746380">
        <name>Southampton Road</name>
      </trkpt>
      <trkpt lat="50.8420730" lon="-1.7746380">
        <name>Southampton Road</name>
      </trkpt>
      <trkpt lat="50.8420210" lon="-1.7746380">
        <name>Southampton Road</name>
      </trkpt>
      <trkpt lat="50.8419690" lon="-1.7746380">
        <name>Southampton Road</name>
      </trkpt>
      <trkpt lat="50.8419130" lon="-1.7746155">
        <name>Southampton Road</name>
      </trkpt>
      <trkpt lat="50.8418570" lon="-1.7745930">
        <name>Southampton Road</name>
      </trkpt>
      <trkpt lat="50.8418555" lon="-1.7744620">
        <name>Southampton Road</name>
      </trkpt>
      <trkpt lat="50.8418540" lon="-1.7743310">
        <name>Southampton Road</name>
      </trkpt>
      <trkpt lat="50.8418530" lon="-1.7742520">
        <name>Southampton Road</name>
      </trkpt>
      <trkpt lat="50.8418520" lon="-1.7741725">
        <name>Southampton Road</name>
      </trkpt>
      <trkpt lat="50.8418510" lon="-1.7740930">
        <name>Southampton Road</name>
      </trkpt>
      <trkpt lat="50.8418495" lon="-1.7739530">
        <name>Southampton Road</name>
      </trkpt>
      <trkpt lat="50.8418480" lon="-1.7738130">
        <name>Southampton Road</name>
      </trkpt>
      <trkpt lat="50.8418260" lon="-1.7738140">
        <name>Southampton Road</name>
      </trkpt>
      <trkpt lat="50.8417467" lon="-1.7738160">
        <name>Southampton Road</name>
      </trkpt>
      <trkpt lat="50.8416673" lon="-1.7738180">
        <name>Southampton Road</name>
      </trkpt>
      <trkpt lat="50.8415880" lon="-1.7738200">
        <name>Southampton Road</name>
      </trkpt>
      <trkpt lat="50.8415070" lon="-1.7738220">
        <name>Southampton Road</name>
      </trkpt>
      <trkpt lat="50.8414420" lon="-1.7738090">
        <name>Southampton Road</name>
      </trkpt>
      <trkpt lat="50.8413940" lon="-1.7737700">
        <name>Southampton Road</name>
      </trkpt>
      <trkpt lat="50.8413360" lon="-1.7737020">
        <name>Southampton Road</name>
      </trkpt>
      <trkpt lat="50.8412795" lon="-1.7736230">
        <name>Southampton Road</name>
      </trkpt>
      <trkpt lat="50.8412230" lon="-1.7735440">
        <name>Southampton Road</name>
      </trkpt>
      <trkpt lat="50.8411610" lon="-1.7734680">
        <name>Southampton Road</name>
      </trkpt>
      <trkpt lat="50.8410990" lon="-1.7733920">
        <name>Southampton Road</name>
      </trkpt>
      <trkpt lat="50.8410370" lon="-1.7733160">
        <name>Southampton Road</name>
      </trkpt>
      <trkpt lat="50.8410090" lon="-1.7732830">
        <name>Southampton Road</name>
      </trkpt>
      <trkpt lat="50.8409610" lon="-1.7732480">
        <name>Southampton Road</name>
      </trkpt>
      <trkpt lat="50.8409260" lon="-1.7732340">
        <name>Southampton Road</name>
      </trkpt>
      <trkpt lat="50.8408810" lon="-1.7732240">
        <name>Southampton Road</name>
      </trkpt>
      <trkpt lat="50.8408145" lon="-1.7732240">
        <name>Southampton Road</name>
      </trkpt>
      <trkpt lat="50.8407480" lon="-1.7732240">
        <name>Southampton Road</name>
      </trkpt>
      <trkpt lat="50.8406748" lon="-1.7732244">
        <name>Southampton Road</name>
      </trkpt>
      <trkpt lat="50.8406016" lon="-1.7732248">
        <name>Southampton Road</name>
      </trkpt>
      <trkpt lat="50.8405284" lon="-1.7732252">
        <name>Southampton Road</name>
      </trkpt>
      <trkpt lat="50.8404552" lon="-1.7732256">
        <name>Southampton Road</name>
      </trkpt>
      <trkpt lat="50.8403820" lon="-1.7732260">
        <name>Southampton Road</name>
      </trkpt>
      <trkpt lat="50.8402950" lon="-1.7732265">
        <name>Southampton Road</name>
      </trkpt>
      <trkpt lat="50.8402080" lon="-1.7732270">
        <name>Southampton Road</name>
      </trkpt>
      <trkpt lat="50.8401907" lon="-1.7731070">
        <name>Southampton Road</name>
      </trkpt>
      <trkpt lat="50.8401733" lon="-1.7729870">
        <name>Southampton Road</name>
      </trkpt>
      <trkpt lat="50.8401560" lon="-1.7728670">
        <name>Southampton Road</name>
      </trkpt>
      <trkpt lat="50.8401375" lon="-1.7727365">
        <name>Southampton Road</name>
      </trkpt>
      <trkpt lat="50.8401190" lon="-1.7726060">
        <name>Southampton Road</name>
      </trkpt>
      <trkpt lat="50.8401020" lon="-1.7724865">
        <name>Southampton Road</name>
      </trkpt>
      <trkpt lat="50.8400850" lon="-1.7723670">
        <name>Southampton Road</name>
      </trkpt>
      <trkpt lat="50.8401630" lon="-1.7723105">
        <name>Southampton Road</name>
      </trkpt>
      <trkpt lat="50.8402410" lon="-1.7722540">
        <name>Southampton Road</name>
      </trkpt>
      <trkpt lat="50.8403190" lon="-1.7721975">
        <name>Southampton Road</name>
      </trkpt>
      <trkpt lat="50.8403970" lon="-1.7721410">
        <name>Southampton Road</name>
      </trkpt>
      <trkpt lat="50.8404566" lon="-1.7720566">
        <name>Southampton Road</name>
      </trkpt>
      <trkpt lat="50.8405162" lon="-1.7719722">
        <name>Southampton Road</name>
      </trkpt>
      <trkpt lat="50.8405758" lon="-1.7718878">
        <name>Southampton Road</name>
      </trkpt>
      <trkpt lat="50.8406354" lon="-1.7718034">
        <name>Southampton Road</name>
      </trkpt>
      <trkpt lat="50.8406950" lon="-1.7717190">
        <name>Southampton Road</name>
      </trkpt>
      <trkpt lat="50.8407583" lon="-1.7716293">
        <name>Southampton Road</name>
      </trkpt>
      <trkpt lat="50.8408216" lon="-1.7715396">
        <name>Southampton Road</name>
      </trkpt>
      <trkpt lat="50.8408849" lon="-1.7714499">
        <name>Southampton Road</name>
      </trkpt>
      <trkpt lat="50.8409481" lon="-1.7713601">
        <name>Southampton Road</name>
      </trkpt>
      <trkpt lat="50.8410114" lon="-1.7712704">
        <name>Southampton Road</name>
      </trkpt>
      <trkpt lat="50.8410747" lon="-1.7711807">
        <name>Southampton Road</name>
      </trkpt>
      <trkpt lat="50.8411380" lon="-1.7710910">
        <name>Southampton Road</name>
      </trkpt>
      <trkpt lat="50.8411942" lon="-1.7710112">
        <name>Southampton Road</name>
      </trkpt>
      <trkpt lat="50.8412503" lon="-1.7709313">
        <name>Southampton Road</name>
      </trkpt>
      <trkpt lat="50.8413065" lon="-1.7708515">
        <name>Southampton Road</name>
      </trkpt>
      <trkpt lat="50.8413627" lon="-1.7707717">
        <name>Southampton Road</name>
      </trkpt>
      <trkpt lat="50.8414188" lon="-1.7706918">
        <name>Southampton Road</name>
      </trkpt>
      <trkpt lat="50.8414750" lon="-1.7706120">
        <name>Southampton Road</name>
      </trkpt>
      <trkpt lat="50.8415508" lon="-1.7705740">
        <name>Southampton Road</name>
      </trkpt>
      <trkpt lat="50.8416266" lon="-1.7705360">
        <name>Southampton Road</name>
      </trkpt>
      <trkpt lat="50.8417024" lon="-1.7704980">
        <name>Southampton Road</name>
      </trkpt>
      <trkpt lat="50.8417782" lon="-1.7704600">
        <name>Southampton Road</name>
      </trkpt>
      <trkpt lat="50.8418540" lon="-1.7704220">
        <name>Southampton Road</name>
      </trkpt>
      <trkpt lat="50.8419140" lon="-1.7704000">
        <name>Southampton Road</name>
      </trkpt>
      <trkpt lat="50.8419310" lon="-1.7704930">
        <name>Southampton Road</name>
      </trkpt>
      <trkpt lat="50.8419440" lon="-1.7705690">
        <name>Southampton Road</name>
      </trkpt>
      <trkpt lat="50.8419550" lon="-1.7706260">
        <name>Southampton Road</name>
      </trkpt>
      <trkpt lat="50.8419670" lon="-1.7707355">
        <name>Southampton Road</name>
      </trkpt>
      <trkpt lat="50.8419790" lon="-1.7708450">
        <name>Southampton Road</name>
      </trkpt>
      <trkpt lat="50.8419710" lon="-1.7709190">
        <name>Southampton Road</name>
      </trkpt>
      <trkpt lat="50.8419550" lon="-1.7709890">
        <name>Southampton Road</name>
      </trkpt>
      <trkpt lat="50.8419340" lon="-1.7710410">
        <name>Southampton Road</name>
      </trkpt>
      <trkpt lat="50.8418910" lon="-1.7711335">
        <name>Southampton Road</name>
      </trkpt>
      <trkpt lat="50.8418480" lon="-1.7712260">
        <name>Southampton Road</name>
      </trkpt>
      <trkpt lat="50.8418270" lon="-1.7712970">
        <name>Southampton Road</name>
      </trkpt>
      <trkpt lat="50.8418230" lon="-1.7713170">
        <name>Southampton Road</name>
      </trkpt>
      <trkpt lat="50.8418180" lon="-1.7713750">
        <name>Southampton Road</name>
      </trkpt>
      <trkpt lat="50.8418180" lon="-1.7714930">
        <name>Southampton Road</name>
      </trkpt>
      <trkpt lat="50.8418180" lon="-1.7716110">
        <name>Southampton Road</name>
      </trkpt>
      <trkpt lat="50.8418200" lon="-1.7717405">
        <name>Southampton Road</name>
      </trkpt>
      <trkpt lat="50.8418220" lon="-1.7718700">
        <name>Southampton Road</name>
      </trkpt>
      <trkpt lat="50.8418220" lon="-1.7718950">
        <name>Southampton Road</name>
      </trkpt>
      <trkpt lat="50.8418220" lon="-1.7719940">
        <name>Southampton Road</name>
      </trkpt>
      <trkpt lat="50.8418220" lon="-1.7720930">
        <name>Southampton Road</name>
      </trkpt>
      <trkpt lat="50.8418070" lon="-1.7721310">
        <name>Southampton Road</name>
      </trkpt>
      <trkpt lat="50.8417810" lon="-1.7721990">
        <name>Southampton Road</name>
      </trkpt>
      <trkpt lat="50.8417420" lon="-1.7722450">
        <name>Southampton Road</name>
      </trkpt>
      <trkpt lat="50.8417280" lon="-1.7722520">
        <name>Southampton Road</name>
      </trkpt>
      <trkpt lat="50.8417070" lon="-1.7722630">
        <name>Southampton Road</name>
      </trkpt>
      <trkpt lat="50.8416245" lon="-1.7722645">
        <name>Southampton Road</name>
      </trkpt>
      <trkpt lat="50.8415420" lon="-1.7722660">
        <name>Southampton Road</name>
      </trkpt>
      <trkpt lat="50.8415050" lon="-1.7722670">
        <name>Southampton Road</name>
      </trkpt>
      <trkpt lat="50.8414780" lon="-1.7722840">
        <name>Southampton Road</name>
      </trkpt>
      <trkpt lat="50.8414570" lon="-1.7723000">
        <name>Southampton Road</name>
      </trkpt>
      <trkpt lat="50.8414220" lon="-1.7723590">
      </trkpt>
      <trkpt lat="50.8413870" lon="-1.7724180">
      </trkpt>
      <trkpt lat="50.8413460" lon="-1.7724770">
      </trkpt>
      <trkpt lat="50.8413460" lon="-1.7726160">
      </trkpt>
      <trkpt lat="50.8413460" lon="-1.7727550">
      </trkpt>
      <trkpt lat="50.8413450" lon="-1.7728700">
      </trkpt>
      <trkpt lat="50.8413460" lon="-1.7727550">
      </trkpt>
      <trkpt lat="50.8413460" lon="-1.7726385">
      </trkpt>
      <trkpt lat="50.8413460" lon="-1.7725220">
      </trkpt>
      <trkpt lat="50.8413460" lon="-1.7724770">
      </trkpt>
      <trkpt lat="50.8413870" lon="-1.7724180">
      </trkpt>
      <trkpt lat="50.8414220" lon="-1.7723590">
      </trkpt>
      <trkpt lat="50.8414570" lon="-1.7723000">
      </trkpt>
      <trkpt lat="50.8414780" lon="-1.7722840">
      </trkpt>
      <trkpt lat="50.8415050" lon="-1.7722670">
      </trkpt>
      <trkpt lat="50.8415420" lon="-1.7722660">
      </trkpt>
      <trkpt lat="50.8416245" lon="-1.7722645">
      </trkpt>
      <trkpt lat="50.8417070" lon="-1.7722630">
      </trkpt>
      <trkpt lat="50.8417280" lon="-1.7722520">
      </trkpt>
      <trkpt lat="50.8417420" lon="-1.7722450">
      </trkpt>
      <trkpt lat="50.8417810" lon="-1.7721990">
      </trkpt>
      <trkpt lat="50.8418220" lon="-1.7720930">
      </trkpt>
      <trkpt lat="50.8418220" lon="-1.7719940">
      </trkpt>
      <trkpt lat="50.8418220" lon="-1.7718950">
      </trkpt>
      <trkpt lat="50.8418220" lon="-1.7718700">
      </trkpt>
      <trkpt lat="50.8418200" lon="-1.7717505">
        <name>Eastfield Lane</name>
      </trkpt>
      <trkpt lat="50.8418180" lon="-1.7716310">
        <name>Eastfield Lane</name>
      </trkpt>
      <trkpt lat="50.8418180" lon="-1.7716110">
        <name>Eastfield Lane</name>
      </trkpt>
      <trkpt lat="50.8418180" lon="-1.7714930">
        <name>Eastfield Lane</name>
      </trkpt>
      <trkpt lat="50.8418180" lon="-1.7713750">
        <name>Eastfield Lane</name>
      </trkpt>
      <trkpt lat="50.8418230" lon="-1.7713170">
        <name>Eastfield Lane</name>
      </trkpt>
      <trkpt lat="50.8418270" lon="-1.7712970">
        <name>Eastfield Lane</name>
      </trkpt>
      <trkpt lat="50.8418500" lon="-1.7712200">
        <name>Eastfield Lane</name>
      </trkpt>
      <trkpt lat="50.8418920" lon="-1.7711305">
        <name>Eastfield Lane</name>
      </trkpt>
      <trkpt lat="50.8419340" lon="-1.7710410">
        <name>Eastfield Lane</name>
      </trkpt>
      <trkpt lat="50.8419550" lon="-1.7709890">
        <name>Eastfield Lane</name>
      </trkpt>
      <trkpt lat="50.8419710" lon="-1.7709190">
        <name>Eastfield Lane</name>
      </trkpt>
      <trkpt lat="50.8419790" lon="-1.7708450">
        <name>Eastfield Lane</name>
      </trkpt>
      <trkpt lat="50.8419660" lon="-1.7707270">
        <name>Eastfield Lane</name>
      </trkpt>
      <trkpt lat="50.8419550" lon="-1.7706260">
        <name>Eastfield Lane</name>
      </trkpt>
      <trkpt lat="50.8419440" lon="-1.7705690">
        <name>Eastfield Lane</name>
      </trkpt>
      <trkpt lat="50.8419290" lon="-1.7704845">
        <name>Eastfield Lane</name>
      </trkpt>
      <trkpt lat="50.8419140" lon="-1.7704000">
        <name>Eastfield Lane</name>
      </trkpt>
      <trkpt lat="50.8419842" lon="-1.7703750">
        <name>Eastfield Lane</name>
      </trkpt>
      <trkpt lat="50.8420544" lon="-1.7703500">
        <name>Eastfield Lane</name>
      </trkpt>
      <trkpt lat="50.8421246" lon="-1.7703250">
        <name>Eastfield Lane</name>
      </trkpt>
      <trkpt lat="50.8421948" lon="-1.7703000">
        <name>Eastfield Lane</name>
      </trkpt>
      <trkpt lat="50.8422650" lon="-1.7702750">
        <name>Eastfield Lane</name>
      </trkpt>
      <trkpt lat="50.8423290" lon="-1.7702325">
        <name>Eastfield Lane</name>
      </trkpt>
      <trkpt lat="50.8423930" lon="-1.7701900">
        <name>Eastfield Lane</name>
      </trkpt>
      <trkpt lat="50.8424410" lon="-1.7701460">
        <name>Eastfield Lane</name>
      </trkpt>
      <trkpt lat="50.8424810" lon="-1.7701100">
        <name>Eastfield Lane</name>
      </trkpt>
      <trkpt lat="50.8425210" lon="-1.7700740">
        <name>Eastfield Lane</name>
      </trkpt>
      <trkpt lat="50.8425757" lon="-1.7700157">
        <name>Eastfield Lane</name>
      </trkpt>
      <trkpt lat="50.8426303" lon="-1.7699573">
        <name>Eastfield Lane</name>
      </trkpt>
      <trkpt lat="50.8426850" lon="-1.7698990">
        <name>Eastfield Lane</name>
      </trkpt>
      <trkpt lat="50.8427455" lon="-1.7698735">
        <name>Eastfield Lane</name>
      </trkpt>
      <trkpt lat="50.8428060" lon="-1.7698480">
        <name>Eastfield Lane</name>
      </trkpt>
      <trkpt lat="50.8428940" lon="-1.7698290">
        <name>Eastfield Lane</name>
      </trkpt>
      <trkpt lat="50.8429750" lon="-1.7698590">
        <name>Eastfield Lane</name>
      </trkpt>
      <trkpt lat="50.8429938" lon="-1.7699620">
        <name>Eastfield Lane</name>
      </trkpt>
      <trkpt lat="50.8430125" lon="-1.7700650">
        <name>Eastfield Lane</name>
      </trkpt>
      <trkpt lat="50.8430312" lon="-1.7701680">
        <name>Eastfield Lane</name>
      </trkpt>
      <trkpt lat="50.8430500" lon="-1.7702710">
        <name>Eastfield Lane</name>
      </trkpt>
      <trkpt lat="50.8430610" lon="-1.7703450">
        <name>Eastfield Lane</name>
      </trkpt>
      <trkpt lat="50.8430720" lon="-1.7704190">
        <name>Eastfield Lane</name>
      </trkpt>
      <trkpt lat="50.8430910" lon="-1.7705492">
        <name>Eastfield Lane</name>
      </trkpt>
      <trkpt lat="50.8431100" lon="-1.7706795">
        <name>Eastfield Lane</name>
      </trkpt>
      <trkpt lat="50.8431290" lon="-1.7708097">
        <name>Eastfield Lane</name>
      </trkpt>
      <trkpt lat="50.8431480" lon="-1.7709400">
        <name>Eastfield Lane</name>
      </trkpt>
      <trkpt lat="50.8430788" lon="-1.7709560">
        <name>Eastfield Lane</name>
      </trkpt>
      <trkpt lat="50.8430095" lon="-1.7709720">
        <name>Eastfield Lane</name>
      </trkpt>
      <trkpt lat="50.8429402" lon="-1.7709880">
        <name>Eastfield Lane</name>
      </trkpt>
      <trkpt lat="50.8428710" lon="-1.7710040">
        <name>Eastfield Lane</name>
      </trkpt>
      <trkpt lat="50.8428250" lon="-1.7710380">
        <name>Eastfield Lane</name>
      </trkpt>
      <trkpt lat="50.8427940" lon="-1.7710810">
        <name>Eastfield Lane</name>
      </trkpt>
      <trkpt lat="50.8427770" lon="-1.7711300">
        <name>Eastfield Lane</name>
      </trkpt>
      <trkpt lat="50.8427580" lon="-1.7712070">
        <name>Eastfield Lane</name>
      </trkpt>
      <trkpt lat="50.8427390" lon="-1.7712840">
        <name>Eastfield Lane</name>
      </trkpt>
      <trkpt lat="50.8427182" lon="-1.7714070">
        <name>Eastfield Lane</name>
      </trkpt>
      <trkpt lat="50.8426974" lon="-1.7715300">
        <name>Eastfield Lane</name>
      </trkpt>
      <trkpt lat="50.8426766" lon="-1.7716530">
        <name>Eastfield Lane</name>
      </trkpt>
      <trkpt lat="50.8426558" lon="-1.7717760">
        <name>Eastfield Lane</name>
      </trkpt>
      <trkpt lat="50.8426350" lon="-1.7718990">
        <name>Eastfield Lane</name>
      </trkpt>
      <trkpt lat="50.8426320" lon="-1.7719270">
        <name>Eastfield Lane</name>
      </trkpt>
      <trkpt lat="50.8426240" lon="-1.7720045">
        <name>Eastfield Lane</name>
      </trkpt>
      <trkpt lat="50.8426160" lon="-1.7720820">
        <name>Eastfield Lane</name>
      </trkpt>
      <trkpt lat="50.8426070" lon="-1.7722074">
        <name>Eastfield Lane</name>
      </trkpt>
      <trkpt lat="50.8425980" lon="-1.7723328">
        <name>Eastfield Lane</name>
      </trkpt>
      <trkpt lat="50.8425890" lon="-1.7724582">
        <name>Eastfield Lane</name>
      </trkpt>
      <trkpt lat="50.8425800" lon="-1.7725836">
        <name>Eastfield Lane</name>
      </trkpt>
      <trkpt lat="50.8425710" lon="-1.7727090">
        <name>Eastfield Lane</name>
      </trkpt>
      <trkpt lat="50.8425685" lon="-1.7728085">
        <name>Eastfield Lane</name>
      </trkpt>
      <trkpt lat="50.8425660" lon="-1.7729080">
        <name>Eastfield Lane</name>
      </trkpt>
      <trkpt lat="50.8425630" lon="-1.7730230">
        <name>Eastfield Lane</name>
      </trkpt>
      <trkpt lat="50.8425653" lon="-1.7731620">
        <name>Eastfield Lane</name>
      </trkpt>
      <trkpt lat="50.8425677" lon="-1.7733010">
        <name>Eastfield Lane</name>
      </trkpt>
      <trkpt lat="50.8425700" lon="-1.7734400">
        <name>Eastfield Lane</name>
      </trkpt>
      <trkpt lat="50.8425707" lon="-1.7735417">
        <name>Eastfield Lane</name>
      </trkpt>
      <trkpt lat="50.8425713" lon="-1.7736433">
        <name>Eastfield Lane</name>
      </trkpt>
      <trkpt lat="50.8425720" lon="-1.7737450">
        <name>Eastfield Lane</name>
      </trkpt>
      <trkpt lat="50.8425725" lon="-1.7738710">
        <name>Eastfield Lane</name>
      </trkpt>
      <trkpt lat="50.8425730" lon="-1.7739970">
        <name>Eastfield Lane</name>
      </trkpt>
      <trkpt lat="50.8425735" lon="-1.7741230">
        <name>Eastfield Lane</name>
      </trkpt>
      <trkpt lat="50.8425740" lon="-1.7742490">
        <name>Eastfield Lane</name>
      </trkpt>
      <trkpt lat="50.8425740" lon="-1.7743350">
        <name>Eastfield Lane</name>
      </trkpt>
      <trkpt lat="50.8425740" lon="-1.7744210">
        <name>Eastfield Lane</name>
      </trkpt>
      <trkpt lat="50.8425740" lon="-1.7745470">
        <name>Eastfield Lane</name>
      </trkpt>
      <trkpt lat="50.8425860" lon="-1.7745910">
        <name>Eastfield Lane</name>
      </trkpt>
      <trkpt lat="50.8425990" lon="-1.7746210">
        <name>Eastfield Lane</name>
      </trkpt>
      <trkpt lat="50.8426240" lon="-1.7746300">
        <name>Eastfield Lane</name>
      </trkpt>
      <trkpt lat="50.8426850" lon="-1.7746303">
        <name>Eastfield Lane</name>
      </trkpt>
      <trkpt lat="50.8427460" lon="-1.7746307">
        <name>Eastfield Lane</name>
      </trkpt>
      <trkpt lat="50.8428070" lon="-1.7746310">
        <name>Eastfield Lane</name>
      </trkpt>
      <trkpt lat="50.8428620" lon="-1.7746315">
        <name>Eastfield Lane</name>
      </trkpt>
      <trkpt lat="50.8429170" lon="-1.7746320">
        <name>Eastfield Lane</name>
      </trkpt>
      <trkpt lat="50.8430030" lon="-1.7746337">
        <name>Eastfield Lane</name>
      </trkpt>
      <trkpt lat="50.8430890" lon="-1.7746353">
        <name>Eastfield Lane</name>
      </trkpt>
      <trkpt lat="50.8431750" lon="-1.7746370">
        <name>Eastfield Lane</name>
      </trkpt>
      <trkpt lat="50.8432080" lon="-1.7746380">
        <name>Eastfield Lane</name>
      </trkpt>
      <trkpt lat="50.8432800" lon="-1.7746390">
        <name>Eastfield Lane</name>
      </trkpt>
      <trkpt lat="50.8433520" lon="-1.7746400">
        <name>Eastfield Lane</name>
      </trkpt>
      <trkpt lat="50.8434240" lon="-1.7746410">
        <name>Eastfield Lane</name>
      </trkpt>
      <trkpt lat="50.8434987" lon="-1.7746427">
        <name>Eastfield Lane</name>
      </trkpt>
      <trkpt lat="50.8435733" lon="-1.7746443">
        <name>Eastfield Lane</name>
      </trkpt>
      <trkpt lat="50.8436480" lon="-1.7746460">
        <name>Eastfield Lane</name>
      </trkpt>
      <trkpt lat="50.8437160" lon="-1.7746470">
        <name>Eastfield Lane</name>
      </trkpt>
      <trkpt lat="50.8437840" lon="-1.7746480">
        <name>Eastfield Lane</name>
      </trkpt>
      <trkpt lat="50.8437870" lon="-1.7745695">
        <name>Eastfield Lane</name>
      </trkpt>
      <trkpt lat="50.8437900" lon="-1.7744910">
        <name>Eastfield Lane</name>
      </trkpt>
      <trkpt lat="50.8437940" lon="-1.7743960">
        <name>Eastfield Lane</name>
      </trkpt>
      <trkpt lat="50.8437990" lon="-1.7742680">
        <name>Eastfield Lane</name>
      </trkpt>
      <trkpt lat="50.8438020" lon="-1.7742020">
        <name>Eastfield Lane</name>
      </trkpt>
      <trkpt lat="50.8438070" lon="-1.7740630">
        <name>Eastfield Lane</name>
      </trkpt>
      <trkpt lat="50.8438115" lon="-1.7739570">
        <name>Eastfield Lane</name>
      </trkpt>
      <trkpt lat="50.8438160" lon="-1.7738510">
        <name>Eastfield Lane</name>
      </trkpt>
      <trkpt lat="50.8438200" lon="-1.7737535">
        <name>Eastfield Lane</name>
      </trkpt>
      <trkpt lat="50.8438240" lon="-1.7736560">
        <name>Eastfield Lane</name>
      </trkpt>
      <trkpt lat="50.8438330" lon="-1.7735700">
        <name>Eastfield Lane</name>
      </trkpt>
      <trkpt lat="50.8438350" lon="-1.7735510">
        <name>Eastfield Lane</name>
      </trkpt>
      <trkpt lat="50.8438482" lon="-1.7734297">
        <name>Eastfield Lane</name>
      </trkpt>
      <trkpt lat="50.8438613" lon="-1.7733083">
        <name>Eastfield Lane</name>
      </trkpt>
      <trkpt lat="50.8438745" lon="-1.7731870">
        <name>Eastfield Lane</name>
      </trkpt>
      <trkpt lat="50.8438877" lon="-1.7730657">
        <name>Eastfield Lane</name>
      </trkpt>
      <trkpt lat="50.8439008" lon="-1.7729443">
        <name>Eastfield Lane</name>
      </trkpt>
      <trkpt lat="50.8439140" lon="-1.7728230">
        <name>Eastfield Lane</name>
      </trkpt>
      <trkpt lat="50.8439287" lon="-1.7726857">
        <name>Eastfield Lane</name>
      </trkpt>
      <trkpt lat="50.8439435" lon="-1.7725485">
        <name>Eastfield Lane</name>
      </trkpt>
      <trkpt lat="50.8439583" lon="-1.7724112">
        <name>Eastfield Lane</name>
      </trkpt>
      <trkpt lat="50.8439730" lon="-1.7722740">
        <name>Eastfield Lane</name>
      </trkpt>
      <trkpt lat="50.8439875" lon="-1.7721405">
        <name>Eastfield Lane</name>
      </trkpt>
      <trkpt lat="50.8440020" lon="-1.7720070">
        <name>Eastfield Lane</name>
      </trkpt>
      <trkpt lat="50.8440545" lon="-1.7720180">
        <name>Eastfield Lane</name>
      </trkpt>
      <trkpt lat="50.8441070" lon="-1.7720290">
        <name>Eastfield Lane</name>
      </trkpt>
      <trkpt lat="50.8441954" lon="-1.7720228">
        <name>Eastfield Lane</name>
      </trkpt>
      <trkpt lat="50.8442838" lon="-1.7720166">
        <name>Eastfield Lane</name>
      </trkpt>
      <trkpt lat="50.8443722" lon="-1.7720104">
        <name>Eastfield Lane</name>
      </trkpt>
      <trkpt lat="50.8444606" lon="-1.7720042">
        <name>Eastfield Lane</name>
      </trkpt>
      <trkpt lat="50.8445490" lon="-1.7719980">
        <name>Eastfield Lane</name>
      </trkpt>
      <trkpt lat="50.8445690" lon="-1.7719970">
        <name>Hightown Road</name>
      </trkpt>
      <trkpt lat="50.8446545" lon="-1.7719940">
        <name>Hightown Road</name>
      </trkpt>
      <trkpt lat="50.8447400" lon="-1.7719910">
        <name>Hightown Road</name>
      </trkpt>
      <trkpt lat="50.8448208" lon="-1.7719880">
        <name>Hightown Road</name>
      </trkpt>
      <trkpt lat="50.8449016" lon="-1.7719850">
        <name>Hightown Road</name>
      </trkpt>
      <trkpt lat="50.8449823" lon="-1.7719820">
        <name>Hightown Road</name>
      </trkpt>
      <trkpt lat="50.8450631" lon="-1.7719790">
        <name>Hightown Road</name>
      </trkpt>
      <trkpt lat="50.8451439" lon="-1.7719760">
        <name>Hightown Road</name>
      </trkpt>
      <trkpt lat="50.8452247" lon="-1.7719730">
        <name>Hightown Road</name>
      </trkpt>
      <trkpt lat="50.8453054" lon="-1.7719700">
        <name>Hightown Road</name>
      </trkpt>
      <trkpt lat="50.8453862" lon="-1.7719670">
        <name>Hightown Road</name>
      </trkpt>
      <trkpt lat="50.8454670" lon="-1.7719640">
        <name>Hightown Road</name>
      </trkpt>
      <trkpt lat="50.8455470" lon="-1.7719740">
        <name>Hightown Road</name>
      </trkpt>
      <trkpt lat="50.8456260" lon="-1.7719930">
        <name>Hightown Road</name>
      </trkpt>
      <trkpt lat="50.8456640" lon="-1.7720060">
        <name>Hightown Road</name>
      </trkpt>
      <trkpt lat="50.8457050" lon="-1.7720200">
        <name>Hightown Road</name>
      </trkpt>
      <trkpt lat="50.8457380" lon="-1.7720350">
        <name>Hightown Road</name>
      </trkpt>
      <trkpt lat="50.8458215" lon="-1.7720745">
        <name>Hightown Road</name>
      </trkpt>
      <trkpt lat="50.8459050" lon="-1.7721140">
        <name>Hightown Road</name>
      </trkpt>
      <trkpt lat="50.8459775" lon="-1.7721485">
        <name>Hightown Road</name>
      </trkpt>
      <trkpt lat="50.8460500" lon="-1.7721830">
        <name>Hightown Road</name>
      </trkpt>
      <trkpt lat="50.8461100" lon="-1.7722080">
        <name>Hightown Road</name>
      </trkpt>
      <trkpt lat="50.8461670" lon="-1.7722210">
        <name>Hightown Road</name>
      </trkpt>
      <trkpt lat="50.8462380" lon="-1.7722290">
        <name>Hightown Road</name>
      </trkpt>
      <trkpt lat="50.8463050" lon="-1.7722330">
        <name>Hightown Road</name>
      </trkpt>
      <trkpt lat="50.8463480" lon="-1.7722340">
        <name>Hightown Road</name>
      </trkpt>
      <trkpt lat="50.8463980" lon="-1.7722320">
        <name>Hightown Road</name>
      </trkpt>
      <trkpt lat="50.8464480" lon="-1.7722300">
        <name>Hightown Road</name>
      </trkpt>
      <trkpt lat="50.8465113" lon="-1.7722250">
        <name>Crow Lane</name>
      </trkpt>
      <trkpt lat="50.8465747" lon="-1.7722200">
        <name>Crow Lane</name>
      </trkpt>
      <trkpt lat="50.8466380" lon="-1.7722150">
        <name>Crow Lane</name>
      </trkpt>
      <trkpt lat="50.8467110" lon="-1.7722030">
        <name>Crow Lane</name>
      </trkpt>
      <trkpt lat="50.8467695" lon="-1.7721925">
        <name>Crow Lane</name>
      </trkpt>
      <trkpt lat="50.8468280" lon="-1.7721820">
        <name>Crow Lane</name>
      </trkpt>
      <trkpt lat="50.8468980" lon="-1.7721700">
        <name>Crow Lane</name>
      </trkpt>
      <trkpt lat="50.8469610" lon="-1.7721580">
        <name>Crow Lane</name>
      </trkpt>
      <trkpt lat="50.8470260" lon="-1.7721460">
        <name>Crow Lane</name>
      </trkpt>
      <trkpt lat="50.8470470" lon="-1.7721410">
        <name>Crow Lane</name>
      </trkpt>
      <trkpt lat="50.8470480" lon="-1.7722215">
        <name>Crow Lane</name>
      </trkpt>
      <trkpt lat="50.8470490" lon="-1.7723020">
        <name>Crow Lane</name>
      </trkpt>
      <trkpt lat="50.8470425" lon="-1.7724105">
        <name>Crow Lane</name>
      </trkpt>
      <trkpt lat="50.8470360" lon="-1.7725190">
        <name>Crow Lane</name>
      </trkpt>
      <trkpt lat="50.8470295" lon="-1.7726275">
        <name>Crow Lane</name>
      </trkpt>
      <trkpt lat="50.8470230" lon="-1.7727360">
        <name>Crow Lane</name>
      </trkpt>
      <trkpt lat="50.8470180" lon="-1.7727990">
        <name>Crow Lane</name>
      </trkpt>
      <trkpt lat="50.8470160" lon="-1.7728340">
        <name>Crow Lane</name>
      </trkpt>
      <trkpt lat="50.8470080" lon="-1.7729460">
        <name>Crow Lane</name>
      </trkpt>
      <trkpt lat="50.8470000" lon="-1.7730580">
        <name>Crow Lane</name>
      </trkpt>
      <trkpt lat="50.8469920" lon="-1.7731700">
        <name>Crow Lane</name>
      </trkpt>
      <trkpt lat="50.8469825" lon="-1.7732950">
        <name>Crow Lane</name>
      </trkpt>
      <trkpt lat="50.8469730" lon="-1.7734200">
        <name>Crow Lane</name>
      </trkpt>
      <trkpt lat="50.8469670" lon="-1.7735080">
        <name>Crow Lane</name>
      </trkpt>
      <trkpt lat="50.8469610" lon="-1.7735960">
        <name>Crow Lane</name>
      </trkpt>
      <trkpt lat="50.8469560" lon="-1.7736870">
        <name>Crow Lane</name>
      </trkpt>
      <trkpt lat="50.8469500" lon="-1.7737765">
        <name>Crow Lane</name>
      </trkpt>
      <trkpt lat="50.8469440" lon="-1.7738660">
        <name>Crow Lane</name>
      </trkpt>
      <trkpt lat="50.8469400" lon="-1.7739455">
        <name>Crow Lane</name>
      </trkpt>
      <trkpt lat="50.8469360" lon="-1.7740250">
        <name>Crow Lane</name>
      </trkpt>
      <trkpt lat="50.8469310" lon="-1.7741080">
        <name>Crow Lane</name>
      </trkpt>
      <trkpt lat="50.8469260" lon="-1.7741910">
        <name>Crow Lane</name>
      </trkpt>
      <trkpt lat="50.8469200" lon="-1.7742865">
        <name>Crow Lane</name>
      </trkpt>
      <trkpt lat="50.8469140" lon="-1.7743820">
        <name>Crow Lane</name>
      </trkpt>
      <trkpt lat="50.8469065" lon="-1.7745050">
        <name>Crow Lane</name>
      </trkpt>
      <trkpt lat="50.8468990" lon="-1.7746280">
        <name>Crow Lane</name>
      </trkpt>
      <trkpt lat="50.8468960" lon="-1.7746810">
        <name>Hopclover Way</name>
      </trkpt>
      <trkpt lat="50.8468895" lon="-1.7747785">
        <name>Hopclover Way</name>
      </trkpt>
      <trkpt lat="50.8468830" lon="-1.7748760">
        <name>Hopclover Way</name>
      </trkpt>
      <trkpt lat="50.8468767" lon="-1.7749753">
        <name>Hopclover Way</name>
      </trkpt>
      <trkpt lat="50.8468703" lon="-1.7750747">
        <name>Hopclover Way</name>
      </trkpt>
      <trkpt lat="50.8468640" lon="-1.7751740">
        <name>Hopclover Way</name>
      </trkpt>
      <trkpt lat="50.8468560" lon="-1.7752983">
        <name>Hopclover Way</name>
      </trkpt>
      <trkpt lat="50.8468480" lon="-1.7754225">
        <name>Hopclover Way</name>
      </trkpt>
      <trkpt lat="50.8468400" lon="-1.7755467">
        <name>Hopclover Way</name>
      </trkpt>
      <trkpt lat="50.8468320" lon="-1.7756710">
        <name>Hopclover Way</name>
      </trkpt>
      <trkpt lat="50.8468260" lon="-1.7757907">
        <name>Hopclover Way</name>
      </trkpt>
      <trkpt lat="50.8468200" lon="-1.7759103">
        <name>Hopclover Way</name>
      </trkpt>
      <trkpt lat="50.8468140" lon="-1.7760300">
        <name>Hopclover Way</name>
      </trkpt>
      <trkpt lat="50.8468120" lon="-1.7760940">
        <name>Hopclover Way</name>
      </trkpt>
      <trkpt lat="50.8468110" lon="-1.7761230">
        <name>Hopclover Way</name>
      </trkpt>
      <trkpt lat="50.8468055" lon="-1.7762425">
        <name>Narrowleaf Drive</name>
      </trkpt>
      <trkpt lat="50.8468000" lon="-1.7763620">
        <name>Narrowleaf Drive</name>
      </trkpt>
      <trkpt lat="50.8467960" lon="-1.7764560">
        <name>Narrowleaf Drive</name>
      </trkpt>
      <trkpt lat="50.8467920" lon="-1.7765500">
        <name>Narrowleaf Drive</name>
      </trkpt>
      <trkpt lat="50.8467860" lon="-1.7766738">
        <name>Narrowleaf Drive</name>
      </trkpt>
      <trkpt lat="50.8467800" lon="-1.7767975">
        <name>Narrowleaf Drive</name>
      </trkpt>
      <trkpt lat="50.8467740" lon="-1.7769213">
        <name>Narrowleaf Drive</name>
      </trkpt>
      <trkpt lat="50.8467680" lon="-1.7770450">
        <name>Narrowleaf Drive</name>
      </trkpt>
      <trkpt lat="50.8467630" lon="-1.7771517">
        <name>Narrowleaf Drive</name>
      </trkpt>
      <trkpt lat="50.8467580" lon="-1.7772583">
        <name>Narrowleaf Drive</name>
      </trkpt>
      <trkpt lat="50.8467530" lon="-1.7773650">
        <name>Narrowleaf Drive</name>
      </trkpt>
      <trkpt lat="50.8467500" lon="-1.7774100">
        <name>Narrowleaf Drive</name>
      </trkpt>
      <trkpt lat="50.8467445" lon="-1.7775385">
        <name>Narrowleaf Drive</name>
      </trkpt>
      <trkpt lat="50.8467390" lon="-1.7776670">
        <name>Narrowleaf Drive</name>
      </trkpt>
      <trkpt lat="50.8467347" lon="-1.7777737">
        <name>Narrowleaf Drive</name>
      </trkpt>
      <trkpt lat="50.8467303" lon="-1.7778803">
        <name>Narrowleaf Drive</name>
      </trkpt>
      <trkpt lat="50.8467260" lon="-1.7779870">
        <name>Narrowleaf Drive</name>
      </trkpt>
      <trkpt lat="50.8467230" lon="-1.7780300">
        <name>Narrowleaf Drive</name>
      </trkpt>
      <trkpt lat="50.8467160" lon="-1.7781630">
        <name>Narrowleaf Drive</name>
      </trkpt>
      <trkpt lat="50.8467090" lon="-1.7782960">
        <name>Narrowleaf Drive</name>
      </trkpt>
      <trkpt lat="50.8467060" lon="-1.7783550">
        <name>Narrowleaf Drive</name>
      </trkpt>
      <trkpt lat="50.8467005" lon="-1.7784707">
        <name>Narrowleaf Drive</name>
      </trkpt>
      <trkpt lat="50.8466950" lon="-1.7785865">
        <name>Narrowleaf Drive</name>
      </trkpt>
      <trkpt lat="50.8466895" lon="-1.7787023">
        <name>Narrowleaf Drive</name>
      </trkpt>
      <trkpt lat="50.8466840" lon="-1.7788180">
        <name>Narrowleaf Drive</name>
      </trkpt>
      <trkpt lat="50.8466780" lon="-1.7789120">
        <name>Narrowleaf Drive</name>
      </trkpt>
      <trkpt lat="50.8467330" lon="-1.7789180">
        <name>Narrowleaf Drive</name>
      </trkpt>
      <trkpt lat="50.8467000" lon="-1.7789140">
        <name>Narrowleaf Drive</name>
      </trkpt>
      <trkpt lat="50.8466780" lon="-1.7789120">
        <name>Narrowleaf Drive</name>
      </trkpt>
      <trkpt lat="50.8466713" lon="-1.7790077">
        <name>Narrowleaf Drive</name>
      </trkpt>
      <trkpt lat="50.8466647" lon="-1.7791033">
        <name>Narrowleaf Drive</name>
      </trkpt>
      <trkpt lat="50.8466580" lon="-1.7791990">
        <name>Narrowleaf Drive</name>
      </trkpt>
      <trkpt lat="50.8467260" lon="-1.7792187">
        <name>Narrowleaf Drive</name>
      </trkpt>
      <trkpt lat="50.8467940" lon="-1.7792383">
        <name>Narrowleaf Drive</name>
      </trkpt>
      <trkpt lat="50.8468620" lon="-1.7792580">
        <name>Narrowleaf Drive</name>
      </trkpt>
      <trkpt lat="50.8468486" lon="-1.7793780">
        <name>Narrowleaf Drive</name>
      </trkpt>
      <trkpt lat="50.8468352" lon="-1.7794980">
        <name>Narrowleaf Drive</name>
      </trkpt>
      <trkpt lat="50.8468218" lon="-1.7796180">
        <name>Narrowleaf Drive</name>
      </trkpt>
      <trkpt lat="50.8468084" lon="-1.7797380">
        <name>Narrowleaf Drive</name>
      </trkpt>
      <trkpt lat="50.8467950" lon="-1.7798580">
        <name>Narrowleaf Drive</name>
      </trkpt>
      <trkpt lat="50.8467950" lon="-1.7799230">
        <name>Narrowleaf Drive</name>
      </trkpt>
      <trkpt lat="50.8468087" lon="-1.7800193">
      </trkpt>
      <trkpt lat="50.8468223" lon="-1.7801157">
      </trkpt>
      <trkpt lat="50.8468360" lon="-1.7802120">
      </trkpt>
      <trkpt lat="50.8468300" lon="-1.7803000">
      </trkpt>
      <trkpt lat="50.8468240" lon="-1.7803880">
      </trkpt>
      <trkpt lat="50.8468270" lon="-1.7804400">
      </trkpt>
      <trkpt lat="50.8468490" lon="-1.7805000">
      </trkpt>
      <trkpt lat="50.8468110" lon="-1.7805640">
      </trkpt>
      <trkpt lat="50.8467970" lon="-1.7806790">
      </trkpt>
      <trkpt lat="50.8467860" lon="-1.7807735">
      </trkpt>
      <trkpt lat="50.8467750" lon="-1.7808680">
      </trkpt>
      <trkpt lat="50.8467614" lon="-1.7810020">
      </trkpt>
      <trkpt lat="50.8467478" lon="-1.7811360">
      </trkpt>
      <trkpt lat="50.8467342" lon="-1.7812700">
      </trkpt>
      <trkpt lat="50.8467206" lon="-1.7814040">
      </trkpt>
      <trkpt lat="50.8467070" lon="-1.7815380">
      </trkpt>
      <trkpt lat="50.8466987" lon="-1.7816460">
      </trkpt>
      <trkpt lat="50.8466903" lon="-1.7817540">
      </trkpt>
      <trkpt lat="50.8466820" lon="-1.7818620">
      </trkpt>
      <trkpt lat="50.8466750" lon="-1.7819783">
      </trkpt>
      <trkpt lat="50.8466680" lon="-1.7820947">
      </trkpt>
      <trkpt lat="50.8466610" lon="-1.7822110">
      </trkpt>
      <trkpt lat="50.8466530" lon="-1.7823450">
      </trkpt>
      <trkpt lat="50.8466480" lon="-1.7824220">
      </trkpt>
      <trkpt lat="50.8466400" lon="-1.7825483">
      </trkpt>
      <trkpt lat="50.8466320" lon="-1.7826747">
      </trkpt>
      <trkpt lat="50.8466240" lon="-1.7828010">
      </trkpt>
      <trkpt lat="50.8466220" lon="-1.7828420">
      </trkpt>
      <trkpt lat="50.8466030" lon="-1.7829060">
      </trkpt>
      <trkpt lat="50.8465810" lon="-1.7829620">
        <name>Narrowleaf Drive</name>
      </trkpt>
      <trkpt lat="50.8465210" lon="-1.7830230">
        <name>Narrowleaf Drive</name>
      </trkpt>
      <trkpt lat="50.8464480" lon="-1.7830616">
        <name>Narrowleaf Drive</name>
      </trkpt>
      <trkpt lat="50.8463750" lon="-1.7831002">
        <name>Narrowleaf Drive</name>
      </trkpt>
      <trkpt lat="50.8463020" lon="-1.7831388">
        <name>Narrowleaf Drive</name>
      </trkpt>
      <trkpt lat="50.8462290" lon="-1.7831774">
        <name>Narrowleaf Drive</name>
      </trkpt>
      <trkpt lat="50.8461560" lon="-1.7832160">
        <name>Narrowleaf Drive</name>
      </trkpt>
      <trkpt lat="50.8461350" lon="-1.7832270">
        <name>Narrowleaf Drive</name>
      </trkpt>
      <trkpt lat="50.8460628" lon="-1.7832608">
        <name>Narrowleaf Drive</name>
      </trkpt>
      <trkpt lat="50.8459907" lon="-1.7832947">
        <name>Narrowleaf Drive</name>
      </trkpt>
      <trkpt lat="50.8459185" lon="-1.7833285">
        <name>Narrowleaf Drive</name>
      </trkpt>
      <trkpt lat="50.8458463" lon="-1.7833623">
        <name>Narrowleaf Drive</name>
      </trkpt>
      <trkpt lat="50.8457742" lon="-1.7833962">
        <name>Narrowleaf Drive</name>
      </trkpt>
      <trkpt lat="50.8457020" lon="-1.7834300">
        <name>Narrowleaf Drive</name>
      </trkpt>
      <trkpt lat="50.8456300" lon="-1.7834640">
        <name>Narrowleaf Drive</name>
      </trkpt>
      <trkpt lat="50.8455580" lon="-1.7834980">
        <name>Narrowleaf Drive</name>
      </trkpt>
      <trkpt lat="50.8454810" lon="-1.7835467">
        <name>Narrowleaf Drive</name>
      </trkpt>
      <trkpt lat="50.8454040" lon="-1.7835955">
        <name>Narrowleaf Drive</name>
      </trkpt>
      <trkpt lat="50.8453270" lon="-1.7836443">
        <name>Narrowleaf Drive</name>
      </trkpt>
      <trkpt lat="50.8452500" lon="-1.7836930">
        <name>Narrowleaf Drive</name>
      </trkpt>
      <trkpt lat="50.8451965" lon="-1.7837320">
        <name>Narrowleaf Drive</name>
      </trkpt>
      <trkpt lat="50.8451430" lon="-1.7837710">
        <name>Narrowleaf Drive</name>
      </trkpt>
      <trkpt lat="50.8450810" lon="-1.7838290">
        <name>Narrowleaf Drive</name>
      </trkpt>
      <trkpt lat="50.8450155" lon="-1.7838980">
        <name>Narrowleaf Drive</name>
      </trkpt>
      <trkpt lat="50.8449500" lon="-1.7839670">
        <name>Narrowleaf Drive</name>
      </trkpt>
      <trkpt lat="50.8448900" lon="-1.7840267">
        <name>Narrowleaf Drive</name>
      </trkpt>
      <trkpt lat="50.8448300" lon="-1.7840863">
        <name>Narrowleaf Drive</name>
      </trkpt>
      <trkpt lat="50.8447700" lon="-1.7841460">
        <name>Narrowleaf Drive</name>
      </trkpt>
      <trkpt lat="50.8446955" lon="-1.7842250">
        <name>Narrowleaf Drive</name>
      </trkpt>
      <trkpt lat="50.8446210" lon="-1.7843040">
        <name>Narrowleaf Drive</name>
      </trkpt>
      <trkpt lat="50.8445625" lon="-1.7843800">
        <name>Narrowleaf Drive</name>
      </trkpt>
      <trkpt lat="50.8445040" lon="-1.7844560">
        <name>Narrowleaf Drive</name>
      </trkpt>
      <trkpt lat="50.8444635" lon="-1.7845085">
        <name>Narrowleaf Drive</name>
      </trkpt>
      <trkpt lat="50.8444230" lon="-1.7845610">
        <name>Narrowleaf Drive</name>
      </trkpt>
      <trkpt lat="50.8443760" lon="-1.7846370">
        <name>Narrowleaf Drive</name>
      </trkpt>
      <trkpt lat="50.8443080" lon="-1.7847255">
        <name>Narrowleaf Drive</name>
      </trkpt>
      <trkpt lat="50.8442400" lon="-1.7848140">
        <name>Narrowleaf Drive</name>
      </trkpt>
      <trkpt lat="50.8441840" lon="-1.7848620">
        <name>Narrowleaf Drive</name>
      </trkpt>
      <trkpt lat="50.8441280" lon="-1.7849100">
        <name>Narrowleaf Drive</name>
      </trkpt>
      <trkpt lat="50.8441100" lon="-1.7849190">
        <name>Narrowleaf Drive</name>
      </trkpt>
      <trkpt lat="50.8440570" lon="-1.7849450">
        <name>Narrowleaf Drive</name>
      </trkpt>
      <trkpt lat="50.8439710" lon="-1.7849730">
        <name>Narrowleaf Drive</name>
      </trkpt>
      <trkpt lat="50.8438900" lon="-1.7849620">
        <name>Narrowleaf Drive</name>
      </trkpt>
      <trkpt lat="50.8438245" lon="-1.7849250">
        <name>Narrowleaf Drive</name>
      </trkpt>
      <trkpt lat="50.8437590" lon="-1.7848880">
        <name>Narrowleaf Drive</name>
      </trkpt>
      <trkpt lat="50.8436780" lon="-1.7848330">
        <name>Hopclover Way</name>
      </trkpt>
      <trkpt lat="50.8436057" lon="-1.7847840">
        <name>Hopclover Way</name>
      </trkpt>
      <trkpt lat="50.8435335" lon="-1.7847350">
        <name>Hopclover Way</name>
      </trkpt>
      <trkpt lat="50.8434613" lon="-1.7846860">
        <name>Hopclover Way</name>
      </trkpt>
      <trkpt lat="50.8433890" lon="-1.7846370">
        <name>Hopclover Way</name>
      </trkpt>
      <trkpt lat="50.8433425" lon="-1.7846055">
        <name>Hopclover Way</name>
      </trkpt>
      <trkpt lat="50.8432960" lon="-1.7845740">
        <name>Hopclover Way</name>
      </trkpt>
      <trkpt lat="50.8432150" lon="-1.7845190">
        <name>Hopclover Way</name>
      </trkpt>
      <trkpt lat="50.8431910" lon="-1.7846030">
        <name>Hopclover Way</name>
      </trkpt>
      <trkpt lat="50.8431670" lon="-1.7846870">
        <name>Hopclover Way</name>
      </trkpt>
      <trkpt lat="50.8431255" lon="-1.7848000">
        <name>Hopclover Way</name>
      </trkpt>
      <trkpt lat="50.8430840" lon="-1.7849130">
        <name>Hopclover Way</name>
      </trkpt>
      <trkpt lat="50.8430250" lon="-1.7849650">
        <name>Hopclover Way</name>
      </trkpt>
      <trkpt lat="50.8429660" lon="-1.7850170">
        <name>Hopclover Way</name>
      </trkpt>
      <trkpt lat="50.8429055" lon="-1.7850680">
        <name>Crow Lane</name>
      </trkpt>
      <trkpt lat="50.8428450" lon="-1.7851190">
        <name>Crow Lane</name>
      </trkpt>
      <trkpt lat="50.8427810" lon="-1.7851495">
        <name>Crow Lane</name>
      </trkpt>
      <trkpt lat="50.8427170" lon="-1.7851800">
        <name>Crow Lane</name>
      </trkpt>
      <trkpt lat="50.8426500" lon="-1.7852195">
        <name>Crow Lane</name>
      </trkpt>
      <trkpt lat="50.8425830" lon="-1.7852590">
        <name>Crow Lane</name>
      </trkpt>
      <trkpt lat="50.8425230" lon="-1.7853185">
        <name>Crow Lane</name>
      </trkpt>
      <trkpt lat="50.8424630" lon="-1.7853780">
        <name>Crow Lane</name>
      </trkpt>
      <trkpt lat="50.8424220" lon="-1.7854310">
        <name>Crow Lane</name>
      </trkpt>
      <trkpt lat="50.8423920" lon="-1.7854700">
        <name>Crow Lane</name>
      </trkpt>
      <trkpt lat="50.8423390" lon="-1.7855750">
        <name>Crow Lane</name>
      </trkpt>
      <trkpt lat="50.8423130" lon="-1.7856330">
        <name>Crow Lane</name>
      </trkpt>
    </trkseg>
  </trk>
</gpx>
