<?xml version="1.0" encoding="UTF-8"?>
<gpx version="1.1" creator="TurboSanta Route Planner">
  <trk>
    <name>TurboSanta Route (10m density)</name>
    <trkseg>
      <trkpt lat="50.7916740" lon="-1.9026740">
        <name>Casterbridge Road</name>
      </trkpt>
      <trkpt lat="50.7916460" lon="-1.9025725">
        <name>Casterbridge Road</name>
      </trkpt>
      <trkpt lat="50.7916180" lon="-1.9024710">
        <name>Casterbridge Road</name>
      </trkpt>
      <trkpt lat="50.7916080" lon="-1.9024060">
        <name>Casterbridge Road</name>
      </trkpt>
      <trkpt lat="50.7915970" lon="-1.9023310">
        <name>Casterbridge Road</name>
      </trkpt>
      <trkpt lat="50.7915815" lon="-1.9021995">
        <name>Casterbridge Road</name>
      </trkpt>
      <trkpt lat="50.7915660" lon="-1.9020680">
        <name>Casterbridge Road</name>
      </trkpt>
      <trkpt lat="50.7915520" lon="-1.9019885">
        <name>Casterbridge Road</name>
      </trkpt>
      <trkpt lat="50.7915380" lon="-1.9019090">
        <name>Casterbridge Road</name>
      </trkpt>
      <trkpt lat="50.7915050" lon="-1.9018060">
        <name>Casterbridge Road</name>
      </trkpt>
      <trkpt lat="50.7914520" lon="-1.9016940">
        <name>Casterbridge Road</name>
      </trkpt>
      <trkpt lat="50.7913880" lon="-1.9016020">
        <name>Casterbridge Road</name>
      </trkpt>
      <trkpt lat="50.7913475" lon="-1.9015610">
        <name>Casterbridge Road</name>
      </trkpt>
      <trkpt lat="50.7913070" lon="-1.9015200">
        <name>Casterbridge Road</name>
      </trkpt>
      <trkpt lat="50.7912230" lon="-1.9014800">
        <name>Casterbridge Road</name>
      </trkpt>
      <trkpt lat="50.7911820" lon="-1.9014670">
        <name>Casterbridge Road</name>
      </trkpt>
      <trkpt lat="50.7911390" lon="-1.9014540">
        <name>Casterbridge Road</name>
      </trkpt>
      <trkpt lat="50.7910885" lon="-1.9014500">
        <name>Casterbridge Road</name>
      </trkpt>
      <trkpt lat="50.7910380" lon="-1.9014460">
        <name>Casterbridge Road</name>
      </trkpt>
      <trkpt lat="50.7909730" lon="-1.9014370">
        <name>Casterbridge Road</name>
      </trkpt>
      <trkpt lat="50.7909120" lon="-1.9014140">
        <name>Casterbridge Road</name>
      </trkpt>
      <trkpt lat="50.7908680" lon="-1.9013840">
        <name>Casterbridge Road</name>
      </trkpt>
      <trkpt lat="50.7908000" lon="-1.9012960">
        <name>Casterbridge Road</name>
      </trkpt>
      <trkpt lat="50.7907810" lon="-1.9012610">
        <name>Casterbridge Road</name>
      </trkpt>
      <trkpt lat="50.7907540" lon="-1.9012100">
        <name>Casterbridge Road</name>
      </trkpt>
      <trkpt lat="50.7907300" lon="-1.9011330">
        <name>Casterbridge Road</name>
      </trkpt>
      <trkpt lat="50.7907060" lon="-1.9010560">
        <name>Casterbridge Road</name>
      </trkpt>
      <trkpt lat="50.7906880" lon="-1.9009360">
        <name>Casterbridge Road</name>
      </trkpt>
      <trkpt lat="50.7906890" lon="-1.9008190">
        <name>Casterbridge Road</name>
      </trkpt>
      <trkpt lat="50.7907080" lon="-1.9007040">
        <name>Casterbridge Road</name>
      </trkpt>
      <trkpt lat="50.7907270" lon="-1.9005890">
        <name>Casterbridge Road</name>
      </trkpt>
      <trkpt lat="50.7906650" lon="-1.9005120">
        <name>Casterbridge Road</name>
      </trkpt>
      <trkpt lat="50.7906510" lon="-1.9004950">
        <name>Casterbridge Road</name>
      </trkpt>
      <trkpt lat="50.7906070" lon="-1.9004340">
        <name>Casterbridge Road</name>
      </trkpt>
      <trkpt lat="50.7905690" lon="-1.9003630">
        <name>Casterbridge Road</name>
      </trkpt>
      <trkpt lat="50.7905370" lon="-1.9003040">
        <name>Casterbridge Road</name>
      </trkpt>
      <trkpt lat="50.7904915" lon="-1.9002240">
        <name>Casterbridge Road</name>
      </trkpt>
      <trkpt lat="50.7904460" lon="-1.9001440">
        <name>Casterbridge Road</name>
      </trkpt>
      <trkpt lat="50.7903905" lon="-1.9000735">
        <name>Casterbridge Road</name>
      </trkpt>
      <trkpt lat="50.7903350" lon="-1.9000030">
        <name>Casterbridge Road</name>
      </trkpt>
      <trkpt lat="50.7902600" lon="-1.8999440">
        <name>Casterbridge Road</name>
      </trkpt>
      <trkpt lat="50.7902025" lon="-1.8999130">
        <name>Casterbridge Road</name>
      </trkpt>
      <trkpt lat="50.7901450" lon="-1.8998820">
        <name>Casterbridge Road</name>
      </trkpt>
      <trkpt lat="50.7900710" lon="-1.8998420">
        <name>Casterbridge Road</name>
      </trkpt>
      <trkpt lat="50.7900400" lon="-1.8998260">
        <name>Casterbridge Road</name>
      </trkpt>
      <trkpt lat="50.7899870" lon="-1.8997980">
        <name>Casterbridge Road</name>
      </trkpt>
      <trkpt lat="50.7899340" lon="-1.8997700">
        <name>Casterbridge Road</name>
      </trkpt>
      <trkpt lat="50.7898860" lon="-1.8997230">
        <name>Casterbridge Road</name>
      </trkpt>
      <trkpt lat="50.7898380" lon="-1.8996760">
        <name>Casterbridge Road</name>
      </trkpt>
      <trkpt lat="50.7898085" lon="-1.8996070">
        <name>Casterbridge Road</name>
      </trkpt>
      <trkpt lat="50.7897790" lon="-1.8995380">
        <name>Casterbridge Road</name>
      </trkpt>
      <trkpt lat="50.7897520" lon="-1.8994480">
        <name>Casterbridge Road</name>
      </trkpt>
      <trkpt lat="50.7897250" lon="-1.8993580">
        <name>Casterbridge Road</name>
      </trkpt>
      <trkpt lat="50.7896980" lon="-1.8992680">
        <name>Casterbridge Road</name>
      </trkpt>
      <trkpt lat="50.7896720" lon="-1.8991740">
        <name>Casterbridge Road</name>
      </trkpt>
      <trkpt lat="50.7896585" lon="-1.8990975">
        <name>Casterbridge Road</name>
      </trkpt>
      <trkpt lat="50.7896450" lon="-1.8990210">
        <name>Casterbridge Road</name>
      </trkpt>
      <trkpt lat="50.7896420" lon="-1.8989760">
        <name>Casterbridge Road</name>
      </trkpt>
      <trkpt lat="50.7896325" lon="-1.8988390">
        <name>Casterbridge Road</name>
      </trkpt>
      <trkpt lat="50.7896230" lon="-1.8987020">
        <name>Casterbridge Road</name>
      </trkpt>
      <trkpt lat="50.7896030" lon="-1.8986000">
        <name>Casterbridge Road</name>
      </trkpt>
      <trkpt lat="50.7895920" lon="-1.8985450">
        <name>Casterbridge Road</name>
      </trkpt>
      <trkpt lat="50.7895720" lon="-1.8984500">
        <name>Casterbridge Road</name>
      </trkpt>
      <trkpt lat="50.7895560" lon="-1.8984030">
        <name>Casterbridge Road</name>
      </trkpt>
      <trkpt lat="50.7895160" lon="-1.8983470">
        <name>Casterbridge Road</name>
      </trkpt>
      <trkpt lat="50.7894720" lon="-1.8983090">
        <name>Casterbridge Road</name>
      </trkpt>
      <trkpt lat="50.7894410" lon="-1.8982900">
        <name>Casterbridge Road</name>
      </trkpt>
      <trkpt lat="50.7894080" lon="-1.8982800">
        <name>Casterbridge Road</name>
      </trkpt>
      <trkpt lat="50.7893750" lon="-1.8982690">
        <name>Casterbridge Road</name>
      </trkpt>
      <trkpt lat="50.7893055" lon="-1.8982440">
        <name>Casterbridge Road</name>
      </trkpt>
      <trkpt lat="50.7892360" lon="-1.8982190">
        <name>Casterbridge Road</name>
      </trkpt>
      <trkpt lat="50.7891670" lon="-1.8981800">
        <name>Casterbridge Road</name>
      </trkpt>
      <trkpt lat="50.7891460" lon="-1.8981540">
        <name>Casterbridge Road</name>
      </trkpt>
      <trkpt lat="50.7891310" lon="-1.8981240">
        <name>Casterbridge Road</name>
      </trkpt>
      <trkpt lat="50.7891200" lon="-1.8980920">
        <name>Casterbridge Road</name>
      </trkpt>
      <trkpt lat="50.7891160" lon="-1.8980670">
        <name>Casterbridge Road</name>
      </trkpt>
      <trkpt lat="50.7891130" lon="-1.8979475">
        <name>Casterbridge Road</name>
      </trkpt>
      <trkpt lat="50.7891100" lon="-1.8978280">
        <name>Casterbridge Road</name>
      </trkpt>
      <trkpt lat="50.7890960" lon="-1.8976900">
        <name>Casterbridge Road</name>
      </trkpt>
      <trkpt lat="50.7890820" lon="-1.8975520">
        <name>Casterbridge Road</name>
      </trkpt>
      <trkpt lat="50.7891680" lon="-1.8975350">
        <name>Casterbridge Road</name>
      </trkpt>
      <trkpt lat="50.7892550" lon="-1.8975250">
        <name>Casterbridge Road</name>
      </trkpt>
      <trkpt lat="50.7893375" lon="-1.8975230">
        <name>Casterbridge Road</name>
      </trkpt>
      <trkpt lat="50.7894200" lon="-1.8975210">
        <name>Casterbridge Road</name>
      </trkpt>
      <trkpt lat="50.7894620" lon="-1.8975160">
        <name>Casterbridge Road</name>
      </trkpt>
      <trkpt lat="50.7894990" lon="-1.8975010">
        <name>Casterbridge Road</name>
      </trkpt>
      <trkpt lat="50.7895270" lon="-1.8974820">
        <name>Casterbridge Road</name>
      </trkpt>
      <trkpt lat="50.7895380" lon="-1.8974730">
        <name>Casterbridge Road</name>
      </trkpt>
      <trkpt lat="50.7895770" lon="-1.8974380">
        <name>Casterbridge Road</name>
      </trkpt>
      <trkpt lat="50.7896125" lon="-1.8973885">
        <name>Casterbridge Road</name>
      </trkpt>
      <trkpt lat="50.7896480" lon="-1.8973390">
        <name>Casterbridge Road</name>
      </trkpt>
      <trkpt lat="50.7896745" lon="-1.8972515">
        <name>Casterbridge Road</name>
      </trkpt>
      <trkpt lat="50.7897010" lon="-1.8971640">
        <name>Casterbridge Road</name>
      </trkpt>
      <trkpt lat="50.7897200" lon="-1.8970630">
        <name>Casterbridge Road</name>
      </trkpt>
      <trkpt lat="50.7897245" lon="-1.8969520">
        <name>Casterbridge Road</name>
      </trkpt>
      <trkpt lat="50.7897290" lon="-1.8968410">
        <name>Casterbridge Road</name>
      </trkpt>
      <trkpt lat="50.7897335" lon="-1.8967670">
        <name>Casterbridge Road</name>
      </trkpt>
      <trkpt lat="50.7897380" lon="-1.8966930">
        <name>Casterbridge Road</name>
      </trkpt>
      <trkpt lat="50.7897530" lon="-1.8965960">
        <name>Casterbridge Road</name>
      </trkpt>
      <trkpt lat="50.7897690" lon="-1.8964970">
        <name>Casterbridge Road</name>
      </trkpt>
      <trkpt lat="50.7897925" lon="-1.8964340">
        <name>Casterbridge Road</name>
      </trkpt>
      <trkpt lat="50.7898160" lon="-1.8963710">
        <name>Casterbridge Road</name>
      </trkpt>
      <trkpt lat="50.7898820" lon="-1.8962860">
        <name>Casterbridge Road</name>
      </trkpt>
      <trkpt lat="50.7899350" lon="-1.8962390">
        <name>Casterbridge Road</name>
      </trkpt>
      <trkpt lat="50.7900035" lon="-1.8962610">
        <name>Casterbridge Road</name>
      </trkpt>
      <trkpt lat="50.7900720" lon="-1.8962830">
        <name>Casterbridge Road</name>
      </trkpt>
      <trkpt lat="50.7901580" lon="-1.8963200">
        <name>Casterbridge Road</name>
      </trkpt>
      <trkpt lat="50.7902400" lon="-1.8963180">
        <name>Casterbridge Road</name>
      </trkpt>
      <trkpt lat="50.7902510" lon="-1.8963150">
        <name>Casterbridge Road</name>
      </trkpt>
      <trkpt lat="50.7902985" lon="-1.8962950">
        <name>Casterbridge Road</name>
      </trkpt>
      <trkpt lat="50.7903460" lon="-1.8962750">
        <name>Casterbridge Road</name>
      </trkpt>
      <trkpt lat="50.7904135" lon="-1.8962240">
        <name>Casterbridge Road</name>
      </trkpt>
      <trkpt lat="50.7904810" lon="-1.8961730">
        <name>Casterbridge Road</name>
      </trkpt>
      <trkpt lat="50.7905520" lon="-1.8961190">
        <name>Casterbridge Road</name>
      </trkpt>
      <trkpt lat="50.7906100" lon="-1.8960727">
        <name>Wollaton Road</name>
      </trkpt>
      <trkpt lat="50.7906680" lon="-1.8960263">
        <name>Wollaton Road</name>
      </trkpt>
      <trkpt lat="50.7907260" lon="-1.8959800">
        <name>Wollaton Road</name>
      </trkpt>
      <trkpt lat="50.7907835" lon="-1.8959440">
        <name>Wollaton Road</name>
      </trkpt>
      <trkpt lat="50.7908410" lon="-1.8959080">
        <name>Wollaton Road</name>
      </trkpt>
      <trkpt lat="50.7909063" lon="-1.8958670">
        <name>Wollaton Road</name>
      </trkpt>
      <trkpt lat="50.7909717" lon="-1.8958260">
        <name>Wollaton Road</name>
      </trkpt>
      <trkpt lat="50.7910370" lon="-1.8957850">
        <name>Wollaton Road</name>
      </trkpt>
      <trkpt lat="50.7911070" lon="-1.8957390">
        <name>Wollaton Road</name>
      </trkpt>
      <trkpt lat="50.7911770" lon="-1.8956930">
        <name>Wollaton Road</name>
      </trkpt>
      <trkpt lat="50.7912430" lon="-1.8956490">
        <name>Wollaton Road</name>
      </trkpt>
      <trkpt lat="50.7913055" lon="-1.8956100">
        <name>Wollaton Road</name>
      </trkpt>
      <trkpt lat="50.7913680" lon="-1.8955710">
        <name>Wollaton Road</name>
      </trkpt>
      <trkpt lat="50.7913805" lon="-1.8956495">
        <name>Wollaton Road</name>
      </trkpt>
      <trkpt lat="50.7913930" lon="-1.8957280">
        <name>Wollaton Road</name>
      </trkpt>
      <trkpt lat="50.7914120" lon="-1.8958513">
        <name>Wollaton Road</name>
      </trkpt>
      <trkpt lat="50.7914310" lon="-1.8959747">
        <name>Wollaton Road</name>
      </trkpt>
      <trkpt lat="50.7914500" lon="-1.8960980">
        <name>Wollaton Road</name>
      </trkpt>
      <trkpt lat="50.7914755" lon="-1.8961940">
        <name>Wollaton Road</name>
      </trkpt>
      <trkpt lat="50.7915010" lon="-1.8962900">
        <name>Wollaton Road</name>
      </trkpt>
      <trkpt lat="50.7915350" lon="-1.8963892">
        <name>Wollaton Road</name>
      </trkpt>
      <trkpt lat="50.7915690" lon="-1.8964885">
        <name>Wollaton Road</name>
      </trkpt>
      <trkpt lat="50.7916030" lon="-1.8965878">
        <name>Wollaton Road</name>
      </trkpt>
      <trkpt lat="50.7916370" lon="-1.8966870">
        <name>Wollaton Road</name>
      </trkpt>
      <trkpt lat="50.7916570" lon="-1.8967460">
        <name>Wollaton Road</name>
      </trkpt>
      <trkpt lat="50.7916947" lon="-1.8968568">
        <name>Wollaton Road</name>
      </trkpt>
      <trkpt lat="50.7917323" lon="-1.8969677">
        <name>Wollaton Road</name>
      </trkpt>
      <trkpt lat="50.7917700" lon="-1.8970785">
        <name>Wollaton Road</name>
      </trkpt>
      <trkpt lat="50.7918077" lon="-1.8971893">
        <name>Wollaton Road</name>
      </trkpt>
      <trkpt lat="50.7918453" lon="-1.8973002">
        <name>Wollaton Road</name>
      </trkpt>
      <trkpt lat="50.7918830" lon="-1.8974110">
        <name>Wollaton Road</name>
      </trkpt>
      <trkpt lat="50.7919155" lon="-1.8974650">
        <name>Wollaton Road</name>
      </trkpt>
      <trkpt lat="50.7919480" lon="-1.8975190">
        <name>Wollaton Road</name>
      </trkpt>
      <trkpt lat="50.7919925" lon="-1.8975750">
        <name>Wollaton Road</name>
      </trkpt>
      <trkpt lat="50.7920370" lon="-1.8976310">
        <name>Wollaton Road</name>
      </trkpt>
      <trkpt lat="50.7921020" lon="-1.8976900">
        <name>Wollaton Road</name>
      </trkpt>
      <trkpt lat="50.7921670" lon="-1.8977490">
        <name>Wollaton Road</name>
      </trkpt>
      <trkpt lat="50.7922400" lon="-1.8978250">
        <name>Wollaton Road</name>
      </trkpt>
      <trkpt lat="50.7922960" lon="-1.8978740">
        <name>Wollaton Road</name>
      </trkpt>
      <trkpt lat="50.7923560" lon="-1.8979280">
        <name>Wollaton Road</name>
      </trkpt>
      <trkpt lat="50.7923967" lon="-1.8980003">
        <name>Wollaton Road</name>
      </trkpt>
      <trkpt lat="50.7924373" lon="-1.8980727">
        <name>Wollaton Road</name>
      </trkpt>
      <trkpt lat="50.7924780" lon="-1.8981450">
        <name>Wollaton Road</name>
      </trkpt>
      <trkpt lat="50.7925215" lon="-1.8982515">
        <name>Wollaton Road</name>
      </trkpt>
      <trkpt lat="50.7925650" lon="-1.8983580">
        <name>Wollaton Road</name>
      </trkpt>
      <trkpt lat="50.7926135" lon="-1.8983040">
        <name>Wollaton Road</name>
      </trkpt>
      <trkpt lat="50.7926620" lon="-1.8982500">
        <name>Wollaton Road</name>
      </trkpt>
      <trkpt lat="50.7927330" lon="-1.8981710">
        <name>Wollaton Road</name>
      </trkpt>
      <trkpt lat="50.7927807" lon="-1.8980970">
        <name>Wollaton Road</name>
      </trkpt>
      <trkpt lat="50.7928283" lon="-1.8980230">
        <name>Wollaton Road</name>
      </trkpt>
      <trkpt lat="50.7928760" lon="-1.8979490">
        <name>Wollaton Road</name>
      </trkpt>
      <trkpt lat="50.7929225" lon="-1.8978710">
        <name>Wollaton Road</name>
      </trkpt>
      <trkpt lat="50.7929690" lon="-1.8977930">
        <name>Wollaton Road</name>
      </trkpt>
      <trkpt lat="50.7930177" lon="-1.8977142">
        <name>Wollaton Road</name>
      </trkpt>
      <trkpt lat="50.7930665" lon="-1.8976355">
        <name>Wollaton Road</name>
      </trkpt>
      <trkpt lat="50.7931152" lon="-1.8975568">
        <name>Wollaton Road</name>
      </trkpt>
      <trkpt lat="50.7931640" lon="-1.8974780">
        <name>Wollaton Road</name>
      </trkpt>
      <trkpt lat="50.7932230" lon="-1.8974100">
        <name>Wollaton Road</name>
      </trkpt>
      <trkpt lat="50.7932720" lon="-1.8973540">
        <name>Wollaton Road</name>
      </trkpt>
      <trkpt lat="50.7933210" lon="-1.8972980">
        <name>Wollaton Road</name>
      </trkpt>
      <trkpt lat="50.7933830" lon="-1.8972430">
        <name>Wollaton Road</name>
      </trkpt>
      <trkpt lat="50.7934450" lon="-1.8971880">
        <name>Wollaton Road</name>
      </trkpt>
      <trkpt lat="50.7935165" lon="-1.8971345">
        <name>Wollaton Road</name>
      </trkpt>
      <trkpt lat="50.7935880" lon="-1.8970810">
        <name>Wollaton Road</name>
      </trkpt>
      <trkpt lat="50.7936493" lon="-1.8970577">
        <name>Wollaton Road</name>
      </trkpt>
      <trkpt lat="50.7937107" lon="-1.8970343">
        <name>Wollaton Road</name>
      </trkpt>
      <trkpt lat="50.7937720" lon="-1.8970110">
        <name>Wollaton Road</name>
      </trkpt>
      <trkpt lat="50.7938370" lon="-1.8969885">
        <name>Wollaton Road</name>
      </trkpt>
      <trkpt lat="50.7939020" lon="-1.8969660">
        <name>Wollaton Road</name>
      </trkpt>
      <trkpt lat="50.7939833" lon="-1.8969293">
        <name>Wollaton Road</name>
      </trkpt>
      <trkpt lat="50.7940647" lon="-1.8968927">
        <name>Wollaton Road</name>
      </trkpt>
      <trkpt lat="50.7941460" lon="-1.8968560">
        <name>Wollaton Road</name>
      </trkpt>
      <trkpt lat="50.7941670" lon="-1.8968450">
        <name>Wollaton Road</name>
      </trkpt>
      <trkpt lat="50.7942445" lon="-1.8968045">
        <name>Wollaton Road</name>
      </trkpt>
      <trkpt lat="50.7943220" lon="-1.8967640">
        <name>Wollaton Road</name>
      </trkpt>
      <trkpt lat="50.7943855" lon="-1.8967173">
        <name>Wollaton Road</name>
      </trkpt>
      <trkpt lat="50.7944490" lon="-1.8966705">
        <name>Wollaton Road</name>
      </trkpt>
      <trkpt lat="50.7945125" lon="-1.8966237">
        <name>Wollaton Road</name>
      </trkpt>
      <trkpt lat="50.7945760" lon="-1.8965770">
        <name>Wollaton Road</name>
      </trkpt>
      <trkpt lat="50.7945440" lon="-1.8964690">
        <name>Wollaton Road</name>
      </trkpt>
      <trkpt lat="50.7945120" lon="-1.8963610">
        <name>Wollaton Road</name>
      </trkpt>
      <trkpt lat="50.7944742" lon="-1.8962330">
        <name>Wollaton Road</name>
      </trkpt>
      <trkpt lat="50.7944364" lon="-1.8961050">
        <name>Wollaton Road</name>
      </trkpt>
      <trkpt lat="50.7943985" lon="-1.8959770">
        <name>Wollaton Road</name>
      </trkpt>
      <trkpt lat="50.7943607" lon="-1.8958490">
        <name>Wollaton Road</name>
      </trkpt>
      <trkpt lat="50.7943229" lon="-1.8957210">
        <name>Wollaton Road</name>
      </trkpt>
      <trkpt lat="50.7942851" lon="-1.8955930">
        <name>Wollaton Road</name>
      </trkpt>
      <trkpt lat="50.7942472" lon="-1.8954650">
        <name>Wollaton Road</name>
      </trkpt>
      <trkpt lat="50.7942094" lon="-1.8953370">
        <name>Wollaton Road</name>
      </trkpt>
      <trkpt lat="50.7941716" lon="-1.8952090">
        <name>Wollaton Road</name>
      </trkpt>
      <trkpt lat="50.7941338" lon="-1.8950810">
        <name>Wollaton Road</name>
      </trkpt>
      <trkpt lat="50.7940959" lon="-1.8949530">
        <name>Wollaton Road</name>
      </trkpt>
      <trkpt lat="50.7940581" lon="-1.8948250">
        <name>Wollaton Road</name>
      </trkpt>
      <trkpt lat="50.7940203" lon="-1.8946970">
        <name>Wollaton Road</name>
      </trkpt>
      <trkpt lat="50.7939825" lon="-1.8945690">
        <name>Wollaton Road</name>
      </trkpt>
      <trkpt lat="50.7939446" lon="-1.8944410">
        <name>Wollaton Road</name>
      </trkpt>
      <trkpt lat="50.7939068" lon="-1.8943130">
        <name>Wollaton Road</name>
      </trkpt>
      <trkpt lat="50.7938690" lon="-1.8941850">
        <name>Wollaton Road</name>
      </trkpt>
      <trkpt lat="50.7938324" lon="-1.8940660">
        <name>Wollaton Road</name>
      </trkpt>
      <trkpt lat="50.7937958" lon="-1.8939470">
        <name>Wollaton Road</name>
      </trkpt>
      <trkpt lat="50.7937592" lon="-1.8938280">
        <name>Wollaton Road</name>
      </trkpt>
      <trkpt lat="50.7937226" lon="-1.8937090">
        <name>Wollaton Road</name>
      </trkpt>
      <trkpt lat="50.7936860" lon="-1.8935900">
        <name>Wollaton Road</name>
      </trkpt>
      <trkpt lat="50.7936510" lon="-1.8934778">
        <name>Wollaton Road</name>
      </trkpt>
      <trkpt lat="50.7936160" lon="-1.8933655">
        <name>Wollaton Road</name>
      </trkpt>
      <trkpt lat="50.7935810" lon="-1.8932532">
        <name>Wollaton Road</name>
      </trkpt>
      <trkpt lat="50.7935460" lon="-1.8931410">
        <name>Wollaton Road</name>
      </trkpt>
      <trkpt lat="50.7935197" lon="-1.8930527">
        <name>Wollaton Road</name>
      </trkpt>
      <trkpt lat="50.7934933" lon="-1.8929643">
        <name>Wollaton Road</name>
      </trkpt>
      <trkpt lat="50.7934670" lon="-1.8928760">
        <name>Wollaton Road</name>
      </trkpt>
      <trkpt lat="50.7934177" lon="-1.8927650">
        <name>Wollaton Road</name>
      </trkpt>
      <trkpt lat="50.7933683" lon="-1.8926540">
        <name>Wollaton Road</name>
      </trkpt>
      <trkpt lat="50.7933190" lon="-1.8925430">
        <name>Wollaton Road</name>
      </trkpt>
      <trkpt lat="50.7932900" lon="-1.8924860">
        <name>Wollaton Road</name>
      </trkpt>
      <trkpt lat="50.7932377" lon="-1.8923842">
        <name>Wollaton Road</name>
      </trkpt>
      <trkpt lat="50.7931853" lon="-1.8922823">
        <name>Wollaton Road</name>
      </trkpt>
      <trkpt lat="50.7931330" lon="-1.8921805">
        <name>Wollaton Road</name>
      </trkpt>
      <trkpt lat="50.7930807" lon="-1.8920787">
        <name>Wollaton Road</name>
      </trkpt>
      <trkpt lat="50.7930283" lon="-1.8919768">
        <name>Wollaton Road</name>
      </trkpt>
      <trkpt lat="50.7929760" lon="-1.8918750">
        <name>Wollaton Road</name>
      </trkpt>
      <trkpt lat="50.7929420" lon="-1.8918180">
        <name>Wollaton Road</name>
      </trkpt>
      <trkpt lat="50.7928925" lon="-1.8917230">
        <name>Wollaton Road</name>
      </trkpt>
      <trkpt lat="50.7928430" lon="-1.8916280">
        <name>Wollaton Road</name>
      </trkpt>
      <trkpt lat="50.7927935" lon="-1.8915330">
        <name>Wollaton Road</name>
      </trkpt>
      <trkpt lat="50.7927440" lon="-1.8914380">
        <name>Wollaton Road</name>
      </trkpt>
      <trkpt lat="50.7926990" lon="-1.8913520">
        <name>Wollaton Road</name>
      </trkpt>
      <trkpt lat="50.7926540" lon="-1.8912660">
        <name>Wollaton Road</name>
      </trkpt>
      <trkpt lat="50.7926400" lon="-1.8912380">
        <name>Wollaton Road</name>
      </trkpt>
      <trkpt lat="50.7925993" lon="-1.8911600">
        <name>Wollaton Road</name>
      </trkpt>
      <trkpt lat="50.7925587" lon="-1.8910820">
        <name>Wollaton Road</name>
      </trkpt>
      <trkpt lat="50.7925180" lon="-1.8910040">
        <name>Wollaton Road</name>
      </trkpt>
      <trkpt lat="50.7924610" lon="-1.8908950">
        <name>Wollaton Road</name>
      </trkpt>
      <trkpt lat="50.7924130" lon="-1.8908020">
        <name>Wollaton Road</name>
      </trkpt>
      <trkpt lat="50.7923650" lon="-1.8907090">
        <name>Wollaton Road</name>
      </trkpt>
      <trkpt lat="50.7923042" lon="-1.8907853">
        <name>Wollaton Road</name>
      </trkpt>
      <trkpt lat="50.7922433" lon="-1.8908617">
        <name>Wollaton Road</name>
      </trkpt>
      <trkpt lat="50.7921825" lon="-1.8909380">
        <name>Wollaton Road</name>
      </trkpt>
      <trkpt lat="50.7921217" lon="-1.8910143">
        <name>Wollaton Road</name>
      </trkpt>
      <trkpt lat="50.7920608" lon="-1.8910907">
        <name>Wollaton Road</name>
      </trkpt>
      <trkpt lat="50.7920000" lon="-1.8911670">
        <name>Wollaton Road</name>
      </trkpt>
      <trkpt lat="50.7919384" lon="-1.8912278">
        <name>Darley Road</name>
      </trkpt>
      <trkpt lat="50.7918768" lon="-1.8912886">
        <name>Darley Road</name>
      </trkpt>
      <trkpt lat="50.7918152" lon="-1.8913494">
        <name>Darley Road</name>
      </trkpt>
      <trkpt lat="50.7917536" lon="-1.8914102">
        <name>Darley Road</name>
      </trkpt>
      <trkpt lat="50.7916920" lon="-1.8914710">
        <name>Darley Road</name>
      </trkpt>
      <trkpt lat="50.7916350" lon="-1.8915170">
        <name>Darley Road</name>
      </trkpt>
      <trkpt lat="50.7916100" lon="-1.8915370">
        <name>Darley Road</name>
      </trkpt>
      <trkpt lat="50.7915625" lon="-1.8915670">
        <name>Darley Road</name>
      </trkpt>
      <trkpt lat="50.7915150" lon="-1.8915970">
        <name>Darley Road</name>
      </trkpt>
      <trkpt lat="50.7914625" lon="-1.8916230">
        <name>Darley Road</name>
      </trkpt>
      <trkpt lat="50.7914100" lon="-1.8916490">
        <name>Darley Road</name>
      </trkpt>
      <trkpt lat="50.7913620" lon="-1.8916715">
        <name>Darley Road</name>
      </trkpt>
      <trkpt lat="50.7913140" lon="-1.8916940">
        <name>Darley Road</name>
      </trkpt>
      <trkpt lat="50.7912580" lon="-1.8917145">
        <name>Darley Road</name>
      </trkpt>
      <trkpt lat="50.7912020" lon="-1.8917350">
        <name>Darley Road</name>
      </trkpt>
      <trkpt lat="50.7911260" lon="-1.8917430">
        <name>Darley Road</name>
      </trkpt>
      <trkpt lat="50.7910450" lon="-1.8917570">
        <name>Darley Road</name>
      </trkpt>
      <trkpt lat="50.7909820" lon="-1.8917650">
        <name>Darley Road</name>
      </trkpt>
      <trkpt lat="50.7909080" lon="-1.8917670">
        <name>Darley Road</name>
      </trkpt>
      <trkpt lat="50.7908625" lon="-1.8917655">
        <name>Darley Road</name>
      </trkpt>
      <trkpt lat="50.7908170" lon="-1.8917640">
        <name>Darley Road</name>
      </trkpt>
      <trkpt lat="50.7907720" lon="-1.8917620">
        <name>Darley Road</name>
      </trkpt>
      <trkpt lat="50.7907250" lon="-1.8917475">
        <name>Darley Road</name>
      </trkpt>
      <trkpt lat="50.7906780" lon="-1.8917330">
        <name>Darley Road</name>
      </trkpt>
      <trkpt lat="50.7906639" lon="-1.8918644">
        <name>Darley Road</name>
      </trkpt>
      <trkpt lat="50.7906497" lon="-1.8919959">
        <name>Darley Road</name>
      </trkpt>
      <trkpt lat="50.7906356" lon="-1.8921273">
        <name>Darley Road</name>
      </trkpt>
      <trkpt lat="50.7906214" lon="-1.8922587">
        <name>Darley Road</name>
      </trkpt>
      <trkpt lat="50.7906073" lon="-1.8923901">
        <name>Darley Road</name>
      </trkpt>
      <trkpt lat="50.7905931" lon="-1.8925216">
        <name>Darley Road</name>
      </trkpt>
      <trkpt lat="50.7905790" lon="-1.8926530">
        <name>Darley Road</name>
      </trkpt>
      <trkpt lat="50.7905655" lon="-1.8927540">
        <name>Darley Road</name>
      </trkpt>
      <trkpt lat="50.7905520" lon="-1.8928550">
        <name>Darley Road</name>
      </trkpt>
      <trkpt lat="50.7905345" lon="-1.8929635">
        <name>Darley Road</name>
      </trkpt>
      <trkpt lat="50.7905170" lon="-1.8930720">
        <name>Darley Road</name>
      </trkpt>
      <trkpt lat="50.7904950" lon="-1.8931780">
        <name>Darley Road</name>
      </trkpt>
      <trkpt lat="50.7904730" lon="-1.8932840">
        <name>Darley Road</name>
      </trkpt>
      <trkpt lat="50.7904510" lon="-1.8933900">
        <name>Darley Road</name>
      </trkpt>
      <trkpt lat="50.7904270" lon="-1.8934730">
        <name>Darley Road</name>
      </trkpt>
      <trkpt lat="50.7904030" lon="-1.8935560">
        <name>Darley Road</name>
      </trkpt>
      <trkpt lat="50.7903630" lon="-1.8936490">
        <name>Darley Road</name>
      </trkpt>
      <trkpt lat="50.7903230" lon="-1.8937420">
        <name>Darley Road</name>
      </trkpt>
      <trkpt lat="50.7902910" lon="-1.8938180">
        <name>Darley Road</name>
      </trkpt>
      <trkpt lat="50.7902357" lon="-1.8939037">
        <name>Locksley Drive</name>
      </trkpt>
      <trkpt lat="50.7901803" lon="-1.8939893">
        <name>Locksley Drive</name>
      </trkpt>
      <trkpt lat="50.7901250" lon="-1.8940750">
        <name>Locksley Drive</name>
      </trkpt>
      <trkpt lat="50.7900683" lon="-1.8941323">
        <name>Locksley Drive</name>
      </trkpt>
      <trkpt lat="50.7900117" lon="-1.8941897">
        <name>Locksley Drive</name>
      </trkpt>
      <trkpt lat="50.7899550" lon="-1.8942470">
        <name>Locksley Drive</name>
      </trkpt>
      <trkpt lat="50.7898800" lon="-1.8943047">
        <name>Locksley Drive</name>
      </trkpt>
      <trkpt lat="50.7898050" lon="-1.8943623">
        <name>Locksley Drive</name>
      </trkpt>
      <trkpt lat="50.7897300" lon="-1.8944200">
        <name>Locksley Drive</name>
      </trkpt>
      <trkpt lat="50.7896527" lon="-1.8944593">
        <name>Locksley Drive</name>
      </trkpt>
      <trkpt lat="50.7895753" lon="-1.8944987">
        <name>Locksley Drive</name>
      </trkpt>
      <trkpt lat="50.7894980" lon="-1.8945380">
        <name>Locksley Drive</name>
      </trkpt>
      <trkpt lat="50.7894230" lon="-1.8945417">
        <name>Locksley Drive</name>
      </trkpt>
      <trkpt lat="50.7893480" lon="-1.8945453">
        <name>Locksley Drive</name>
      </trkpt>
      <trkpt lat="50.7892730" lon="-1.8945490">
        <name>Locksley Drive</name>
      </trkpt>
      <trkpt lat="50.7891998" lon="-1.8945490">
        <name>Locksley Drive</name>
      </trkpt>
      <trkpt lat="50.7891265" lon="-1.8945490">
        <name>Locksley Drive</name>
      </trkpt>
      <trkpt lat="50.7890533" lon="-1.8945490">
        <name>Locksley Drive</name>
      </trkpt>
      <trkpt lat="50.7889800" lon="-1.8945490">
        <name>Locksley Drive</name>
      </trkpt>
      <trkpt lat="50.7889190" lon="-1.8945525">
        <name>Locksley Drive</name>
      </trkpt>
      <trkpt lat="50.7888580" lon="-1.8945560">
        <name>Locksley Drive</name>
      </trkpt>
      <trkpt lat="50.7887812" lon="-1.8945462">
        <name>Locksley Drive</name>
      </trkpt>
      <trkpt lat="50.7887045" lon="-1.8945365">
        <name>Locksley Drive</name>
      </trkpt>
      <trkpt lat="50.7886277" lon="-1.8945268">
        <name>Locksley Drive</name>
      </trkpt>
      <trkpt lat="50.7885510" lon="-1.8945170">
        <name>Locksley Drive</name>
      </trkpt>
      <trkpt lat="50.7884760" lon="-1.8944990">
        <name>Locksley Drive</name>
      </trkpt>
      <trkpt lat="50.7884010" lon="-1.8944810">
        <name>Locksley Drive</name>
      </trkpt>
      <trkpt lat="50.7883260" lon="-1.8944630">
        <name>Locksley Drive</name>
      </trkpt>
      <trkpt lat="50.7882570" lon="-1.8944410">
        <name>Locksley Drive</name>
      </trkpt>
      <trkpt lat="50.7881880" lon="-1.8944190">
        <name>Locksley Drive</name>
      </trkpt>
      <trkpt lat="50.7881190" lon="-1.8943970">
        <name>Locksley Drive</name>
      </trkpt>
      <trkpt lat="50.7881080" lon="-1.8943940">
        <name>Locksley Drive</name>
      </trkpt>
      <trkpt lat="50.7880238" lon="-1.8943533">
        <name>Locksley Drive</name>
      </trkpt>
      <trkpt lat="50.7879397" lon="-1.8943127">
        <name>Locksley Drive</name>
      </trkpt>
      <trkpt lat="50.7878555" lon="-1.8942720">
        <name>Locksley Drive</name>
      </trkpt>
      <trkpt lat="50.7877713" lon="-1.8942313">
        <name>Locksley Drive</name>
      </trkpt>
      <trkpt lat="50.7876872" lon="-1.8941907">
        <name>Locksley Drive</name>
      </trkpt>
      <trkpt lat="50.7876030" lon="-1.8941500">
        <name>Locksley Drive</name>
      </trkpt>
      <trkpt lat="50.7875267" lon="-1.8940993">
        <name>Locksley Drive</name>
      </trkpt>
      <trkpt lat="50.7874504" lon="-1.8940486">
        <name>Locksley Drive</name>
      </trkpt>
      <trkpt lat="50.7873741" lon="-1.8939979">
        <name>Locksley Drive</name>
      </trkpt>
      <trkpt lat="50.7872979" lon="-1.8939471">
        <name>Locksley Drive</name>
      </trkpt>
      <trkpt lat="50.7872216" lon="-1.8938964">
        <name>Locksley Drive</name>
      </trkpt>
      <trkpt lat="50.7871453" lon="-1.8938457">
        <name>Locksley Drive</name>
      </trkpt>
      <trkpt lat="50.7870690" lon="-1.8937950">
        <name>Locksley Drive</name>
      </trkpt>
      <trkpt lat="50.7870190" lon="-1.8937620">
        <name>Locksley Drive</name>
      </trkpt>
      <trkpt lat="50.7869690" lon="-1.8937290">
        <name>Locksley Drive</name>
      </trkpt>
      <trkpt lat="50.7869077" lon="-1.8936717">
        <name>Locksley Drive</name>
      </trkpt>
      <trkpt lat="50.7868463" lon="-1.8936143">
        <name>Locksley Drive</name>
      </trkpt>
      <trkpt lat="50.7867850" lon="-1.8935570">
        <name>Locksley Drive</name>
      </trkpt>
      <trkpt lat="50.7867335" lon="-1.8934440">
        <name>Locksley Drive</name>
      </trkpt>
      <trkpt lat="50.7866820" lon="-1.8933310">
        <name>Locksley Drive</name>
      </trkpt>
      <trkpt lat="50.7866525" lon="-1.8932268">
        <name>Locksley Drive</name>
      </trkpt>
      <trkpt lat="50.7866230" lon="-1.8931225">
        <name>Locksley Drive</name>
      </trkpt>
      <trkpt lat="50.7865935" lon="-1.8930182">
        <name>Locksley Drive</name>
      </trkpt>
      <trkpt lat="50.7865640" lon="-1.8929140">
        <name>Locksley Drive</name>
      </trkpt>
      <trkpt lat="50.7865393" lon="-1.8928167">
        <name>Locksley Drive</name>
      </trkpt>
      <trkpt lat="50.7865147" lon="-1.8927193">
        <name>Locksley Drive</name>
      </trkpt>
      <trkpt lat="50.7864900" lon="-1.8926220">
        <name>Locksley Drive</name>
      </trkpt>
      <trkpt lat="50.7864582" lon="-1.8924965">
        <name>Locksley Drive</name>
      </trkpt>
      <trkpt lat="50.7864263" lon="-1.8923710">
        <name>Locksley Drive</name>
      </trkpt>
      <trkpt lat="50.7863945" lon="-1.8922455">
        <name>Locksley Drive</name>
      </trkpt>
      <trkpt lat="50.7863627" lon="-1.8921200">
        <name>Locksley Drive</name>
      </trkpt>
      <trkpt lat="50.7863308" lon="-1.8919945">
        <name>Locksley Drive</name>
      </trkpt>
      <trkpt lat="50.7862990" lon="-1.8918690">
        <name>Locksley Drive</name>
      </trkpt>
      <trkpt lat="50.7862777" lon="-1.8917783">
        <name>Locksley Drive</name>
      </trkpt>
      <trkpt lat="50.7862563" lon="-1.8916877">
        <name>Locksley Drive</name>
      </trkpt>
      <trkpt lat="50.7862350" lon="-1.8915970">
        <name>Locksley Drive</name>
      </trkpt>
      <trkpt lat="50.7862330" lon="-1.8914650">
        <name>Locksley Drive</name>
      </trkpt>
      <trkpt lat="50.7862390" lon="-1.8913560">
        <name>Locksley Drive</name>
      </trkpt>
      <trkpt lat="50.7862450" lon="-1.8912470">
        <name>Locksley Drive</name>
      </trkpt>
      <trkpt lat="50.7862510" lon="-1.8911380">
        <name>Locksley Drive</name>
      </trkpt>
      <trkpt lat="50.7862450" lon="-1.8910590">
        <name>Locksley Drive</name>
      </trkpt>
      <trkpt lat="50.7862176" lon="-1.8909244">
        <name>Locksley Drive</name>
      </trkpt>
      <trkpt lat="50.7861903" lon="-1.8907898">
        <name>Locksley Drive</name>
      </trkpt>
      <trkpt lat="50.7861629" lon="-1.8906551">
        <name>Locksley Drive</name>
      </trkpt>
      <trkpt lat="50.7861355" lon="-1.8905205">
        <name>Locksley Drive</name>
      </trkpt>
      <trkpt lat="50.7861081" lon="-1.8903859">
        <name>Locksley Drive</name>
      </trkpt>
      <trkpt lat="50.7860807" lon="-1.8902512">
        <name>Locksley Drive</name>
      </trkpt>
      <trkpt lat="50.7860534" lon="-1.8901166">
        <name>Locksley Drive</name>
      </trkpt>
      <trkpt lat="50.7860260" lon="-1.8899820">
        <name>Locksley Drive</name>
      </trkpt>
      <trkpt lat="50.7860970" lon="-1.8899610">
        <name>Locksley Drive</name>
      </trkpt>
      <trkpt lat="50.7861680" lon="-1.8899400">
        <name>Locksley Drive</name>
      </trkpt>
      <trkpt lat="50.7862415" lon="-1.8899175">
        <name>Glenmoor Road</name>
      </trkpt>
      <trkpt lat="50.7863150" lon="-1.8898950">
        <name>Glenmoor Road</name>
      </trkpt>
      <trkpt lat="50.7863885" lon="-1.8898725">
        <name>Glenmoor Road</name>
      </trkpt>
      <trkpt lat="50.7864620" lon="-1.8898500">
        <name>Glenmoor Road</name>
      </trkpt>
      <trkpt lat="50.7865392" lon="-1.8898264">
        <name>Glenmoor Road</name>
      </trkpt>
      <trkpt lat="50.7866164" lon="-1.8898028">
        <name>Glenmoor Road</name>
      </trkpt>
      <trkpt lat="50.7866936" lon="-1.8897792">
        <name>Glenmoor Road</name>
      </trkpt>
      <trkpt lat="50.7867708" lon="-1.8897556">
        <name>Glenmoor Road</name>
      </trkpt>
      <trkpt lat="50.7868480" lon="-1.8897320">
        <name>Glenmoor Road</name>
      </trkpt>
      <trkpt lat="50.7869045" lon="-1.8897145">
        <name>Glenmoor Road</name>
      </trkpt>
      <trkpt lat="50.7869610" lon="-1.8896970">
        <name>Glenmoor Road</name>
      </trkpt>
      <trkpt lat="50.7870400" lon="-1.8896790">
        <name>Glenmoor Road</name>
      </trkpt>
      <trkpt lat="50.7871190" lon="-1.8896610">
        <name>Glenmoor Road</name>
      </trkpt>
      <trkpt lat="50.7872010" lon="-1.8896660">
        <name>Glenmoor Road</name>
      </trkpt>
      <trkpt lat="50.7872830" lon="-1.8896710">
        <name>Glenmoor Road</name>
      </trkpt>
      <trkpt lat="50.7873520" lon="-1.8896830">
        <name>Glenmoor Road</name>
      </trkpt>
      <trkpt lat="50.7874210" lon="-1.8896950">
        <name>Glenmoor Road</name>
      </trkpt>
      <trkpt lat="50.7875020" lon="-1.8897125">
        <name>Glenmoor Road</name>
      </trkpt>
      <trkpt lat="50.7875830" lon="-1.8897300">
        <name>Glenmoor Road</name>
      </trkpt>
      <trkpt lat="50.7876450" lon="-1.8897450">
        <name>Glenmoor Road</name>
      </trkpt>
      <trkpt lat="50.7877137" lon="-1.8897617">
        <name>Glenmoor Road</name>
      </trkpt>
      <trkpt lat="50.7877823" lon="-1.8897783">
        <name>Glenmoor Road</name>
      </trkpt>
      <trkpt lat="50.7878510" lon="-1.8897950">
        <name>Glenmoor Road</name>
      </trkpt>
      <trkpt lat="50.7879250" lon="-1.8898240">
        <name>Glenmoor Road</name>
      </trkpt>
      <trkpt lat="50.7879990" lon="-1.8898530">
        <name>Glenmoor Road</name>
      </trkpt>
      <trkpt lat="50.7880730" lon="-1.8898820">
        <name>Glenmoor Road</name>
      </trkpt>
      <trkpt lat="50.7881545" lon="-1.8899180">
        <name>Glenmoor Road</name>
      </trkpt>
      <trkpt lat="50.7882360" lon="-1.8899540">
        <name>Glenmoor Road</name>
      </trkpt>
      <trkpt lat="50.7883120" lon="-1.8899935">
        <name>Glenmoor Road</name>
      </trkpt>
      <trkpt lat="50.7883880" lon="-1.8900330">
        <name>Glenmoor Road</name>
      </trkpt>
      <trkpt lat="50.7884550" lon="-1.8900872">
        <name>Glenmoor Road</name>
      </trkpt>
      <trkpt lat="50.7885220" lon="-1.8901414">
        <name>Glenmoor Road</name>
      </trkpt>
      <trkpt lat="50.7885890" lon="-1.8901956">
        <name>Glenmoor Road</name>
      </trkpt>
      <trkpt lat="50.7886560" lon="-1.8902498">
        <name>Glenmoor Road</name>
      </trkpt>
      <trkpt lat="50.7887230" lon="-1.8903040">
        <name>Glenmoor Road</name>
      </trkpt>
      <trkpt lat="50.7887562" lon="-1.8902075">
        <name>Glenmoor Road</name>
      </trkpt>
      <trkpt lat="50.7887895" lon="-1.8901110">
        <name>Glenmoor Road</name>
      </trkpt>
      <trkpt lat="50.7888228" lon="-1.8900145">
        <name>Glenmoor Road</name>
      </trkpt>
      <trkpt lat="50.7888560" lon="-1.8899180">
        <name>Glenmoor Road</name>
      </trkpt>
      <trkpt lat="50.7888870" lon="-1.8898530">
        <name>Glenmoor Road</name>
      </trkpt>
      <trkpt lat="50.7889210" lon="-1.8897900">
        <name>Glenmoor Road</name>
      </trkpt>
      <trkpt lat="50.7889570" lon="-1.8897380">
        <name>Glenmoor Road</name>
      </trkpt>
      <trkpt lat="50.7889900" lon="-1.8897030">
        <name>Glenmoor Road</name>
      </trkpt>
      <trkpt lat="50.7890270" lon="-1.8896710">
        <name>Glenmoor Road</name>
      </trkpt>
      <trkpt lat="50.7890640" lon="-1.8896490">
        <name>Glenmoor Road</name>
      </trkpt>
      <trkpt lat="50.7891030" lon="-1.8896320">
        <name>Glenmoor Road</name>
      </trkpt>
      <trkpt lat="50.7891580" lon="-1.8896170">
        <name>Glenmoor Road</name>
      </trkpt>
      <trkpt lat="50.7892200" lon="-1.8896060">
        <name>Glenmoor Road</name>
      </trkpt>
      <trkpt lat="50.7892900" lon="-1.8896040">
        <name>Glenmoor Road</name>
      </trkpt>
      <trkpt lat="50.7893600" lon="-1.8896020">
        <name>Glenmoor Road</name>
      </trkpt>
      <trkpt lat="50.7894300" lon="-1.8896000">
        <name>Glenmoor Road</name>
      </trkpt>
      <trkpt lat="50.7895010" lon="-1.8895923">
        <name>Glenmoor Road</name>
      </trkpt>
      <trkpt lat="50.7895720" lon="-1.8895847">
        <name>Glenmoor Road</name>
      </trkpt>
      <trkpt lat="50.7896430" lon="-1.8895770">
        <name>Glenmoor Road</name>
      </trkpt>
      <trkpt lat="50.7897117" lon="-1.8895520">
        <name>Ellesfield Drive</name>
      </trkpt>
      <trkpt lat="50.7897803" lon="-1.8895270">
        <name>Ellesfield Drive</name>
      </trkpt>
      <trkpt lat="50.7898490" lon="-1.8895020">
        <name>Ellesfield Drive</name>
      </trkpt>
      <trkpt lat="50.7899245" lon="-1.8894735">
        <name>Ellesfield Drive</name>
      </trkpt>
      <trkpt lat="50.7900000" lon="-1.8894450">
        <name>Ellesfield Drive</name>
      </trkpt>
      <trkpt lat="50.7900660" lon="-1.8894110">
        <name>Ellesfield Drive</name>
      </trkpt>
      <trkpt lat="50.7901320" lon="-1.8893770">
        <name>Ellesfield Drive</name>
      </trkpt>
      <trkpt lat="50.7901980" lon="-1.8893430">
        <name>Ellesfield Drive</name>
      </trkpt>
      <trkpt lat="50.7902815" lon="-1.8893065">
        <name>Ellesfield Drive</name>
      </trkpt>
      <trkpt lat="50.7903650" lon="-1.8892700">
        <name>Ellesfield Drive</name>
      </trkpt>
      <trkpt lat="50.7904010" lon="-1.8892610">
        <name>Ellesfield Drive</name>
      </trkpt>
      <trkpt lat="50.7904260" lon="-1.8892540">
        <name>Ellesfield Drive</name>
      </trkpt>
      <trkpt lat="50.7904620" lon="-1.8892500">
        <name>Ellesfield Drive</name>
      </trkpt>
      <trkpt lat="50.7905030" lon="-1.8892480">
        <name>Ellesfield Drive</name>
      </trkpt>
      <trkpt lat="50.7905490" lon="-1.8892520">
        <name>Ellesfield Drive</name>
      </trkpt>
      <trkpt lat="50.7905970" lon="-1.8892650">
        <name>Ellesfield Drive</name>
      </trkpt>
      <trkpt lat="50.7906430" lon="-1.8892790">
        <name>Ellesfield Drive</name>
      </trkpt>
      <trkpt lat="50.7906820" lon="-1.8892960">
        <name>Ellesfield Drive</name>
      </trkpt>
      <trkpt lat="50.7907220" lon="-1.8893295">
        <name>Ellesfield Drive</name>
      </trkpt>
      <trkpt lat="50.7907620" lon="-1.8893630">
        <name>Ellesfield Drive</name>
      </trkpt>
      <trkpt lat="50.7908000" lon="-1.8894030">
        <name>Ellesfield Drive</name>
      </trkpt>
      <trkpt lat="50.7908518" lon="-1.8893342">
        <name>Ellesfield Drive</name>
      </trkpt>
      <trkpt lat="50.7909035" lon="-1.8892655">
        <name>Ellesfield Drive</name>
      </trkpt>
      <trkpt lat="50.7909552" lon="-1.8891967">
        <name>Ellesfield Drive</name>
      </trkpt>
      <trkpt lat="50.7910070" lon="-1.8891280">
        <name>Ellesfield Drive</name>
      </trkpt>
      <trkpt lat="50.7910710" lon="-1.8890432">
        <name>Ellesfield Drive</name>
      </trkpt>
      <trkpt lat="50.7911350" lon="-1.8889584">
        <name>Ellesfield Drive</name>
      </trkpt>
      <trkpt lat="50.7911990" lon="-1.8888736">
        <name>Ellesfield Drive</name>
      </trkpt>
      <trkpt lat="50.7912630" lon="-1.8887888">
        <name>Ellesfield Drive</name>
      </trkpt>
      <trkpt lat="50.7913270" lon="-1.8887040">
        <name>Ellesfield Drive</name>
      </trkpt>
      <trkpt lat="50.7913793" lon="-1.8888017">
        <name>Ellesfield Drive</name>
      </trkpt>
      <trkpt lat="50.7914315" lon="-1.8888995">
        <name>Ellesfield Drive</name>
      </trkpt>
      <trkpt lat="50.7914837" lon="-1.8889973">
        <name>Ellesfield Drive</name>
      </trkpt>
      <trkpt lat="50.7915360" lon="-1.8890950">
        <name>Ellesfield Drive</name>
      </trkpt>
      <trkpt lat="50.7915883" lon="-1.8891927">
        <name>Ellesfield Drive</name>
      </trkpt>
      <trkpt lat="50.7916405" lon="-1.8892905">
        <name>Ellesfield Drive</name>
      </trkpt>
      <trkpt lat="50.7916927" lon="-1.8893883">
        <name>Ellesfield Drive</name>
      </trkpt>
      <trkpt lat="50.7917450" lon="-1.8894860">
        <name>Ellesfield Drive</name>
      </trkpt>
      <trkpt lat="50.7917890" lon="-1.8895687">
        <name>Ellesfield Drive</name>
      </trkpt>
      <trkpt lat="50.7918330" lon="-1.8896513">
        <name>Ellesfield Drive</name>
      </trkpt>
      <trkpt lat="50.7918770" lon="-1.8897340">
        <name>Ellesfield Drive</name>
      </trkpt>
      <trkpt lat="50.7919312" lon="-1.8898423">
        <name>Ellesfield Drive</name>
      </trkpt>
      <trkpt lat="50.7919854" lon="-1.8899507">
        <name>Ellesfield Drive</name>
      </trkpt>
      <trkpt lat="50.7920397" lon="-1.8900590">
        <name>Ellesfield Drive</name>
      </trkpt>
      <trkpt lat="50.7920939" lon="-1.8901673">
        <name>Ellesfield Drive</name>
      </trkpt>
      <trkpt lat="50.7921481" lon="-1.8902757">
        <name>Ellesfield Drive</name>
      </trkpt>
      <trkpt lat="50.7922023" lon="-1.8903840">
        <name>Ellesfield Drive</name>
      </trkpt>
      <trkpt lat="50.7922566" lon="-1.8904923">
        <name>Ellesfield Drive</name>
      </trkpt>
      <trkpt lat="50.7923108" lon="-1.8906007">
        <name>Ellesfield Drive</name>
      </trkpt>
      <trkpt lat="50.7923650" lon="-1.8907090">
        <name>Ellesfield Drive</name>
      </trkpt>
      <trkpt lat="50.7924130" lon="-1.8908020">
        <name>Ellesfield Drive</name>
      </trkpt>
      <trkpt lat="50.7924610" lon="-1.8908950">
        <name>Ellesfield Drive</name>
      </trkpt>
      <trkpt lat="50.7925058" lon="-1.8909807">
        <name>Ellesfield Drive</name>
      </trkpt>
      <trkpt lat="50.7925505" lon="-1.8910665">
        <name>Ellesfield Drive</name>
      </trkpt>
      <trkpt lat="50.7925952" lon="-1.8911522">
        <name>Ellesfield Drive</name>
      </trkpt>
      <trkpt lat="50.7926400" lon="-1.8912380">
        <name>Ellesfield Drive</name>
      </trkpt>
      <trkpt lat="50.7926540" lon="-1.8912660">
        <name>Ellesfield Drive</name>
      </trkpt>
      <trkpt lat="50.7926990" lon="-1.8913520">
        <name>Fitzpain Road</name>
      </trkpt>
      <trkpt lat="50.7927440" lon="-1.8914380">
        <name>Fitzpain Road</name>
      </trkpt>
      <trkpt lat="50.7927935" lon="-1.8915330">
        <name>Fitzpain Road</name>
      </trkpt>
      <trkpt lat="50.7928430" lon="-1.8916280">
        <name>Fitzpain Road</name>
      </trkpt>
      <trkpt lat="50.7928925" lon="-1.8917230">
        <name>Fitzpain Road</name>
      </trkpt>
      <trkpt lat="50.7929420" lon="-1.8918180">
        <name>Fitzpain Road</name>
      </trkpt>
      <trkpt lat="50.7929760" lon="-1.8918750">
        <name>Fitzpain Road</name>
      </trkpt>
      <trkpt lat="50.7930250" lon="-1.8919704">
        <name>Fitzpain Road</name>
      </trkpt>
      <trkpt lat="50.7930740" lon="-1.8920659">
        <name>Fitzpain Road</name>
      </trkpt>
      <trkpt lat="50.7931230" lon="-1.8921613">
        <name>Fitzpain Road</name>
      </trkpt>
      <trkpt lat="50.7931720" lon="-1.8922567">
        <name>Fitzpain Road</name>
      </trkpt>
      <trkpt lat="50.7932210" lon="-1.8923521">
        <name>Fitzpain Road</name>
      </trkpt>
      <trkpt lat="50.7932700" lon="-1.8924476">
        <name>Fitzpain Road</name>
      </trkpt>
      <trkpt lat="50.7933190" lon="-1.8925430">
        <name>Fitzpain Road</name>
      </trkpt>
      <trkpt lat="50.7933683" lon="-1.8926540">
        <name>Fitzpain Road</name>
      </trkpt>
      <trkpt lat="50.7934177" lon="-1.8927650">
        <name>Fitzpain Road</name>
      </trkpt>
      <trkpt lat="50.7934670" lon="-1.8928760">
        <name>Fitzpain Road</name>
      </trkpt>
      <trkpt lat="50.7934933" lon="-1.8929643">
        <name>Fitzpain Road</name>
      </trkpt>
      <trkpt lat="50.7935197" lon="-1.8930527">
        <name>Fitzpain Road</name>
      </trkpt>
      <trkpt lat="50.7935460" lon="-1.8931410">
        <name>Fitzpain Road</name>
      </trkpt>
      <trkpt lat="50.7935810" lon="-1.8932532">
        <name>Fitzpain Road</name>
      </trkpt>
      <trkpt lat="50.7936160" lon="-1.8933655">
        <name>Fitzpain Road</name>
      </trkpt>
      <trkpt lat="50.7936510" lon="-1.8934778">
        <name>Fitzpain Road</name>
      </trkpt>
      <trkpt lat="50.7936860" lon="-1.8935900">
        <name>Fitzpain Road</name>
      </trkpt>
      <trkpt lat="50.7937320" lon="-1.8935630">
        <name>Fitzpain Road</name>
      </trkpt>
      <trkpt lat="50.7937780" lon="-1.8935360">
        <name>Fitzpain Road</name>
      </trkpt>
      <trkpt lat="50.7938470" lon="-1.8934948">
        <name>Fitzpain Road</name>
      </trkpt>
      <trkpt lat="50.7939160" lon="-1.8934535">
        <name>Fitzpain Road</name>
      </trkpt>
      <trkpt lat="50.7939850" lon="-1.8934122">
        <name>Fitzpain Road</name>
      </trkpt>
      <trkpt lat="50.7940540" lon="-1.8933710">
        <name>Fitzpain Road</name>
      </trkpt>
      <trkpt lat="50.7940950" lon="-1.8933460">
        <name>Fitzpain Road</name>
      </trkpt>
      <trkpt lat="50.7941662" lon="-1.8932990">
        <name>Fitzpain Road</name>
      </trkpt>
      <trkpt lat="50.7942374" lon="-1.8932520">
        <name>Fitzpain Road</name>
      </trkpt>
      <trkpt lat="50.7943086" lon="-1.8932050">
        <name>Fitzpain Road</name>
      </trkpt>
      <trkpt lat="50.7943798" lon="-1.8931580">
        <name>Fitzpain Road</name>
      </trkpt>
      <trkpt lat="50.7944510" lon="-1.8931110">
        <name>Fitzpain Road</name>
      </trkpt>
      <trkpt lat="50.7944866" lon="-1.8932268">
        <name>Fitzpain Road</name>
      </trkpt>
      <trkpt lat="50.7945221" lon="-1.8933426">
        <name>Fitzpain Road</name>
      </trkpt>
      <trkpt lat="50.7945577" lon="-1.8934583">
        <name>Fitzpain Road</name>
      </trkpt>
      <trkpt lat="50.7945932" lon="-1.8935741">
        <name>Fitzpain Road</name>
      </trkpt>
      <trkpt lat="50.7946288" lon="-1.8936899">
        <name>Fitzpain Road</name>
      </trkpt>
      <trkpt lat="50.7946643" lon="-1.8938057">
        <name>Fitzpain Road</name>
      </trkpt>
      <trkpt lat="50.7946999" lon="-1.8939214">
        <name>Fitzpain Road</name>
      </trkpt>
      <trkpt lat="50.7947354" lon="-1.8940372">
        <name>Fitzpain Road</name>
      </trkpt>
      <trkpt lat="50.7947710" lon="-1.8941530">
        <name>Fitzpain Road</name>
      </trkpt>
      <trkpt lat="50.7948046" lon="-1.8942667">
        <name>Fitzpain Road</name>
      </trkpt>
      <trkpt lat="50.7948381" lon="-1.8943804">
        <name>Fitzpain Road</name>
      </trkpt>
      <trkpt lat="50.7948717" lon="-1.8944941">
        <name>Fitzpain Road</name>
      </trkpt>
      <trkpt lat="50.7949053" lon="-1.8946079">
        <name>Fitzpain Road</name>
      </trkpt>
      <trkpt lat="50.7949389" lon="-1.8947216">
        <name>Fitzpain Road</name>
      </trkpt>
      <trkpt lat="50.7949724" lon="-1.8948353">
        <name>Fitzpain Road</name>
      </trkpt>
      <trkpt lat="50.7950060" lon="-1.8949490">
        <name>Fitzpain Road</name>
      </trkpt>
      <trkpt lat="50.7950550" lon="-1.8950600">
        <name>Fitzpain Road</name>
      </trkpt>
      <trkpt lat="50.7950990" lon="-1.8951360">
        <name>Fitzpain Road</name>
      </trkpt>
      <trkpt lat="50.7951520" lon="-1.8951845">
        <name>Fitzpain Road</name>
      </trkpt>
      <trkpt lat="50.7952050" lon="-1.8952330">
        <name>Fitzpain Road</name>
      </trkpt>
      <trkpt lat="50.7952565" lon="-1.8952455">
        <name>Fitzpain Road</name>
      </trkpt>
      <trkpt lat="50.7953080" lon="-1.8952580">
        <name>Fitzpain Road</name>
      </trkpt>
      <trkpt lat="50.7953690" lon="-1.8952535">
        <name>Fitzpain Road</name>
      </trkpt>
      <trkpt lat="50.7954300" lon="-1.8952490">
        <name>Fitzpain Road</name>
      </trkpt>
      <trkpt lat="50.7954960" lon="-1.8951900">
        <name>Fitzpain Road</name>
      </trkpt>
      <trkpt lat="50.7955552" lon="-1.8951014">
        <name>Fitzpain Road</name>
      </trkpt>
      <trkpt lat="50.7956144" lon="-1.8950128">
        <name>Fitzpain Road</name>
      </trkpt>
      <trkpt lat="50.7956736" lon="-1.8949242">
        <name>Fitzpain Road</name>
      </trkpt>
      <trkpt lat="50.7957328" lon="-1.8948356">
        <name>Fitzpain Road</name>
      </trkpt>
      <trkpt lat="50.7957920" lon="-1.8947470">
        <name>Fitzpain Road</name>
      </trkpt>
      <trkpt lat="50.7958457" lon="-1.8946655">
        <name>Fitzpain Road</name>
      </trkpt>
      <trkpt lat="50.7958995" lon="-1.8945840">
        <name>Fitzpain Road</name>
      </trkpt>
      <trkpt lat="50.7959533" lon="-1.8945025">
        <name>Fitzpain Road</name>
      </trkpt>
      <trkpt lat="50.7960070" lon="-1.8944210">
        <name>Fitzpain Road</name>
      </trkpt>
      <trkpt lat="50.7960714" lon="-1.8943232">
        <name>Fitzpain Road</name>
      </trkpt>
      <trkpt lat="50.7961358" lon="-1.8942254">
        <name>Fitzpain Road</name>
      </trkpt>
      <trkpt lat="50.7962002" lon="-1.8941276">
        <name>Fitzpain Road</name>
      </trkpt>
      <trkpt lat="50.7962646" lon="-1.8940298">
        <name>Fitzpain Road</name>
      </trkpt>
      <trkpt lat="50.7963290" lon="-1.8939320">
        <name>Fitzpain Road</name>
      </trkpt>
      <trkpt lat="50.7963907" lon="-1.8938398">
        <name>Fitzpain Road</name>
      </trkpt>
      <trkpt lat="50.7964523" lon="-1.8937477">
        <name>Fitzpain Road</name>
      </trkpt>
      <trkpt lat="50.7965140" lon="-1.8936555">
        <name>Fitzpain Road</name>
      </trkpt>
      <trkpt lat="50.7965757" lon="-1.8935633">
        <name>Fitzpain Road</name>
      </trkpt>
      <trkpt lat="50.7966373" lon="-1.8934712">
        <name>Fitzpain Road</name>
      </trkpt>
      <trkpt lat="50.7966990" lon="-1.8933790">
        <name>Fitzpain Road</name>
      </trkpt>
      <trkpt lat="50.7967587" lon="-1.8932890">
        <name>Fitzpain Road</name>
      </trkpt>
      <trkpt lat="50.7968184" lon="-1.8931990">
        <name>Fitzpain Road</name>
      </trkpt>
      <trkpt lat="50.7968781" lon="-1.8931090">
        <name>Fitzpain Road</name>
      </trkpt>
      <trkpt lat="50.7969378" lon="-1.8930190">
        <name>Fitzpain Road</name>
      </trkpt>
      <trkpt lat="50.7969975" lon="-1.8929290">
        <name>Fitzpain Road</name>
      </trkpt>
      <trkpt lat="50.7970572" lon="-1.8928390">
        <name>Fitzpain Road</name>
      </trkpt>
      <trkpt lat="50.7971169" lon="-1.8927490">
        <name>Fitzpain Road</name>
      </trkpt>
      <trkpt lat="50.7971766" lon="-1.8926590">
        <name>Fitzpain Road</name>
      </trkpt>
      <trkpt lat="50.7972363" lon="-1.8925690">
        <name>Fitzpain Road</name>
      </trkpt>
      <trkpt lat="50.7972960" lon="-1.8924790">
        <name>Fitzpain Road</name>
      </trkpt>
      <trkpt lat="50.7973507" lon="-1.8923955">
        <name>Fitzpain Road</name>
      </trkpt>
      <trkpt lat="50.7974053" lon="-1.8923120">
        <name>Fitzpain Road</name>
      </trkpt>
      <trkpt lat="50.7974600" lon="-1.8922285">
        <name>Fitzpain Road</name>
      </trkpt>
      <trkpt lat="50.7975147" lon="-1.8921450">
        <name>Fitzpain Road</name>
      </trkpt>
      <trkpt lat="50.7975693" lon="-1.8920615">
        <name>Fitzpain Road</name>
      </trkpt>
      <trkpt lat="50.7976240" lon="-1.8919780">
        <name>Fitzpain Road</name>
      </trkpt>
      <trkpt lat="50.7976886" lon="-1.8918793">
        <name>Fitzpain Road</name>
      </trkpt>
      <trkpt lat="50.7977531" lon="-1.8917806">
        <name>Fitzpain Road</name>
      </trkpt>
      <trkpt lat="50.7978177" lon="-1.8916819">
        <name>Fitzpain Road</name>
      </trkpt>
      <trkpt lat="50.7978823" lon="-1.8915831">
        <name>Fitzpain Road</name>
      </trkpt>
      <trkpt lat="50.7979469" lon="-1.8914844">
        <name>Fitzpain Road</name>
      </trkpt>
      <trkpt lat="50.7980114" lon="-1.8913857">
        <name>Fitzpain Road</name>
      </trkpt>
      <trkpt lat="50.7980760" lon="-1.8912870">
        <name>Fitzpain Road</name>
      </trkpt>
      <trkpt lat="50.7981097" lon="-1.8914002">
        <name>Fitzpain Road</name>
      </trkpt>
      <trkpt lat="50.7981433" lon="-1.8915133">
        <name>Fitzpain Road</name>
      </trkpt>
      <trkpt lat="50.7981770" lon="-1.8916265">
        <name>Fitzpain Road</name>
      </trkpt>
      <trkpt lat="50.7982107" lon="-1.8917397">
        <name>Fitzpain Road</name>
      </trkpt>
      <trkpt lat="50.7982443" lon="-1.8918528">
        <name>Fitzpain Road</name>
      </trkpt>
      <trkpt lat="50.7982780" lon="-1.8919660">
        <name>Fitzpain Road</name>
      </trkpt>
      <trkpt lat="50.7983136" lon="-1.8920920">
        <name>Fitzpain Road</name>
      </trkpt>
      <trkpt lat="50.7983493" lon="-1.8922180">
        <name>Fitzpain Road</name>
      </trkpt>
      <trkpt lat="50.7983849" lon="-1.8923440">
        <name>Fitzpain Road</name>
      </trkpt>
      <trkpt lat="50.7984205" lon="-1.8924700">
        <name>Fitzpain Road</name>
      </trkpt>
      <trkpt lat="50.7984561" lon="-1.8925960">
        <name>Fitzpain Road</name>
      </trkpt>
      <trkpt lat="50.7984918" lon="-1.8927220">
        <name>Fitzpain Road</name>
      </trkpt>
      <trkpt lat="50.7985274" lon="-1.8928480">
        <name>Fitzpain Road</name>
      </trkpt>
      <trkpt lat="50.7985630" lon="-1.8929740">
        <name>Fitzpain Road</name>
      </trkpt>
      <trkpt lat="50.7985965" lon="-1.8930920">
        <name>Fitzpain Road</name>
      </trkpt>
      <trkpt lat="50.7986300" lon="-1.8932100">
        <name>Fitzpain Road</name>
      </trkpt>
      <trkpt lat="50.7986630" lon="-1.8933144">
        <name>Fitzpain Road</name>
      </trkpt>
      <trkpt lat="50.7986960" lon="-1.8934188">
        <name>Fitzpain Road</name>
      </trkpt>
      <trkpt lat="50.7987290" lon="-1.8935232">
        <name>Fitzpain Road</name>
      </trkpt>
      <trkpt lat="50.7987620" lon="-1.8936276">
        <name>Fitzpain Road</name>
      </trkpt>
      <trkpt lat="50.7987950" lon="-1.8937320">
        <name>Fitzpain Road</name>
      </trkpt>
      <trkpt lat="50.7988190" lon="-1.8938050">
        <name>Fitzpain Road</name>
      </trkpt>
      <trkpt lat="50.7988940" lon="-1.8938580">
        <name>Fitzpain Road</name>
      </trkpt>
      <trkpt lat="50.7989520" lon="-1.8938985">
        <name>Fitzpain Road</name>
      </trkpt>
      <trkpt lat="50.7990100" lon="-1.8939390">
        <name>Fitzpain Road</name>
      </trkpt>
      <trkpt lat="50.7990900" lon="-1.8939950">
        <name>Fitzpain Road</name>
      </trkpt>
      <trkpt lat="50.7991700" lon="-1.8940510">
        <name>Fitzpain Road</name>
      </trkpt>
      <trkpt lat="50.7992500" lon="-1.8941070">
        <name>Fitzpain Road</name>
      </trkpt>
      <trkpt lat="50.7993300" lon="-1.8941630">
        <name>Fitzpain Road</name>
      </trkpt>
      <trkpt lat="50.7994100" lon="-1.8942190">
        <name>Fitzpain Road</name>
      </trkpt>
      <trkpt lat="50.7994858" lon="-1.8942720">
        <name>Fitzpain Road</name>
      </trkpt>
      <trkpt lat="50.7995615" lon="-1.8943250">
        <name>Fitzpain Road</name>
      </trkpt>
      <trkpt lat="50.7996372" lon="-1.8943780">
        <name>Fitzpain Road</name>
      </trkpt>
      <trkpt lat="50.7997130" lon="-1.8944310">
        <name>Fitzpain Road</name>
      </trkpt>
      <trkpt lat="50.7997900" lon="-1.8944817">
        <name>Heathlands Avenue</name>
      </trkpt>
      <trkpt lat="50.7998670" lon="-1.8945325">
        <name>Heathlands Avenue</name>
      </trkpt>
      <trkpt lat="50.7999440" lon="-1.8945832">
        <name>Heathlands Avenue</name>
      </trkpt>
      <trkpt lat="50.8000210" lon="-1.8946340">
        <name>Heathlands Avenue</name>
      </trkpt>
      <trkpt lat="50.8001021" lon="-1.8946874">
        <name>Heathlands Avenue</name>
      </trkpt>
      <trkpt lat="50.8001833" lon="-1.8947409">
        <name>Heathlands Avenue</name>
      </trkpt>
      <trkpt lat="50.8002644" lon="-1.8947943">
        <name>Heathlands Avenue</name>
      </trkpt>
      <trkpt lat="50.8003455" lon="-1.8948477">
        <name>Heathlands Avenue</name>
      </trkpt>
      <trkpt lat="50.8004266" lon="-1.8949012">
        <name>Heathlands Avenue</name>
      </trkpt>
      <trkpt lat="50.8005078" lon="-1.8949546">
        <name>Heathlands Avenue</name>
      </trkpt>
      <trkpt lat="50.8005889" lon="-1.8950081">
        <name>Heathlands Avenue</name>
      </trkpt>
      <trkpt lat="50.8006700" lon="-1.8950615">
        <name>Heathlands Avenue</name>
      </trkpt>
      <trkpt lat="50.8007511" lon="-1.8951149">
        <name>Heathlands Avenue</name>
      </trkpt>
      <trkpt lat="50.8008322" lon="-1.8951684">
        <name>Heathlands Avenue</name>
      </trkpt>
      <trkpt lat="50.8009134" lon="-1.8952218">
        <name>Heathlands Avenue</name>
      </trkpt>
      <trkpt lat="50.8009945" lon="-1.8952753">
        <name>Heathlands Avenue</name>
      </trkpt>
      <trkpt lat="50.8010756" lon="-1.8953287">
        <name>Heathlands Avenue</name>
      </trkpt>
      <trkpt lat="50.8011567" lon="-1.8953821">
        <name>Heathlands Avenue</name>
      </trkpt>
      <trkpt lat="50.8012379" lon="-1.8954356">
        <name>Heathlands Avenue</name>
      </trkpt>
      <trkpt lat="50.8013190" lon="-1.8954890">
        <name>Heathlands Avenue</name>
      </trkpt>
      <trkpt lat="50.8013925" lon="-1.8955418">
        <name>Heathlands Avenue</name>
      </trkpt>
      <trkpt lat="50.8014660" lon="-1.8955945">
        <name>Heathlands Avenue</name>
      </trkpt>
      <trkpt lat="50.8015395" lon="-1.8956472">
        <name>Heathlands Avenue</name>
      </trkpt>
      <trkpt lat="50.8016130" lon="-1.8957000">
        <name>Heathlands Avenue</name>
      </trkpt>
      <trkpt lat="50.8016865" lon="-1.8957527">
        <name>Heathlands Avenue</name>
      </trkpt>
      <trkpt lat="50.8017600" lon="-1.8958055">
        <name>Heathlands Avenue</name>
      </trkpt>
      <trkpt lat="50.8018335" lon="-1.8958582">
        <name>Heathlands Avenue</name>
      </trkpt>
      <trkpt lat="50.8019070" lon="-1.8959110">
        <name>Heathlands Avenue</name>
      </trkpt>
      <trkpt lat="50.8019843" lon="-1.8959635">
        <name>Heathlands Avenue</name>
      </trkpt>
      <trkpt lat="50.8020615" lon="-1.8960160">
        <name>Heathlands Avenue</name>
      </trkpt>
      <trkpt lat="50.8021387" lon="-1.8960685">
        <name>Heathlands Avenue</name>
      </trkpt>
      <trkpt lat="50.8022160" lon="-1.8961210">
        <name>Heathlands Avenue</name>
      </trkpt>
      <trkpt lat="50.8022970" lon="-1.8961760">
        <name>Heathlands Avenue</name>
      </trkpt>
      <trkpt lat="50.8023780" lon="-1.8962310">
        <name>Heathlands Avenue</name>
      </trkpt>
      <trkpt lat="50.8024490" lon="-1.8962810">
        <name>Heathlands Avenue</name>
      </trkpt>
      <trkpt lat="50.8025200" lon="-1.8963310">
        <name>Heathlands Avenue</name>
      </trkpt>
      <trkpt lat="50.8025910" lon="-1.8963810">
        <name>Heathlands Avenue</name>
      </trkpt>
      <trkpt lat="50.8026620" lon="-1.8964310">
        <name>Heathlands Avenue</name>
      </trkpt>
      <trkpt lat="50.8027330" lon="-1.8964810">
        <name>Heathlands Avenue</name>
      </trkpt>
      <trkpt lat="50.8027940" lon="-1.8965193">
        <name>Heathlands Avenue</name>
      </trkpt>
      <trkpt lat="50.8028550" lon="-1.8965577">
        <name>Heathlands Avenue</name>
      </trkpt>
      <trkpt lat="50.8029160" lon="-1.8965960">
        <name>Heathlands Avenue</name>
      </trkpt>
      <trkpt lat="50.8029330" lon="-1.8966080">
        <name>Heathlands Avenue</name>
      </trkpt>
      <trkpt lat="50.8030137" lon="-1.8966589">
        <name>Heathlands Avenue</name>
      </trkpt>
      <trkpt lat="50.8030944" lon="-1.8967097">
        <name>Heathlands Avenue</name>
      </trkpt>
      <trkpt lat="50.8031751" lon="-1.8967606">
        <name>Heathlands Avenue</name>
      </trkpt>
      <trkpt lat="50.8032559" lon="-1.8968114">
        <name>Heathlands Avenue</name>
      </trkpt>
      <trkpt lat="50.8033366" lon="-1.8968623">
        <name>Heathlands Avenue</name>
      </trkpt>
      <trkpt lat="50.8034173" lon="-1.8969131">
        <name>Heathlands Avenue</name>
      </trkpt>
      <trkpt lat="50.8034980" lon="-1.8969640">
        <name>Heathlands Avenue</name>
      </trkpt>
      <trkpt lat="50.8035773" lon="-1.8970180">
        <name>Ellesfield Drive</name>
      </trkpt>
      <trkpt lat="50.8036567" lon="-1.8970720">
        <name>Ellesfield Drive</name>
      </trkpt>
      <trkpt lat="50.8037360" lon="-1.8971260">
        <name>Ellesfield Drive</name>
      </trkpt>
      <trkpt lat="50.8038153" lon="-1.8971800">
        <name>Ellesfield Drive</name>
      </trkpt>
      <trkpt lat="50.8038947" lon="-1.8972340">
        <name>Ellesfield Drive</name>
      </trkpt>
      <trkpt lat="50.8039740" lon="-1.8972880">
        <name>Ellesfield Drive</name>
      </trkpt>
      <trkpt lat="50.8040533" lon="-1.8973420">
        <name>Ellesfield Drive</name>
      </trkpt>
      <trkpt lat="50.8041327" lon="-1.8973960">
        <name>Ellesfield Drive</name>
      </trkpt>
      <trkpt lat="50.8042120" lon="-1.8974500">
        <name>Ellesfield Drive</name>
      </trkpt>
      <trkpt lat="50.8042919" lon="-1.8975045">
        <name>Ellesfield Drive</name>
      </trkpt>
      <trkpt lat="50.8043718" lon="-1.8975590">
        <name>Ellesfield Drive</name>
      </trkpt>
      <trkpt lat="50.8044516" lon="-1.8976135">
        <name>Ellesfield Drive</name>
      </trkpt>
      <trkpt lat="50.8045315" lon="-1.8976680">
        <name>Ellesfield Drive</name>
      </trkpt>
      <trkpt lat="50.8046114" lon="-1.8977225">
        <name>Ellesfield Drive</name>
      </trkpt>
      <trkpt lat="50.8046912" lon="-1.8977770">
        <name>Ellesfield Drive</name>
      </trkpt>
      <trkpt lat="50.8047711" lon="-1.8978315">
        <name>Ellesfield Drive</name>
      </trkpt>
      <trkpt lat="50.8048510" lon="-1.8978860">
        <name>Ellesfield Drive</name>
      </trkpt>
      <trkpt lat="50.8049321" lon="-1.8979405">
        <name>Ellesfield Drive</name>
      </trkpt>
      <trkpt lat="50.8050132" lon="-1.8979950">
        <name>Ellesfield Drive</name>
      </trkpt>
      <trkpt lat="50.8050943" lon="-1.8980495">
        <name>Ellesfield Drive</name>
      </trkpt>
      <trkpt lat="50.8051754" lon="-1.8981040">
        <name>Ellesfield Drive</name>
      </trkpt>
      <trkpt lat="50.8052565" lon="-1.8981585">
        <name>Ellesfield Drive</name>
      </trkpt>
      <trkpt lat="50.8053376" lon="-1.8982130">
        <name>Ellesfield Drive</name>
      </trkpt>
      <trkpt lat="50.8054187" lon="-1.8982675">
        <name>Ellesfield Drive</name>
      </trkpt>
      <trkpt lat="50.8054998" lon="-1.8983220">
        <name>Ellesfield Drive</name>
      </trkpt>
      <trkpt lat="50.8055809" lon="-1.8983765">
        <name>Ellesfield Drive</name>
      </trkpt>
      <trkpt lat="50.8056620" lon="-1.8984310">
        <name>Ellesfield Drive</name>
      </trkpt>
      <trkpt lat="50.8057409" lon="-1.8984850">
        <name>Ellesfield Drive</name>
      </trkpt>
      <trkpt lat="50.8058197" lon="-1.8985390">
        <name>Ellesfield Drive</name>
      </trkpt>
      <trkpt lat="50.8058986" lon="-1.8985930">
        <name>Ellesfield Drive</name>
      </trkpt>
      <trkpt lat="50.8059774" lon="-1.8986470">
        <name>Ellesfield Drive</name>
      </trkpt>
      <trkpt lat="50.8060563" lon="-1.8987010">
        <name>Ellesfield Drive</name>
      </trkpt>
      <trkpt lat="50.8061351" lon="-1.8987550">
        <name>Ellesfield Drive</name>
      </trkpt>
      <trkpt lat="50.8062140" lon="-1.8988090">
        <name>Ellesfield Drive</name>
      </trkpt>
      <trkpt lat="50.8062650" lon="-1.8988460">
        <name>Ellesfield Drive</name>
      </trkpt>
      <trkpt lat="50.8063470" lon="-1.8989009">
        <name>Ellesfield Drive</name>
      </trkpt>
      <trkpt lat="50.8064290" lon="-1.8989558">
        <name>Ellesfield Drive</name>
      </trkpt>
      <trkpt lat="50.8065110" lon="-1.8990107">
        <name>Ellesfield Drive</name>
      </trkpt>
      <trkpt lat="50.8065930" lon="-1.8990656">
        <name>Ellesfield Drive</name>
      </trkpt>
      <trkpt lat="50.8066750" lon="-1.8991204">
        <name>Ellesfield Drive</name>
      </trkpt>
      <trkpt lat="50.8067570" lon="-1.8991753">
        <name>Ellesfield Drive</name>
      </trkpt>
      <trkpt lat="50.8068390" lon="-1.8992302">
        <name>Ellesfield Drive</name>
      </trkpt>
      <trkpt lat="50.8069210" lon="-1.8992851">
        <name>Ellesfield Drive</name>
      </trkpt>
      <trkpt lat="50.8070030" lon="-1.8993400">
        <name>Ellesfield Drive</name>
      </trkpt>
      <trkpt lat="50.8070637" lon="-1.8993807">
        <name>Ellesfield Drive</name>
      </trkpt>
      <trkpt lat="50.8071243" lon="-1.8994213">
        <name>Ellesfield Drive</name>
      </trkpt>
      <trkpt lat="50.8071850" lon="-1.8994620">
        <name>Ellesfield Drive</name>
      </trkpt>
      <trkpt lat="50.8072250" lon="-1.8994910">
        <name>Ellesfield Drive</name>
      </trkpt>
      <trkpt lat="50.8072934" lon="-1.8995314">
        <name>Ellesfield Drive</name>
      </trkpt>
      <trkpt lat="50.8073618" lon="-1.8995718">
        <name>Ellesfield Drive</name>
      </trkpt>
      <trkpt lat="50.8074302" lon="-1.8996122">
        <name>Ellesfield Drive</name>
      </trkpt>
      <trkpt lat="50.8074986" lon="-1.8996526">
        <name>Ellesfield Drive</name>
      </trkpt>
      <trkpt lat="50.8075670" lon="-1.8996930">
        <name>Ellesfield Drive</name>
      </trkpt>
      <trkpt lat="50.8076210" lon="-1.8997270">
        <name>Ellesfield Drive</name>
      </trkpt>
      <trkpt lat="50.8077010" lon="-1.8997480">
        <name>Ellesfield Drive</name>
      </trkpt>
      <trkpt lat="50.8077670" lon="-1.8997610">
        <name>Ellesfield Drive</name>
      </trkpt>
      <trkpt lat="50.8078417" lon="-1.8997763">
        <name>Ellesfield Drive</name>
      </trkpt>
      <trkpt lat="50.8079163" lon="-1.8997917">
        <name>Ellesfield Drive</name>
      </trkpt>
      <trkpt lat="50.8079910" lon="-1.8998070">
        <name>Ellesfield Drive</name>
      </trkpt>
      <trkpt lat="50.8080380" lon="-1.8998165">
        <name>Ellesfield Drive</name>
      </trkpt>
      <trkpt lat="50.8080850" lon="-1.8998260">
        <name>Ellesfield Drive</name>
      </trkpt>
      <trkpt lat="50.8081672" lon="-1.8998360">
        <name>Ellesfield Drive</name>
      </trkpt>
      <trkpt lat="50.8082493" lon="-1.8998460">
        <name>Ellesfield Drive</name>
      </trkpt>
      <trkpt lat="50.8083315" lon="-1.8998560">
        <name>Ellesfield Drive</name>
      </trkpt>
      <trkpt lat="50.8084137" lon="-1.8998660">
        <name>Ellesfield Drive</name>
      </trkpt>
      <trkpt lat="50.8084958" lon="-1.8998760">
        <name>Ellesfield Drive</name>
      </trkpt>
      <trkpt lat="50.8085780" lon="-1.8998860">
        <name>Ellesfield Drive</name>
      </trkpt>
      <trkpt lat="50.8086633" lon="-1.8998964">
        <name>Ellesfield Drive</name>
      </trkpt>
      <trkpt lat="50.8087487" lon="-1.8999069">
        <name>Ellesfield Drive</name>
      </trkpt>
      <trkpt lat="50.8088340" lon="-1.8999173">
        <name>Ellesfield Drive</name>
      </trkpt>
      <trkpt lat="50.8089193" lon="-1.8999278">
        <name>Ellesfield Drive</name>
      </trkpt>
      <trkpt lat="50.8090047" lon="-1.8999382">
        <name>Ellesfield Drive</name>
      </trkpt>
      <trkpt lat="50.8090900" lon="-1.8999487">
        <name>Ellesfield Drive</name>
      </trkpt>
      <trkpt lat="50.8091753" lon="-1.8999591">
        <name>Ellesfield Drive</name>
      </trkpt>
      <trkpt lat="50.8092607" lon="-1.8999696">
        <name>Ellesfield Drive</name>
      </trkpt>
      <trkpt lat="50.8093460" lon="-1.8999800">
        <name>Ellesfield Drive</name>
      </trkpt>
      <trkpt lat="50.8094172" lon="-1.8999887">
        <name>Ellesfield Drive</name>
      </trkpt>
      <trkpt lat="50.8094885" lon="-1.8999975">
        <name>Ellesfield Drive</name>
      </trkpt>
      <trkpt lat="50.8095598" lon="-1.9000063">
        <name>Ellesfield Drive</name>
      </trkpt>
      <trkpt lat="50.8096310" lon="-1.9000150">
        <name>Ellesfield Drive</name>
      </trkpt>
      <trkpt lat="50.8097080" lon="-1.9000223">
        <name>Ellesfield Drive</name>
      </trkpt>
      <trkpt lat="50.8097850" lon="-1.9000297">
        <name>Ellesfield Drive</name>
      </trkpt>
      <trkpt lat="50.8098620" lon="-1.9000370">
        <name>Ellesfield Drive</name>
      </trkpt>
      <trkpt lat="50.8099185" lon="-1.9000425">
        <name>Ellesfield Drive</name>
      </trkpt>
      <trkpt lat="50.8099750" lon="-1.9000480">
        <name>Ellesfield Drive</name>
      </trkpt>
      <trkpt lat="50.8100540" lon="-1.9000557">
        <name>Ellesfield Drive</name>
      </trkpt>
      <trkpt lat="50.8101330" lon="-1.9000633">
        <name>Ellesfield Drive</name>
      </trkpt>
      <trkpt lat="50.8102120" lon="-1.9000710">
        <name>Ellesfield Drive</name>
      </trkpt>
      <trkpt lat="50.8102910" lon="-1.9000787">
        <name>Ellesfield Drive</name>
      </trkpt>
      <trkpt lat="50.8103700" lon="-1.9000863">
        <name>Ellesfield Drive</name>
      </trkpt>
      <trkpt lat="50.8104490" lon="-1.9000940">
        <name>Ellesfield Drive</name>
      </trkpt>
      <trkpt lat="50.8104490" lon="-1.9002045">
        <name>Ellesfield Drive</name>
      </trkpt>
      <trkpt lat="50.8104490" lon="-1.9003150">
        <name>Ellesfield Drive</name>
      </trkpt>
      <trkpt lat="50.8104490" lon="-1.9004255">
        <name>Ellesfield Drive</name>
      </trkpt>
      <trkpt lat="50.8104490" lon="-1.9005360">
        <name>Ellesfield Drive</name>
      </trkpt>
      <trkpt lat="50.8104432" lon="-1.9006692">
        <name>Berkley Avenue</name>
      </trkpt>
      <trkpt lat="50.8104373" lon="-1.9008023">
        <name>Berkley Avenue</name>
      </trkpt>
      <trkpt lat="50.8104315" lon="-1.9009355">
        <name>Berkley Avenue</name>
      </trkpt>
      <trkpt lat="50.8104257" lon="-1.9010687">
        <name>Berkley Avenue</name>
      </trkpt>
      <trkpt lat="50.8104198" lon="-1.9012018">
        <name>Berkley Avenue</name>
      </trkpt>
      <trkpt lat="50.8104140" lon="-1.9013350">
        <name>Berkley Avenue</name>
      </trkpt>
      <trkpt lat="50.8103785" lon="-1.9014120">
        <name>Berkley Avenue</name>
      </trkpt>
      <trkpt lat="50.8103430" lon="-1.9014890">
        <name>Berkley Avenue</name>
      </trkpt>
      <trkpt lat="50.8103090" lon="-1.9015545">
        <name>Berkley Avenue</name>
      </trkpt>
      <trkpt lat="50.8102750" lon="-1.9016200">
        <name>Berkley Avenue</name>
      </trkpt>
      <trkpt lat="50.8102410" lon="-1.9016725">
        <name>Berkley Avenue</name>
      </trkpt>
      <trkpt lat="50.8102070" lon="-1.9017250">
        <name>Berkley Avenue</name>
      </trkpt>
      <trkpt lat="50.8101520" lon="-1.9017937">
        <name>Berkley Avenue</name>
      </trkpt>
      <trkpt lat="50.8100970" lon="-1.9018623">
        <name>Berkley Avenue</name>
      </trkpt>
      <trkpt lat="50.8100420" lon="-1.9019310">
        <name>Berkley Avenue</name>
      </trkpt>
      <trkpt lat="50.8099875" lon="-1.9019730">
        <name>Berkley Avenue</name>
      </trkpt>
      <trkpt lat="50.8099330" lon="-1.9020150">
        <name>Berkley Avenue</name>
      </trkpt>
      <trkpt lat="50.8098890" lon="-1.9020410">
        <name>Berkley Avenue</name>
      </trkpt>
      <trkpt lat="50.8098110" lon="-1.9020876">
        <name>Berkley Avenue</name>
      </trkpt>
      <trkpt lat="50.8097330" lon="-1.9021342">
        <name>Berkley Avenue</name>
      </trkpt>
      <trkpt lat="50.8096550" lon="-1.9021808">
        <name>Berkley Avenue</name>
      </trkpt>
      <trkpt lat="50.8095770" lon="-1.9022274">
        <name>Berkley Avenue</name>
      </trkpt>
      <trkpt lat="50.8094990" lon="-1.9022740">
        <name>Berkley Avenue</name>
      </trkpt>
      <trkpt lat="50.8094230" lon="-1.9022950">
        <name>Berkley Avenue</name>
      </trkpt>
      <trkpt lat="50.8093470" lon="-1.9023160">
        <name>Berkley Avenue</name>
      </trkpt>
      <trkpt lat="50.8092895" lon="-1.9023260">
        <name>Berkley Avenue</name>
      </trkpt>
      <trkpt lat="50.8092320" lon="-1.9023360">
        <name>Berkley Avenue</name>
      </trkpt>
      <trkpt lat="50.8091430" lon="-1.9023313">
        <name>Berkley Avenue</name>
      </trkpt>
      <trkpt lat="50.8090540" lon="-1.9023265">
        <name>Berkley Avenue</name>
      </trkpt>
      <trkpt lat="50.8089650" lon="-1.9023218">
        <name>Berkley Avenue</name>
      </trkpt>
      <trkpt lat="50.8088760" lon="-1.9023170">
        <name>Berkley Avenue</name>
      </trkpt>
      <trkpt lat="50.8088070" lon="-1.9023113">
        <name>Berkley Avenue</name>
      </trkpt>
      <trkpt lat="50.8087380" lon="-1.9023057">
        <name>Berkley Avenue</name>
      </trkpt>
      <trkpt lat="50.8086690" lon="-1.9023000">
        <name>Berkley Avenue</name>
      </trkpt>
      <trkpt lat="50.8086060" lon="-1.9022950">
        <name>Berkley Avenue</name>
      </trkpt>
      <trkpt lat="50.8085530" lon="-1.9023030">
        <name>Berkley Avenue</name>
      </trkpt>
      <trkpt lat="50.8084910" lon="-1.9023400">
        <name>Berkley Avenue</name>
      </trkpt>
      <trkpt lat="50.8084270" lon="-1.9024000">
        <name>Berkley Avenue</name>
      </trkpt>
      <trkpt lat="50.8083630" lon="-1.9024600">
        <name>Berkley Avenue</name>
      </trkpt>
      <trkpt lat="50.8083070" lon="-1.9025490">
        <name>Berkley Avenue</name>
      </trkpt>
      <trkpt lat="50.8082510" lon="-1.9026380">
        <name>Berkley Avenue</name>
      </trkpt>
      <trkpt lat="50.8082225" lon="-1.9027005">
        <name>Berkley Avenue</name>
      </trkpt>
      <trkpt lat="50.8081940" lon="-1.9027630">
        <name>Berkley Avenue</name>
      </trkpt>
      <trkpt lat="50.8081670" lon="-1.9028435">
        <name>Berkley Avenue</name>
      </trkpt>
      <trkpt lat="50.8081400" lon="-1.9029240">
        <name>Berkley Avenue</name>
      </trkpt>
      <trkpt lat="50.8081235" lon="-1.9030265">
        <name>Berkley Avenue</name>
      </trkpt>
      <trkpt lat="50.8081070" lon="-1.9031290">
        <name>Berkley Avenue</name>
      </trkpt>
      <trkpt lat="50.8080905" lon="-1.9032580">
        <name>Berkley Avenue</name>
      </trkpt>
      <trkpt lat="50.8080740" lon="-1.9033870">
        <name>Berkley Avenue</name>
      </trkpt>
      <trkpt lat="50.8080630" lon="-1.9035140">
        <name>Berkley Avenue</name>
      </trkpt>
      <trkpt lat="50.8080520" lon="-1.9036410">
        <name>Berkley Avenue</name>
      </trkpt>
      <trkpt lat="50.8080410" lon="-1.9037680">
        <name>Berkley Avenue</name>
      </trkpt>
      <trkpt lat="50.8080360" lon="-1.9038960">
        <name>Berkley Avenue</name>
      </trkpt>
      <trkpt lat="50.8080317" lon="-1.9039957">
        <name>Berkley Avenue</name>
      </trkpt>
      <trkpt lat="50.8080273" lon="-1.9040953">
        <name>Berkley Avenue</name>
      </trkpt>
      <trkpt lat="50.8080230" lon="-1.9041950">
        <name>Berkley Avenue</name>
      </trkpt>
      <trkpt lat="50.8080320" lon="-1.9042950">
        <name>Berkley Avenue</name>
      </trkpt>
      <trkpt lat="50.8080410" lon="-1.9043950">
        <name>Berkley Avenue</name>
      </trkpt>
      <trkpt lat="50.8080570" lon="-1.9044765">
        <name>Berkley Avenue</name>
      </trkpt>
      <trkpt lat="50.8080730" lon="-1.9045580">
        <name>Berkley Avenue</name>
      </trkpt>
      <trkpt lat="50.8081020" lon="-1.9046300">
        <name>Berkley Avenue</name>
      </trkpt>
      <trkpt lat="50.8081310" lon="-1.9047020">
        <name>Berkley Avenue</name>
      </trkpt>
      <trkpt lat="50.8081730" lon="-1.9047795">
        <name>Berkley Avenue</name>
      </trkpt>
      <trkpt lat="50.8082150" lon="-1.9048570">
        <name>Berkley Avenue</name>
      </trkpt>
      <trkpt lat="50.8082500" lon="-1.9049025">
        <name>Berkley Avenue</name>
      </trkpt>
      <trkpt lat="50.8082850" lon="-1.9049480">
        <name>Berkley Avenue</name>
      </trkpt>
      <trkpt lat="50.8083355" lon="-1.9049880">
        <name>Berkley Avenue</name>
      </trkpt>
      <trkpt lat="50.8083860" lon="-1.9050280">
        <name>Berkley Avenue</name>
      </trkpt>
      <trkpt lat="50.8084340" lon="-1.9050565">
        <name>Brune Way</name>
      </trkpt>
      <trkpt lat="50.8084820" lon="-1.9050850">
        <name>Brune Way</name>
      </trkpt>
      <trkpt lat="50.8085560" lon="-1.9051120">
        <name>Brune Way</name>
      </trkpt>
      <trkpt lat="50.8086300" lon="-1.9051390">
        <name>Brune Way</name>
      </trkpt>
      <trkpt lat="50.8086845" lon="-1.9051590">
        <name>Brune Way</name>
      </trkpt>
      <trkpt lat="50.8087390" lon="-1.9051790">
        <name>Brune Way</name>
      </trkpt>
      <trkpt lat="50.8087930" lon="-1.9051920">
        <name>Brune Way</name>
      </trkpt>
      <trkpt lat="50.8088470" lon="-1.9052050">
        <name>Brune Way</name>
      </trkpt>
      <trkpt lat="50.8089050" lon="-1.9052210">
        <name>Brune Way</name>
      </trkpt>
      <trkpt lat="50.8089630" lon="-1.9052370">
        <name>Brune Way</name>
      </trkpt>
      <trkpt lat="50.8090220" lon="-1.9052380">
        <name>Brune Way</name>
      </trkpt>
      <trkpt lat="50.8090810" lon="-1.9052390">
        <name>Brune Way</name>
      </trkpt>
      <trkpt lat="50.8091380" lon="-1.9052400">
        <name>Glenmoor Road</name>
      </trkpt>
      <trkpt lat="50.8091970" lon="-1.9052380">
        <name>Glenmoor Road</name>
      </trkpt>
      <trkpt lat="50.8092772" lon="-1.9052355">
        <name>Glenmoor Road</name>
      </trkpt>
      <trkpt lat="50.8093575" lon="-1.9052330">
        <name>Glenmoor Road</name>
      </trkpt>
      <trkpt lat="50.8094378" lon="-1.9052305">
        <name>Glenmoor Road</name>
      </trkpt>
      <trkpt lat="50.8095180" lon="-1.9052280">
        <name>Glenmoor Road</name>
      </trkpt>
      <trkpt lat="50.8095807" lon="-1.9052340">
        <name>Glenmoor Road</name>
      </trkpt>
      <trkpt lat="50.8096433" lon="-1.9052400">
        <name>Glenmoor Road</name>
      </trkpt>
      <trkpt lat="50.8097060" lon="-1.9052460">
        <name>Glenmoor Road</name>
      </trkpt>
      <trkpt lat="50.8097757" lon="-1.9052637">
        <name>Glenmoor Road</name>
      </trkpt>
      <trkpt lat="50.8098453" lon="-1.9052813">
        <name>Glenmoor Road</name>
      </trkpt>
      <trkpt lat="50.8099150" lon="-1.9052990">
        <name>Glenmoor Road</name>
      </trkpt>
      <trkpt lat="50.8099745" lon="-1.9053155">
        <name>Glenmoor Road</name>
      </trkpt>
      <trkpt lat="50.8100340" lon="-1.9053320">
        <name>Glenmoor Road</name>
      </trkpt>
      <trkpt lat="50.8100915" lon="-1.9053695">
        <name>Glenmoor Road</name>
      </trkpt>
      <trkpt lat="50.8101490" lon="-1.9054070">
        <name>Glenmoor Road</name>
      </trkpt>
      <trkpt lat="50.8101710" lon="-1.9054250">
        <name>Glenmoor Road</name>
      </trkpt>
      <trkpt lat="50.8102480" lon="-1.9054880">
        <name>Glenmoor Road</name>
      </trkpt>
      <trkpt lat="50.8102895" lon="-1.9055250">
        <name>Glenmoor Road</name>
      </trkpt>
      <trkpt lat="50.8103310" lon="-1.9055620">
        <name>Glenmoor Road</name>
      </trkpt>
      <trkpt lat="50.8103815" lon="-1.9056250">
        <name>Glenmoor Road</name>
      </trkpt>
      <trkpt lat="50.8104320" lon="-1.9056880">
        <name>Glenmoor Road</name>
      </trkpt>
      <trkpt lat="50.8104780" lon="-1.9057960">
        <name>Glenmoor Road</name>
      </trkpt>
      <trkpt lat="50.8104865" lon="-1.9058690">
        <name>Glenmoor Road</name>
      </trkpt>
      <trkpt lat="50.8104950" lon="-1.9059420">
        <name>Glenmoor Road</name>
      </trkpt>
      <trkpt lat="50.8105560" lon="-1.9059400">
        <name>Glenmoor Road</name>
      </trkpt>
      <trkpt lat="50.8105980" lon="-1.9059210">
        <name>Glenmoor Road</name>
      </trkpt>
      <trkpt lat="50.8106490" lon="-1.9058840">
        <name>Glenmoor Road</name>
      </trkpt>
      <trkpt lat="50.8106970" lon="-1.9058070">
        <name>Glenmoor Road</name>
      </trkpt>
      <trkpt lat="50.8107323" lon="-1.9057057">
        <name>Dorset Avenue</name>
      </trkpt>
      <trkpt lat="50.8107677" lon="-1.9056043">
        <name>Dorset Avenue</name>
      </trkpt>
      <trkpt lat="50.8108030" lon="-1.9055030">
        <name>Dorset Avenue</name>
      </trkpt>
      <trkpt lat="50.8108460" lon="-1.9053808">
        <name>Dorset Avenue</name>
      </trkpt>
      <trkpt lat="50.8108890" lon="-1.9052586">
        <name>Dorset Avenue</name>
      </trkpt>
      <trkpt lat="50.8109320" lon="-1.9051364">
        <name>Dorset Avenue</name>
      </trkpt>
      <trkpt lat="50.8109750" lon="-1.9050142">
        <name>Dorset Avenue</name>
      </trkpt>
      <trkpt lat="50.8110180" lon="-1.9048920">
        <name>Dorset Avenue</name>
      </trkpt>
      <trkpt lat="50.8110757" lon="-1.9047943">
        <name>Dorset Avenue</name>
      </trkpt>
      <trkpt lat="50.8111333" lon="-1.9046967">
        <name>Dorset Avenue</name>
      </trkpt>
      <trkpt lat="50.8111910" lon="-1.9045990">
        <name>Dorset Avenue</name>
      </trkpt>
      <trkpt lat="50.8112420" lon="-1.9045540">
        <name>Dorset Avenue</name>
      </trkpt>
      <trkpt lat="50.8112930" lon="-1.9045090">
        <name>Dorset Avenue</name>
      </trkpt>
      <trkpt lat="50.8113620" lon="-1.9044640">
        <name>Dorset Avenue</name>
      </trkpt>
      <trkpt lat="50.8114110" lon="-1.9044350">
        <name>Dorset Avenue</name>
      </trkpt>
      <trkpt lat="50.8114550" lon="-1.9044220">
        <name>Dorset Avenue</name>
      </trkpt>
      <trkpt lat="50.8115130" lon="-1.9044080">
        <name>Dorset Avenue</name>
      </trkpt>
      <trkpt lat="50.8115710" lon="-1.9043980">
        <name>Dorset Avenue</name>
      </trkpt>
      <trkpt lat="50.8115820" lon="-1.9043970">
        <name>Dorset Avenue</name>
      </trkpt>
      <trkpt lat="50.8116460" lon="-1.9043900">
        <name>Dorset Avenue</name>
      </trkpt>
      <trkpt lat="50.8117249" lon="-1.9043850">
        <name>Dorset Avenue</name>
      </trkpt>
      <trkpt lat="50.8118037" lon="-1.9043800">
        <name>Dorset Avenue</name>
      </trkpt>
      <trkpt lat="50.8118826" lon="-1.9043750">
        <name>Dorset Avenue</name>
      </trkpt>
      <trkpt lat="50.8119614" lon="-1.9043700">
        <name>Dorset Avenue</name>
      </trkpt>
      <trkpt lat="50.8120403" lon="-1.9043650">
        <name>Dorset Avenue</name>
      </trkpt>
      <trkpt lat="50.8121191" lon="-1.9043600">
        <name>Dorset Avenue</name>
      </trkpt>
      <trkpt lat="50.8121980" lon="-1.9043550">
        <name>Dorset Avenue</name>
      </trkpt>
      <trkpt lat="50.8122750" lon="-1.9043497">
        <name>Dorset Avenue</name>
      </trkpt>
      <trkpt lat="50.8123520" lon="-1.9043445">
        <name>Dorset Avenue</name>
      </trkpt>
      <trkpt lat="50.8124290" lon="-1.9043393">
        <name>Dorset Avenue</name>
      </trkpt>
      <trkpt lat="50.8125060" lon="-1.9043340">
        <name>Dorset Avenue</name>
      </trkpt>
      <trkpt lat="50.8124974" lon="-1.9041950">
        <name>Dorset Avenue</name>
      </trkpt>
      <trkpt lat="50.8124888" lon="-1.9040560">
        <name>Dorset Avenue</name>
      </trkpt>
      <trkpt lat="50.8124802" lon="-1.9039170">
        <name>Dorset Avenue</name>
      </trkpt>
      <trkpt lat="50.8124716" lon="-1.9037780">
        <name>Dorset Avenue</name>
      </trkpt>
      <trkpt lat="50.8124630" lon="-1.9036390">
        <name>Dorset Avenue</name>
      </trkpt>
      <trkpt lat="50.8124551" lon="-1.9035143">
        <name>Dorset Avenue</name>
      </trkpt>
      <trkpt lat="50.8124473" lon="-1.9033896">
        <name>Dorset Avenue</name>
      </trkpt>
      <trkpt lat="50.8124394" lon="-1.9032649">
        <name>Dorset Avenue</name>
      </trkpt>
      <trkpt lat="50.8124316" lon="-1.9031401">
        <name>Dorset Avenue</name>
      </trkpt>
      <trkpt lat="50.8124237" lon="-1.9030154">
        <name>Dorset Avenue</name>
      </trkpt>
      <trkpt lat="50.8124159" lon="-1.9028907">
        <name>Dorset Avenue</name>
      </trkpt>
      <trkpt lat="50.8124080" lon="-1.9027660">
        <name>Dorset Avenue</name>
      </trkpt>
      <trkpt lat="50.8124053" lon="-1.9026627">
        <name>Dorset Avenue</name>
      </trkpt>
      <trkpt lat="50.8124027" lon="-1.9025593">
        <name>Dorset Avenue</name>
      </trkpt>
      <trkpt lat="50.8124000" lon="-1.9024560">
        <name>Dorset Avenue</name>
      </trkpt>
      <trkpt lat="50.8123915" lon="-1.9023443">
        <name>Dorset Avenue</name>
      </trkpt>
      <trkpt lat="50.8123830" lon="-1.9022325">
        <name>Dorset Avenue</name>
      </trkpt>
      <trkpt lat="50.8123745" lon="-1.9021207">
        <name>Dorset Avenue</name>
      </trkpt>
      <trkpt lat="50.8123660" lon="-1.9020090">
        <name>Dorset Avenue</name>
      </trkpt>
      <trkpt lat="50.8123560" lon="-1.9018797">
        <name>Dorset Avenue</name>
      </trkpt>
      <trkpt lat="50.8123460" lon="-1.9017503">
        <name>Dorset Avenue</name>
      </trkpt>
      <trkpt lat="50.8123360" lon="-1.9016210">
        <name>Dorset Avenue</name>
      </trkpt>
      <trkpt lat="50.8123274" lon="-1.9014834">
        <name>Dorset Avenue</name>
      </trkpt>
      <trkpt lat="50.8123188" lon="-1.9013458">
        <name>Dorset Avenue</name>
      </trkpt>
      <trkpt lat="50.8123102" lon="-1.9012082">
        <name>Dorset Avenue</name>
      </trkpt>
      <trkpt lat="50.8123016" lon="-1.9010706">
        <name>Dorset Avenue</name>
      </trkpt>
      <trkpt lat="50.8122930" lon="-1.9009330">
        <name>Dorset Avenue</name>
      </trkpt>
      <trkpt lat="50.8122850" lon="-1.9008090">
        <name>Dorset Avenue</name>
      </trkpt>
      <trkpt lat="50.8122768" lon="-1.9006763">
        <name>Dorset Avenue</name>
      </trkpt>
      <trkpt lat="50.8122685" lon="-1.9005435">
        <name>Dorset Avenue</name>
      </trkpt>
      <trkpt lat="50.8122603" lon="-1.9004107">
        <name>Dorset Avenue</name>
      </trkpt>
      <trkpt lat="50.8122520" lon="-1.9002780">
        <name>Dorset Avenue</name>
      </trkpt>
      <trkpt lat="50.8123402" lon="-1.9002875">
        <name>Dorset Avenue</name>
      </trkpt>
      <trkpt lat="50.8124285" lon="-1.9002970">
        <name>Dorset Avenue</name>
      </trkpt>
      <trkpt lat="50.8125168" lon="-1.9003065">
        <name>Dorset Avenue</name>
      </trkpt>
      <trkpt lat="50.8126050" lon="-1.9003160">
        <name>Dorset Avenue</name>
      </trkpt>
      <trkpt lat="50.8126907" lon="-1.9003250">
        <name>Dorset Avenue</name>
      </trkpt>
      <trkpt lat="50.8127763" lon="-1.9003340">
        <name>Dorset Avenue</name>
      </trkpt>
      <trkpt lat="50.8128620" lon="-1.9003430">
        <name>Dorset Avenue</name>
      </trkpt>
      <trkpt lat="50.8129225" lon="-1.9003495">
        <name>Dorset Avenue</name>
      </trkpt>
      <trkpt lat="50.8129830" lon="-1.9003560">
        <name>Dorset Avenue</name>
      </trkpt>
      <trkpt lat="50.8130698" lon="-1.9003650">
        <name>Dorset Avenue</name>
      </trkpt>
      <trkpt lat="50.8131565" lon="-1.9003740">
        <name>Dorset Avenue</name>
      </trkpt>
      <trkpt lat="50.8132432" lon="-1.9003830">
        <name>Dorset Avenue</name>
      </trkpt>
      <trkpt lat="50.8133300" lon="-1.9003920">
        <name>Dorset Avenue</name>
      </trkpt>
      <trkpt lat="50.8134037" lon="-1.9004057">
        <name>Dorset Avenue</name>
      </trkpt>
      <trkpt lat="50.8134773" lon="-1.9004193">
        <name>Dorset Avenue</name>
      </trkpt>
      <trkpt lat="50.8135510" lon="-1.9004330">
        <name>Dorset Avenue</name>
      </trkpt>
      <trkpt lat="50.8136325" lon="-1.9004482">
        <name>Dorset Avenue</name>
      </trkpt>
      <trkpt lat="50.8137140" lon="-1.9004635">
        <name>Dorset Avenue</name>
      </trkpt>
      <trkpt lat="50.8137955" lon="-1.9004787">
        <name>Dorset Avenue</name>
      </trkpt>
      <trkpt lat="50.8138770" lon="-1.9004940">
        <name>Dorset Avenue</name>
      </trkpt>
      <trkpt lat="50.8139585" lon="-1.9005093">
        <name>Dorset Avenue</name>
      </trkpt>
      <trkpt lat="50.8140400" lon="-1.9005245">
        <name>Dorset Avenue</name>
      </trkpt>
      <trkpt lat="50.8141215" lon="-1.9005398">
        <name>Dorset Avenue</name>
      </trkpt>
      <trkpt lat="50.8142030" lon="-1.9005550">
        <name>Dorset Avenue</name>
      </trkpt>
      <trkpt lat="50.8142863" lon="-1.9005702">
        <name>Dorset Avenue</name>
      </trkpt>
      <trkpt lat="50.8143697" lon="-1.9005853">
        <name>Dorset Avenue</name>
      </trkpt>
      <trkpt lat="50.8144530" lon="-1.9006005">
        <name>Dorset Avenue</name>
      </trkpt>
      <trkpt lat="50.8145363" lon="-1.9006157">
        <name>Dorset Avenue</name>
      </trkpt>
      <trkpt lat="50.8146197" lon="-1.9006308">
        <name>Dorset Avenue</name>
      </trkpt>
      <trkpt lat="50.8147030" lon="-1.9006460">
        <name>Dorset Avenue</name>
      </trkpt>
      <trkpt lat="50.8147884" lon="-1.9006708">
        <name>Dorset Avenue</name>
      </trkpt>
      <trkpt lat="50.8148738" lon="-1.9006956">
        <name>Dorset Avenue</name>
      </trkpt>
      <trkpt lat="50.8149592" lon="-1.9007204">
        <name>Dorset Avenue</name>
      </trkpt>
      <trkpt lat="50.8150446" lon="-1.9007452">
        <name>Dorset Avenue</name>
      </trkpt>
      <trkpt lat="50.8151300" lon="-1.9007700">
        <name>Dorset Avenue</name>
      </trkpt>
      <trkpt lat="50.8152146" lon="-1.9007958">
        <name>Dorset Avenue</name>
      </trkpt>
      <trkpt lat="50.8152992" lon="-1.9008216">
        <name>Dorset Avenue</name>
      </trkpt>
      <trkpt lat="50.8153838" lon="-1.9008474">
        <name>Dorset Avenue</name>
      </trkpt>
      <trkpt lat="50.8154684" lon="-1.9008732">
        <name>Dorset Avenue</name>
      </trkpt>
      <trkpt lat="50.8155530" lon="-1.9008990">
        <name>Dorset Avenue</name>
      </trkpt>
      <trkpt lat="50.8156277" lon="-1.9009218">
        <name>Dudsbury Avenue</name>
      </trkpt>
      <trkpt lat="50.8157023" lon="-1.9009447">
        <name>Dudsbury Avenue</name>
      </trkpt>
      <trkpt lat="50.8157770" lon="-1.9009675">
        <name>Dudsbury Avenue</name>
      </trkpt>
      <trkpt lat="50.8158517" lon="-1.9009903">
        <name>Dudsbury Avenue</name>
      </trkpt>
      <trkpt lat="50.8159263" lon="-1.9010132">
        <name>Dudsbury Avenue</name>
      </trkpt>
      <trkpt lat="50.8160010" lon="-1.9010360">
        <name>Dudsbury Avenue</name>
      </trkpt>
      <trkpt lat="50.8160740" lon="-1.9010580">
        <name>Dudsbury Avenue</name>
      </trkpt>
      <trkpt lat="50.8161470" lon="-1.9010800">
        <name>Dudsbury Avenue</name>
      </trkpt>
      <trkpt lat="50.8161510" lon="-1.9012080">
        <name>Dudsbury Avenue</name>
      </trkpt>
      <trkpt lat="50.8161550" lon="-1.9013360">
        <name>Dudsbury Avenue</name>
      </trkpt>
      <trkpt lat="50.8161590" lon="-1.9014640">
        <name>Dudsbury Avenue</name>
      </trkpt>
      <trkpt lat="50.8161630" lon="-1.9015920">
        <name>Dudsbury Avenue</name>
      </trkpt>
      <trkpt lat="50.8161760" lon="-1.9017077">
        <name>Dudsbury Avenue</name>
      </trkpt>
      <trkpt lat="50.8161890" lon="-1.9018235">
        <name>Dudsbury Avenue</name>
      </trkpt>
      <trkpt lat="50.8162020" lon="-1.9019393">
        <name>Dudsbury Avenue</name>
      </trkpt>
      <trkpt lat="50.8162150" lon="-1.9020550">
        <name>Dudsbury Avenue</name>
      </trkpt>
      <trkpt lat="50.8162240" lon="-1.9021843">
        <name>Dudsbury Avenue</name>
      </trkpt>
      <trkpt lat="50.8162330" lon="-1.9023137">
        <name>Dudsbury Avenue</name>
      </trkpt>
      <trkpt lat="50.8162420" lon="-1.9024430">
        <name>Dudsbury Avenue</name>
      </trkpt>
      <trkpt lat="50.8162506" lon="-1.9025798">
        <name>Dudsbury Avenue</name>
      </trkpt>
      <trkpt lat="50.8162592" lon="-1.9027166">
        <name>Dudsbury Avenue</name>
      </trkpt>
      <trkpt lat="50.8162678" lon="-1.9028534">
        <name>Dudsbury Avenue</name>
      </trkpt>
      <trkpt lat="50.8162764" lon="-1.9029902">
        <name>Dudsbury Avenue</name>
      </trkpt>
      <trkpt lat="50.8162850" lon="-1.9031270">
        <name>Dudsbury Avenue</name>
      </trkpt>
      <trkpt lat="50.8162888" lon="-1.9032470">
        <name>Dudsbury Avenue</name>
      </trkpt>
      <trkpt lat="50.8162926" lon="-1.9033670">
        <name>Dudsbury Avenue</name>
      </trkpt>
      <trkpt lat="50.8162964" lon="-1.9034870">
        <name>Dudsbury Avenue</name>
      </trkpt>
      <trkpt lat="50.8163002" lon="-1.9036070">
        <name>Dudsbury Avenue</name>
      </trkpt>
      <trkpt lat="50.8163040" lon="-1.9037270">
        <name>Dudsbury Avenue</name>
      </trkpt>
      <trkpt lat="50.8163080" lon="-1.9038450">
        <name>Dudsbury Avenue</name>
      </trkpt>
      <trkpt lat="50.8163182" lon="-1.9039672">
        <name>Dudsbury Avenue</name>
      </trkpt>
      <trkpt lat="50.8163283" lon="-1.9040893">
        <name>Dudsbury Avenue</name>
      </trkpt>
      <trkpt lat="50.8163385" lon="-1.9042115">
        <name>Dudsbury Avenue</name>
      </trkpt>
      <trkpt lat="50.8163487" lon="-1.9043337">
        <name>Dudsbury Avenue</name>
      </trkpt>
      <trkpt lat="50.8163588" lon="-1.9044558">
        <name>Dudsbury Avenue</name>
      </trkpt>
      <trkpt lat="50.8163690" lon="-1.9045780">
        <name>Dudsbury Avenue</name>
      </trkpt>
      <trkpt lat="50.8163760" lon="-1.9046954">
        <name>Church Road</name>
      </trkpt>
      <trkpt lat="50.8163830" lon="-1.9048128">
        <name>Church Road</name>
      </trkpt>
      <trkpt lat="50.8163900" lon="-1.9049302">
        <name>Church Road</name>
      </trkpt>
      <trkpt lat="50.8163970" lon="-1.9050476">
        <name>Church Road</name>
      </trkpt>
      <trkpt lat="50.8164040" lon="-1.9051650">
        <name>Church Road</name>
      </trkpt>
      <trkpt lat="50.8164060" lon="-1.9053030">
        <name>Church Road</name>
      </trkpt>
      <trkpt lat="50.8163970" lon="-1.9054410">
        <name>Church Road</name>
      </trkpt>
      <trkpt lat="50.8163730" lon="-1.9055630">
        <name>Church Road</name>
      </trkpt>
      <trkpt lat="50.8163380" lon="-1.9056580">
        <name>Church Road</name>
      </trkpt>
      <trkpt lat="50.8162810" lon="-1.9057670">
        <name>Church Road</name>
      </trkpt>
      <trkpt lat="50.8162210" lon="-1.9058360">
        <name>Church Road</name>
      </trkpt>
      <trkpt lat="50.8161390" lon="-1.9058890">
        <name>Church Road</name>
      </trkpt>
      <trkpt lat="50.8160810" lon="-1.9059270">
        <name>Church Road</name>
      </trkpt>
      <trkpt lat="50.8160110" lon="-1.9059440">
        <name>Church Road</name>
      </trkpt>
      <trkpt lat="50.8159290" lon="-1.9059430">
        <name>Church Road</name>
      </trkpt>
      <trkpt lat="50.8158735" lon="-1.9059415">
        <name>Church Road</name>
      </trkpt>
      <trkpt lat="50.8158180" lon="-1.9059400">
        <name>Church Road</name>
      </trkpt>
      <trkpt lat="50.8157505" lon="-1.9059315">
        <name>Church Road</name>
      </trkpt>
      <trkpt lat="50.8156830" lon="-1.9059230">
        <name>Church Road</name>
      </trkpt>
      <trkpt lat="50.8156057" lon="-1.9059163">
        <name>Church Road</name>
      </trkpt>
      <trkpt lat="50.8155283" lon="-1.9059097">
        <name>Church Road</name>
      </trkpt>
      <trkpt lat="50.8154510" lon="-1.9059030">
        <name>Church Road</name>
      </trkpt>
      <trkpt lat="50.8153680" lon="-1.9058900">
        <name>Church Road</name>
      </trkpt>
      <trkpt lat="50.8152850" lon="-1.9058770">
        <name>Church Road</name>
      </trkpt>
      <trkpt lat="50.8152460" lon="-1.9058710">
        <name>Church Road</name>
      </trkpt>
      <trkpt lat="50.8151700" lon="-1.9058605">
        <name>Church Road</name>
      </trkpt>
      <trkpt lat="50.8150940" lon="-1.9058500">
        <name>Church Road</name>
      </trkpt>
      <trkpt lat="50.8150435" lon="-1.9058435">
        <name>Church Road</name>
      </trkpt>
      <trkpt lat="50.8149930" lon="-1.9058370">
        <name>Church Road</name>
      </trkpt>
      <trkpt lat="50.8149082" lon="-1.9058272">
        <name>Church Road</name>
      </trkpt>
      <trkpt lat="50.8148234" lon="-1.9058174">
        <name>Church Road</name>
      </trkpt>
      <trkpt lat="50.8147386" lon="-1.9058076">
        <name>Church Road</name>
      </trkpt>
      <trkpt lat="50.8146538" lon="-1.9057978">
        <name>Church Road</name>
      </trkpt>
      <trkpt lat="50.8145690" lon="-1.9057880">
        <name>Church Road</name>
      </trkpt>
      <trkpt lat="50.8144842" lon="-1.9057782">
        <name>Church Road</name>
      </trkpt>
      <trkpt lat="50.8143994" lon="-1.9057684">
        <name>Church Road</name>
      </trkpt>
      <trkpt lat="50.8143146" lon="-1.9057586">
        <name>Church Road</name>
      </trkpt>
      <trkpt lat="50.8142298" lon="-1.9057488">
        <name>Church Road</name>
      </trkpt>
      <trkpt lat="50.8141450" lon="-1.9057390">
        <name>Church Road</name>
      </trkpt>
      <trkpt lat="50.8140738" lon="-1.9057302">
        <name>Church Road</name>
      </trkpt>
      <trkpt lat="50.8140025" lon="-1.9057215">
        <name>Church Road</name>
      </trkpt>
      <trkpt lat="50.8139312" lon="-1.9057128">
        <name>Church Road</name>
      </trkpt>
      <trkpt lat="50.8138600" lon="-1.9057040">
        <name>Church Road</name>
      </trkpt>
      <trkpt lat="50.8137720" lon="-1.9057280">
        <name>Church Road</name>
      </trkpt>
      <trkpt lat="50.8137225" lon="-1.9057525">
        <name>Church Road</name>
      </trkpt>
      <trkpt lat="50.8136730" lon="-1.9057770">
        <name>Church Road</name>
      </trkpt>
      <trkpt lat="50.8136110" lon="-1.9058505">
        <name>Church Road</name>
      </trkpt>
      <trkpt lat="50.8135490" lon="-1.9059240">
        <name>Church Road</name>
      </trkpt>
      <trkpt lat="50.8135027" lon="-1.9060047">
        <name>Church Road</name>
      </trkpt>
      <trkpt lat="50.8134563" lon="-1.9060853">
        <name>Church Road</name>
      </trkpt>
      <trkpt lat="50.8134100" lon="-1.9061660">
        <name>Church Road</name>
      </trkpt>
      <trkpt lat="50.8133725" lon="-1.9062485">
        <name>Church Road</name>
      </trkpt>
      <trkpt lat="50.8133350" lon="-1.9063310">
        <name>Church Road</name>
      </trkpt>
      <trkpt lat="50.8133030" lon="-1.9064020">
        <name>Church Road</name>
      </trkpt>
      <trkpt lat="50.8132700" lon="-1.9065082">
        <name>Church Road</name>
      </trkpt>
      <trkpt lat="50.8132370" lon="-1.9066144">
        <name>Church Road</name>
      </trkpt>
      <trkpt lat="50.8132040" lon="-1.9067206">
        <name>Church Road</name>
      </trkpt>
      <trkpt lat="50.8131710" lon="-1.9068268">
        <name>Church Road</name>
      </trkpt>
      <trkpt lat="50.8131380" lon="-1.9069330">
        <name>Church Road</name>
      </trkpt>
      <trkpt lat="50.8131093" lon="-1.9070180">
        <name>Church Road</name>
      </trkpt>
      <trkpt lat="50.8130807" lon="-1.9071030">
        <name>Church Road</name>
      </trkpt>
      <trkpt lat="50.8130520" lon="-1.9071880">
        <name>Church Road</name>
      </trkpt>
      <trkpt lat="50.8130103" lon="-1.9072820">
        <name>Church Road</name>
      </trkpt>
      <trkpt lat="50.8129687" lon="-1.9073760">
        <name>Church Road</name>
      </trkpt>
      <trkpt lat="50.8129270" lon="-1.9074700">
        <name>Church Road</name>
      </trkpt>
      <trkpt lat="50.8128703" lon="-1.9075607">
        <name>Church Road</name>
      </trkpt>
      <trkpt lat="50.8128137" lon="-1.9076513">
        <name>Church Road</name>
      </trkpt>
      <trkpt lat="50.8127570" lon="-1.9077420">
        <name>Church Road</name>
      </trkpt>
      <trkpt lat="50.8127170" lon="-1.9077950">
        <name>Church Road</name>
      </trkpt>
      <trkpt lat="50.8126770" lon="-1.9078480">
        <name>Church Road</name>
      </trkpt>
      <trkpt lat="50.8126490" lon="-1.9078840">
        <name>Church Road</name>
      </trkpt>
      <trkpt lat="50.8126280" lon="-1.9079120">
        <name>Church Road</name>
      </trkpt>
      <trkpt lat="50.8125575" lon="-1.9079945">
        <name>Church Road</name>
      </trkpt>
      <trkpt lat="50.8124870" lon="-1.9080770">
        <name>Church Road</name>
      </trkpt>
      <trkpt lat="50.8124320" lon="-1.9081193">
        <name>Church Road</name>
      </trkpt>
      <trkpt lat="50.8123770" lon="-1.9081617">
        <name>Church Road</name>
      </trkpt>
      <trkpt lat="50.8123220" lon="-1.9082040">
        <name>Church Road</name>
      </trkpt>
      <trkpt lat="50.8122800" lon="-1.9082300">
        <name>Church Road</name>
      </trkpt>
      <trkpt lat="50.8122060" lon="-1.9082760">
        <name>Ameysford Road</name>
      </trkpt>
      <trkpt lat="50.8121320" lon="-1.9083220">
        <name>Ameysford Road</name>
      </trkpt>
      <trkpt lat="50.8120675" lon="-1.9083500">
        <name>Ameysford Road</name>
      </trkpt>
      <trkpt lat="50.8120030" lon="-1.9083780">
        <name>Ameysford Road</name>
      </trkpt>
      <trkpt lat="50.8119280" lon="-1.9084035">
        <name>Ameysford Road</name>
      </trkpt>
      <trkpt lat="50.8118530" lon="-1.9084290">
        <name>Ameysford Road</name>
      </trkpt>
      <trkpt lat="50.8118360" lon="-1.9084350">
        <name>Ameysford Road</name>
      </trkpt>
      <trkpt lat="50.8117605" lon="-1.9084445">
        <name>Ameysford Road</name>
      </trkpt>
      <trkpt lat="50.8116850" lon="-1.9084540">
        <name>Ameysford Road</name>
      </trkpt>
      <trkpt lat="50.8116070" lon="-1.9084523">
        <name>Ameysford Road</name>
      </trkpt>
      <trkpt lat="50.8115290" lon="-1.9084507">
        <name>Ameysford Road</name>
      </trkpt>
      <trkpt lat="50.8114510" lon="-1.9084490">
        <name>Ameysford Road</name>
      </trkpt>
      <trkpt lat="50.8113825" lon="-1.9084435">
        <name>Ameysford Road</name>
      </trkpt>
      <trkpt lat="50.8113140" lon="-1.9084380">
        <name>Ameysford Road</name>
      </trkpt>
      <trkpt lat="50.8112455" lon="-1.9084325">
        <name>Ameysford Road</name>
      </trkpt>
      <trkpt lat="50.8111770" lon="-1.9084270">
        <name>Ameysford Road</name>
      </trkpt>
      <trkpt lat="50.8111077" lon="-1.9084160">
        <name>Ameysford Road</name>
      </trkpt>
      <trkpt lat="50.8110383" lon="-1.9084050">
        <name>Ameysford Road</name>
      </trkpt>
      <trkpt lat="50.8109690" lon="-1.9083940">
        <name>Ameysford Road</name>
      </trkpt>
      <trkpt lat="50.8109010" lon="-1.9083855">
        <name>Ameysford Road</name>
      </trkpt>
      <trkpt lat="50.8108330" lon="-1.9083770">
        <name>Ameysford Road</name>
      </trkpt>
      <trkpt lat="50.8107650" lon="-1.9083685">
        <name>Ameysford Road</name>
      </trkpt>
      <trkpt lat="50.8106970" lon="-1.9083600">
        <name>Ameysford Road</name>
      </trkpt>
      <trkpt lat="50.8106120" lon="-1.9083477">
        <name>Ameysford Road</name>
      </trkpt>
      <trkpt lat="50.8105270" lon="-1.9083353">
        <name>Ameysford Road</name>
      </trkpt>
      <trkpt lat="50.8104420" lon="-1.9083230">
        <name>Ameysford Road</name>
      </trkpt>
      <trkpt lat="50.8103707" lon="-1.9083127">
        <name>Ameysford Road</name>
      </trkpt>
      <trkpt lat="50.8102993" lon="-1.9083023">
        <name>Ameysford Road</name>
      </trkpt>
      <trkpt lat="50.8102280" lon="-1.9082920">
        <name>Ameysford Road</name>
      </trkpt>
      <trkpt lat="50.8101480" lon="-1.9082805">
        <name>Ameysford Road</name>
      </trkpt>
      <trkpt lat="50.8100680" lon="-1.9082690">
        <name>Ameysford Road</name>
      </trkpt>
      <trkpt lat="50.8100808" lon="-1.9081433">
        <name>Ameysford Road</name>
      </trkpt>
      <trkpt lat="50.8100937" lon="-1.9080177">
        <name>Ameysford Road</name>
      </trkpt>
      <trkpt lat="50.8101065" lon="-1.9078920">
        <name>Ameysford Road</name>
      </trkpt>
      <trkpt lat="50.8101193" lon="-1.9077663">
        <name>Ameysford Road</name>
      </trkpt>
      <trkpt lat="50.8101322" lon="-1.9076407">
        <name>Ameysford Road</name>
      </trkpt>
      <trkpt lat="50.8101450" lon="-1.9075150">
        <name>Ameysford Road</name>
      </trkpt>
      <trkpt lat="50.8101430" lon="-1.9073810">
        <name>Ameysford Road</name>
      </trkpt>
      <trkpt lat="50.8101290" lon="-1.9072780">
        <name>Coppice Avenue</name>
      </trkpt>
      <trkpt lat="50.8101120" lon="-1.9071850">
        <name>Coppice Avenue</name>
      </trkpt>
      <trkpt lat="50.8100805" lon="-1.9071165">
        <name>Coppice Avenue</name>
      </trkpt>
      <trkpt lat="50.8100490" lon="-1.9070480">
        <name>Coppice Avenue</name>
      </trkpt>
      <trkpt lat="50.8100033" lon="-1.9069757">
        <name>Coppice Avenue</name>
      </trkpt>
      <trkpt lat="50.8099577" lon="-1.9069033">
        <name>Coppice Avenue</name>
      </trkpt>
      <trkpt lat="50.8099120" lon="-1.9068310">
        <name>Coppice Avenue</name>
      </trkpt>
      <trkpt lat="50.8098710" lon="-1.9067720">
        <name>Coppice Avenue</name>
      </trkpt>
      <trkpt lat="50.8098155" lon="-1.9066920">
        <name>Coppice Avenue</name>
      </trkpt>
      <trkpt lat="50.8097600" lon="-1.9066120">
        <name>Coppice Avenue</name>
      </trkpt>
      <trkpt lat="50.8097045" lon="-1.9065320">
        <name>Coppice Avenue</name>
      </trkpt>
      <trkpt lat="50.8096490" lon="-1.9064520">
        <name>Coppice Avenue</name>
      </trkpt>
      <trkpt lat="50.8096380" lon="-1.9064390">
        <name>Coppice Avenue</name>
      </trkpt>
      <trkpt lat="50.8096060" lon="-1.9064030">
        <name>Coppice Avenue</name>
      </trkpt>
      <trkpt lat="50.8095610" lon="-1.9063690">
        <name>Coppice Avenue</name>
      </trkpt>
      <trkpt lat="50.8094827" lon="-1.9063537">
        <name>Coppice Avenue</name>
      </trkpt>
      <trkpt lat="50.8094043" lon="-1.9063383">
        <name>Coppice Avenue</name>
      </trkpt>
      <trkpt lat="50.8093260" lon="-1.9063230">
        <name>Coppice Avenue</name>
      </trkpt>
      <trkpt lat="50.8092508" lon="-1.9063076">
        <name>Coppice Avenue</name>
      </trkpt>
      <trkpt lat="50.8091756" lon="-1.9062922">
        <name>Coppice Avenue</name>
      </trkpt>
      <trkpt lat="50.8091004" lon="-1.9062768">
        <name>Coppice Avenue</name>
      </trkpt>
      <trkpt lat="50.8090252" lon="-1.9062614">
        <name>Coppice Avenue</name>
      </trkpt>
      <trkpt lat="50.8089500" lon="-1.9062460">
        <name>Coppice Avenue</name>
      </trkpt>
      <trkpt lat="50.8088714" lon="-1.9062430">
        <name>Coppice Avenue</name>
      </trkpt>
      <trkpt lat="50.8087928" lon="-1.9062400">
        <name>Coppice Avenue</name>
      </trkpt>
      <trkpt lat="50.8087142" lon="-1.9062370">
        <name>Coppice Avenue</name>
      </trkpt>
      <trkpt lat="50.8086356" lon="-1.9062340">
        <name>Coppice Avenue</name>
      </trkpt>
      <trkpt lat="50.8085570" lon="-1.9062310">
        <name>Coppice Avenue</name>
      </trkpt>
      <trkpt lat="50.8084885" lon="-1.9062663">
        <name>Coppice Avenue</name>
      </trkpt>
      <trkpt lat="50.8084200" lon="-1.9063015">
        <name>Coppice Avenue</name>
      </trkpt>
      <trkpt lat="50.8083515" lon="-1.9063367">
        <name>Coppice Avenue</name>
      </trkpt>
      <trkpt lat="50.8082830" lon="-1.9063720">
        <name>Coppice Avenue</name>
      </trkpt>
      <trkpt lat="50.8082005" lon="-1.9063717">
        <name>Coppice Avenue</name>
      </trkpt>
      <trkpt lat="50.8081180" lon="-1.9063713">
        <name>Coppice Avenue</name>
      </trkpt>
      <trkpt lat="50.8080355" lon="-1.9063710">
        <name>Coppice Avenue</name>
      </trkpt>
      <trkpt lat="50.8079530" lon="-1.9063707">
        <name>Coppice Avenue</name>
      </trkpt>
      <trkpt lat="50.8078705" lon="-1.9063703">
        <name>Coppice Avenue</name>
      </trkpt>
      <trkpt lat="50.8077880" lon="-1.9063700">
        <name>Coppice Avenue</name>
      </trkpt>
      <trkpt lat="50.8077066" lon="-1.9063599">
        <name>Coppice Avenue</name>
      </trkpt>
      <trkpt lat="50.8076253" lon="-1.9063497">
        <name>Coppice Avenue</name>
      </trkpt>
      <trkpt lat="50.8075439" lon="-1.9063396">
        <name>Coppice Avenue</name>
      </trkpt>
      <trkpt lat="50.8074625" lon="-1.9063295">
        <name>Coppice Avenue</name>
      </trkpt>
      <trkpt lat="50.8073811" lon="-1.9063194">
        <name>Coppice Avenue</name>
      </trkpt>
      <trkpt lat="50.8072997" lon="-1.9063092">
        <name>Coppice Avenue</name>
      </trkpt>
      <trkpt lat="50.8072184" lon="-1.9062991">
        <name>Coppice Avenue</name>
      </trkpt>
      <trkpt lat="50.8071370" lon="-1.9062890">
        <name>Coppice Avenue</name>
      </trkpt>
    </trkseg>
  </trk>
</gpx>