<?xml version="1.0" encoding="UTF-8"?>
<gpx version="1.1" creator="TurboSanta Route Planner">
  <trk>
    <name>TurboSanta Route (10m density)</name>
    <trkseg>
      <trkpt lat="50.8818400" lon="-1.8790540">
        <name>Ringwood Road</name>
      </trkpt>
      <trkpt lat="50.8818740" lon="-1.8791610">
        <name>Ringwood Road</name>
      </trkpt>
      <trkpt lat="50.8819057" lon="-1.8792647">
        <name>Station Road</name>
      </trkpt>
      <trkpt lat="50.8819373" lon="-1.8793683">
        <name>Station Road</name>
      </trkpt>
      <trkpt lat="50.8819690" lon="-1.8794720">
        <name>Station Road</name>
      </trkpt>
      <trkpt lat="50.8819905" lon="-1.8795420">
        <name>Station Road</name>
      </trkpt>
      <trkpt lat="50.8820120" lon="-1.8796120">
        <name>Station Road</name>
      </trkpt>
      <trkpt lat="50.8820415" lon="-1.8797180">
        <name>Station Road</name>
      </trkpt>
      <trkpt lat="50.8820710" lon="-1.8798240">
        <name>Station Road</name>
      </trkpt>
      <trkpt lat="50.8820910" lon="-1.8799235">
        <name>Station Road</name>
      </trkpt>
      <trkpt lat="50.8821110" lon="-1.8800230">
        <name>Station Road</name>
      </trkpt>
      <trkpt lat="50.8821285" lon="-1.8801465">
        <name>Station Road</name>
      </trkpt>
      <trkpt lat="50.8821460" lon="-1.8802700">
        <name>Station Road</name>
      </trkpt>
      <trkpt lat="50.8821592" lon="-1.8803826">
        <name>Station Road</name>
      </trkpt>
      <trkpt lat="50.8821724" lon="-1.8804952">
        <name>Station Road</name>
      </trkpt>
      <trkpt lat="50.8821856" lon="-1.8806078">
        <name>Station Road</name>
      </trkpt>
      <trkpt lat="50.8821988" lon="-1.8807204">
        <name>Station Road</name>
      </trkpt>
      <trkpt lat="50.8822120" lon="-1.8808330">
        <name>Station Road</name>
      </trkpt>
      <trkpt lat="50.8822295" lon="-1.8809485">
        <name>Station Road</name>
      </trkpt>
      <trkpt lat="50.8822470" lon="-1.8810640">
        <name>Station Road</name>
      </trkpt>
      <trkpt lat="50.8822560" lon="-1.8811120">
        <name>Station Road</name>
      </trkpt>
      <trkpt lat="50.8822730" lon="-1.8812077">
        <name>Station Road</name>
      </trkpt>
      <trkpt lat="50.8822900" lon="-1.8813033">
        <name>Station Road</name>
      </trkpt>
      <trkpt lat="50.8823070" lon="-1.8813990">
        <name>Station Road</name>
      </trkpt>
      <trkpt lat="50.8823257" lon="-1.8815025">
        <name>Station Road</name>
      </trkpt>
      <trkpt lat="50.8823445" lon="-1.8816060">
        <name>Station Road</name>
      </trkpt>
      <trkpt lat="50.8823632" lon="-1.8817095">
        <name>Station Road</name>
      </trkpt>
      <trkpt lat="50.8823820" lon="-1.8818130">
        <name>Station Road</name>
      </trkpt>
      <trkpt lat="50.8824033" lon="-1.8819300">
        <name>Station Road</name>
      </trkpt>
      <trkpt lat="50.8824247" lon="-1.8820470">
        <name>Station Road</name>
      </trkpt>
      <trkpt lat="50.8824460" lon="-1.8821640">
        <name>Station Road</name>
      </trkpt>
      <trkpt lat="50.8824620" lon="-1.8822935">
        <name>Station Road</name>
      </trkpt>
      <trkpt lat="50.8824780" lon="-1.8824230">
        <name>Station Road</name>
      </trkpt>
      <trkpt lat="50.8824890" lon="-1.8825150">
        <name>Station Road</name>
      </trkpt>
      <trkpt lat="50.8825030" lon="-1.8825925">
        <name>Station Road</name>
      </trkpt>
      <trkpt lat="50.8825170" lon="-1.8826700">
        <name>Station Road</name>
      </trkpt>
      <trkpt lat="50.8824970" lon="-1.8826850">
        <name>Station Road</name>
      </trkpt>
      <trkpt lat="50.8824790" lon="-1.8827050">
        <name>Station Road</name>
      </trkpt>
      <trkpt lat="50.8824640" lon="-1.8827290">
        <name>Station Road</name>
      </trkpt>
      <trkpt lat="50.8824520" lon="-1.8827560">
        <name>Station Road</name>
      </trkpt>
      <trkpt lat="50.8824420" lon="-1.8827940">
        <name>Station Road</name>
      </trkpt>
      <trkpt lat="50.8824370" lon="-1.8828340">
        <name>Station Road</name>
      </trkpt>
      <trkpt lat="50.8824370" lon="-1.8828670">
        <name>Station Road</name>
      </trkpt>
      <trkpt lat="50.8824410" lon="-1.8829000">
        <name>Champtoceaux Avenue</name>
      </trkpt>
      <trkpt lat="50.8824510" lon="-1.8829400">
        <name>Champtoceaux Avenue</name>
      </trkpt>
      <trkpt lat="50.8824670" lon="-1.8829750">
        <name>Champtoceaux Avenue</name>
      </trkpt>
      <trkpt lat="50.8824820" lon="-1.8829980">
        <name>Champtoceaux Avenue</name>
      </trkpt>
      <trkpt lat="50.8824990" lon="-1.8830160">
        <name>Champtoceaux Avenue</name>
      </trkpt>
      <trkpt lat="50.8825280" lon="-1.8830340">
        <name>Champtoceaux Avenue</name>
      </trkpt>
      <trkpt lat="50.8825590" lon="-1.8830390">
        <name>Champtoceaux Avenue</name>
      </trkpt>
      <trkpt lat="50.8825890" lon="-1.8830320">
        <name>Champtoceaux Avenue</name>
      </trkpt>
      <trkpt lat="50.8826190" lon="-1.8830120">
        <name>Champtoceaux Avenue</name>
      </trkpt>
      <trkpt lat="50.8826440" lon="-1.8829800">
        <name>Champtoceaux Avenue</name>
      </trkpt>
      <trkpt lat="50.8826630" lon="-1.8829380">
        <name>Champtoceaux Avenue</name>
      </trkpt>
      <trkpt lat="50.8826740" lon="-1.8828900">
        <name>Champtoceaux Avenue</name>
      </trkpt>
      <trkpt lat="50.8826760" lon="-1.8828390">
        <name>Champtoceaux Avenue</name>
      </trkpt>
      <trkpt lat="50.8827210" lon="-1.8828240">
        <name>Champtoceaux Avenue</name>
      </trkpt>
      <trkpt lat="50.8827660" lon="-1.8828090">
        <name>Champtoceaux Avenue</name>
      </trkpt>
      <trkpt lat="50.8828400" lon="-1.8827768">
        <name>Champtoceaux Avenue</name>
      </trkpt>
      <trkpt lat="50.8829140" lon="-1.8827447">
        <name>Champtoceaux Avenue</name>
      </trkpt>
      <trkpt lat="50.8829880" lon="-1.8827125">
        <name>Champtoceaux Avenue</name>
      </trkpt>
      <trkpt lat="50.8830620" lon="-1.8826803">
        <name>Champtoceaux Avenue</name>
      </trkpt>
      <trkpt lat="50.8831360" lon="-1.8826482">
        <name>Champtoceaux Avenue</name>
      </trkpt>
      <trkpt lat="50.8832100" lon="-1.8826160">
        <name>Champtoceaux Avenue</name>
      </trkpt>
      <trkpt lat="50.8832840" lon="-1.8825840">
        <name>Champtoceaux Avenue</name>
      </trkpt>
      <trkpt lat="50.8833665" lon="-1.8825482">
        <name>Champtoceaux Avenue</name>
      </trkpt>
      <trkpt lat="50.8834489" lon="-1.8825124">
        <name>Champtoceaux Avenue</name>
      </trkpt>
      <trkpt lat="50.8835314" lon="-1.8824765">
        <name>Champtoceaux Avenue</name>
      </trkpt>
      <trkpt lat="50.8836138" lon="-1.8824407">
        <name>Champtoceaux Avenue</name>
      </trkpt>
      <trkpt lat="50.8836963" lon="-1.8824049">
        <name>Champtoceaux Avenue</name>
      </trkpt>
      <trkpt lat="50.8837787" lon="-1.8823691">
        <name>Champtoceaux Avenue</name>
      </trkpt>
      <trkpt lat="50.8838612" lon="-1.8823333">
        <name>Champtoceaux Avenue</name>
      </trkpt>
      <trkpt lat="50.8839436" lon="-1.8822975">
        <name>Champtoceaux Avenue</name>
      </trkpt>
      <trkpt lat="50.8840261" lon="-1.8822616">
        <name>Champtoceaux Avenue</name>
      </trkpt>
      <trkpt lat="50.8841085" lon="-1.8822258">
        <name>Champtoceaux Avenue</name>
      </trkpt>
      <trkpt lat="50.8841910" lon="-1.8821900">
        <name>Champtoceaux Avenue</name>
      </trkpt>
      <trkpt lat="50.8842711" lon="-1.8821516">
        <name>Champtoceaux Avenue</name>
      </trkpt>
      <trkpt lat="50.8843512" lon="-1.8821132">
        <name>Champtoceaux Avenue</name>
      </trkpt>
      <trkpt lat="50.8844312" lon="-1.8820748">
        <name>Champtoceaux Avenue</name>
      </trkpt>
      <trkpt lat="50.8845113" lon="-1.8820365">
        <name>Champtoceaux Avenue</name>
      </trkpt>
      <trkpt lat="50.8845914" lon="-1.8819981">
        <name>Champtoceaux Avenue</name>
      </trkpt>
      <trkpt lat="50.8846715" lon="-1.8819597">
        <name>Champtoceaux Avenue</name>
      </trkpt>
      <trkpt lat="50.8847515" lon="-1.8819213">
        <name>Champtoceaux Avenue</name>
      </trkpt>
      <trkpt lat="50.8848316" lon="-1.8818829">
        <name>Champtoceaux Avenue</name>
      </trkpt>
      <trkpt lat="50.8849117" lon="-1.8818445">
        <name>Champtoceaux Avenue</name>
      </trkpt>
      <trkpt lat="50.8849918" lon="-1.8818062">
        <name>Champtoceaux Avenue</name>
      </trkpt>
      <trkpt lat="50.8850718" lon="-1.8817678">
        <name>Champtoceaux Avenue</name>
      </trkpt>
      <trkpt lat="50.8851519" lon="-1.8817294">
        <name>Champtoceaux Avenue</name>
      </trkpt>
      <trkpt lat="50.8852320" lon="-1.8816910">
        <name>Champtoceaux Avenue</name>
      </trkpt>
      <trkpt lat="50.8852735" lon="-1.8816525">
        <name>Champtoceaux Avenue</name>
      </trkpt>
      <trkpt lat="50.8853150" lon="-1.8816140">
        <name>Champtoceaux Avenue</name>
      </trkpt>
      <trkpt lat="50.8853450" lon="-1.8815560">
        <name>Champtoceaux Avenue</name>
      </trkpt>
      <trkpt lat="50.8853880" lon="-1.8814730">
        <name>Champtoceaux Avenue</name>
      </trkpt>
      <trkpt lat="50.8854220" lon="-1.8813620">
        <name>Champtoceaux Avenue</name>
      </trkpt>
      <trkpt lat="50.8854430" lon="-1.8813040">
        <name>Champtoceaux Avenue</name>
      </trkpt>
      <trkpt lat="50.8854740" lon="-1.8812200">
        <name>Champtoceaux Avenue</name>
      </trkpt>
      <trkpt lat="50.8855190" lon="-1.8812490">
        <name>Champtoceaux Avenue</name>
      </trkpt>
      <trkpt lat="50.8855520" lon="-1.8812520">
        <name>Champtoceaux Avenue</name>
      </trkpt>
      <trkpt lat="50.8855790" lon="-1.8812430">
        <name>Champtoceaux Avenue</name>
      </trkpt>
      <trkpt lat="50.8856170" lon="-1.8812090">
        <name>Champtoceaux Avenue</name>
      </trkpt>
      <trkpt lat="50.8856450" lon="-1.8811580">
        <name>Champtoceaux Avenue</name>
      </trkpt>
      <trkpt lat="50.8856590" lon="-1.8811080">
        <name>Champtoceaux Avenue</name>
      </trkpt>
      <trkpt lat="50.8857110" lon="-1.8811360">
        <name>Champtoceaux Avenue</name>
      </trkpt>
      <trkpt lat="50.8857330" lon="-1.8811480">
        <name>Champtoceaux Avenue</name>
      </trkpt>
      <trkpt lat="50.8858055" lon="-1.8811815">
        <name>Champtoceaux Avenue</name>
      </trkpt>
      <trkpt lat="50.8858780" lon="-1.8812150">
        <name>Champtoceaux Avenue</name>
      </trkpt>
      <trkpt lat="50.8859320" lon="-1.8812687">
        <name>Champtoceaux Avenue</name>
      </trkpt>
      <trkpt lat="50.8859860" lon="-1.8813223">
        <name>Champtoceaux Avenue</name>
      </trkpt>
      <trkpt lat="50.8860400" lon="-1.8813760">
        <name>Champtoceaux Avenue</name>
      </trkpt>
      <trkpt lat="50.8860755" lon="-1.8814305">
        <name>Champtoceaux Avenue</name>
      </trkpt>
      <trkpt lat="50.8861110" lon="-1.8814850">
        <name>Champtoceaux Avenue</name>
      </trkpt>
      <trkpt lat="50.8861510" lon="-1.8815480">
        <name>Champtoceaux Avenue</name>
      </trkpt>
      <trkpt lat="50.8861995" lon="-1.8816230">
        <name>Champtoceaux Avenue</name>
      </trkpt>
      <trkpt lat="50.8862480" lon="-1.8816980">
        <name>Champtoceaux Avenue</name>
      </trkpt>
      <trkpt lat="50.8862965" lon="-1.8817730">
        <name>Champtoceaux Avenue</name>
      </trkpt>
      <trkpt lat="50.8863450" lon="-1.8818480">
        <name>Champtoceaux Avenue</name>
      </trkpt>
      <trkpt lat="50.8863863" lon="-1.8819337">
        <name>Champtoceaux Avenue</name>
      </trkpt>
      <trkpt lat="50.8864277" lon="-1.8820193">
        <name>Champtoceaux Avenue</name>
      </trkpt>
      <trkpt lat="50.8864690" lon="-1.8821050">
        <name>Champtoceaux Avenue</name>
      </trkpt>
      <trkpt lat="50.8865190" lon="-1.8822030">
        <name>Edmondsham Road</name>
      </trkpt>
      <trkpt lat="50.8865722" lon="-1.8822888">
        <name>Edmondsham Road</name>
      </trkpt>
      <trkpt lat="50.8866254" lon="-1.8823746">
        <name>Edmondsham Road</name>
      </trkpt>
      <trkpt lat="50.8866786" lon="-1.8824604">
        <name>Edmondsham Road</name>
      </trkpt>
      <trkpt lat="50.8867318" lon="-1.8825462">
        <name>Edmondsham Road</name>
      </trkpt>
      <trkpt lat="50.8867850" lon="-1.8826320">
        <name>Edmondsham Road</name>
      </trkpt>
      <trkpt lat="50.8868347" lon="-1.8826927">
        <name>Edmondsham Road</name>
      </trkpt>
      <trkpt lat="50.8868843" lon="-1.8827533">
        <name>Edmondsham Road</name>
      </trkpt>
      <trkpt lat="50.8869340" lon="-1.8828140">
        <name>Edmondsham Road</name>
      </trkpt>
      <trkpt lat="50.8870032" lon="-1.8828910">
        <name>Edmondsham Road</name>
      </trkpt>
      <trkpt lat="50.8870723" lon="-1.8829680">
        <name>Edmondsham Road</name>
      </trkpt>
      <trkpt lat="50.8871415" lon="-1.8830450">
        <name>Edmondsham Road</name>
      </trkpt>
      <trkpt lat="50.8872107" lon="-1.8831220">
        <name>Edmondsham Road</name>
      </trkpt>
      <trkpt lat="50.8872798" lon="-1.8831990">
        <name>Edmondsham Road</name>
      </trkpt>
      <trkpt lat="50.8873490" lon="-1.8832760">
        <name>Edmondsham Road</name>
      </trkpt>
      <trkpt lat="50.8873013" lon="-1.8833943">
        <name>Edmondsham Road</name>
      </trkpt>
      <trkpt lat="50.8872536" lon="-1.8835126">
        <name>Edmondsham Road</name>
      </trkpt>
      <trkpt lat="50.8872059" lon="-1.8836309">
        <name>Edmondsham Road</name>
      </trkpt>
      <trkpt lat="50.8871581" lon="-1.8837491">
        <name>Edmondsham Road</name>
      </trkpt>
      <trkpt lat="50.8871104" lon="-1.8838674">
        <name>Edmondsham Road</name>
      </trkpt>
      <trkpt lat="50.8870627" lon="-1.8839857">
        <name>Edmondsham Road</name>
      </trkpt>
      <trkpt lat="50.8870150" lon="-1.8841040">
        <name>Edmondsham Road</name>
      </trkpt>
      <trkpt lat="50.8869570" lon="-1.8841932">
        <name>Edmondsham Road</name>
      </trkpt>
      <trkpt lat="50.8868990" lon="-1.8842823">
        <name>Edmondsham Road</name>
      </trkpt>
      <trkpt lat="50.8868410" lon="-1.8843715">
        <name>Edmondsham Road</name>
      </trkpt>
      <trkpt lat="50.8867830" lon="-1.8844607">
        <name>Edmondsham Road</name>
      </trkpt>
      <trkpt lat="50.8867250" lon="-1.8845498">
        <name>Edmondsham Road</name>
      </trkpt>
      <trkpt lat="50.8866670" lon="-1.8846390">
        <name>Edmondsham Road</name>
      </trkpt>
      <trkpt lat="50.8866060" lon="-1.8847310">
        <name>Edmondsham Road</name>
      </trkpt>
      <trkpt lat="50.8865450" lon="-1.8848230">
        <name>Edmondsham Road</name>
      </trkpt>
      <trkpt lat="50.8864873" lon="-1.8848533">
        <name>Edmondsham Road</name>
      </trkpt>
      <trkpt lat="50.8864297" lon="-1.8848837">
        <name>Edmondsham Road</name>
      </trkpt>
      <trkpt lat="50.8863720" lon="-1.8849140">
        <name>Edmondsham Road</name>
      </trkpt>
      <trkpt lat="50.8863166" lon="-1.8849972">
        <name>Edmondsham Road</name>
      </trkpt>
      <trkpt lat="50.8862612" lon="-1.8850804">
        <name>Edmondsham Road</name>
      </trkpt>
      <trkpt lat="50.8862058" lon="-1.8851636">
        <name>Edmondsham Road</name>
      </trkpt>
      <trkpt lat="50.8861504" lon="-1.8852468">
        <name>Edmondsham Road</name>
      </trkpt>
      <trkpt lat="50.8860950" lon="-1.8853300">
        <name>Edmondsham Road</name>
      </trkpt>
      <trkpt lat="50.8860280" lon="-1.8853380">
        <name>Edmondsham Road</name>
      </trkpt>
      <trkpt lat="50.8859610" lon="-1.8853460">
        <name>Edmondsham Road</name>
      </trkpt>
      <trkpt lat="50.8859305" lon="-1.8852920">
        <name>Edmondsham Road</name>
      </trkpt>
      <trkpt lat="50.8859000" lon="-1.8852380">
        <name>Edmondsham Road</name>
      </trkpt>
      <trkpt lat="50.8858455" lon="-1.8851395">
        <name>Edmondsham Road</name>
      </trkpt>
      <trkpt lat="50.8857910" lon="-1.8850410">
        <name>Edmondsham Road</name>
      </trkpt>
      <trkpt lat="50.8857320" lon="-1.8849350">
        <name>Edmondsham Road</name>
      </trkpt>
      <trkpt lat="50.8856730" lon="-1.8848290">
        <name>Edmondsham Road</name>
      </trkpt>
      <trkpt lat="50.8856140" lon="-1.8847230">
        <name>Edmondsham Road</name>
      </trkpt>
      <trkpt lat="50.8855550" lon="-1.8846170">
        <name>Edmondsham Road</name>
      </trkpt>
      <trkpt lat="50.8856173" lon="-1.8845190">
        <name>Edmondsham Road</name>
      </trkpt>
      <trkpt lat="50.8856797" lon="-1.8844210">
        <name>Edmondsham Road</name>
      </trkpt>
      <trkpt lat="50.8857420" lon="-1.8843230">
        <name>Edmondsham Road</name>
      </trkpt>
      <trkpt lat="50.8858043" lon="-1.8842250">
        <name>Edmondsham Road</name>
      </trkpt>
      <trkpt lat="50.8858667" lon="-1.8841270">
        <name>Edmondsham Road</name>
      </trkpt>
      <trkpt lat="50.8859290" lon="-1.8840290">
        <name>Edmondsham Road</name>
      </trkpt>
      <trkpt lat="50.8860135" lon="-1.8840195">
        <name>Edmondsham Road</name>
      </trkpt>
      <trkpt lat="50.8860980" lon="-1.8840100">
        <name>Edmondsham Road</name>
      </trkpt>
      <trkpt lat="50.8861563" lon="-1.8839115">
        <name>Edmondsham Road</name>
      </trkpt>
      <trkpt lat="50.8862147" lon="-1.8838130">
        <name>Edmondsham Road</name>
      </trkpt>
      <trkpt lat="50.8862730" lon="-1.8837145">
        <name>Edmondsham Road</name>
      </trkpt>
      <trkpt lat="50.8863313" lon="-1.8836160">
        <name>Edmondsham Road</name>
      </trkpt>
      <trkpt lat="50.8863897" lon="-1.8835175">
        <name>Edmondsham Road</name>
      </trkpt>
      <trkpt lat="50.8864480" lon="-1.8834190">
        <name>Edmondsham Road</name>
      </trkpt>
      <trkpt lat="50.8864680" lon="-1.8834370">
        <name>Edmondsham Road</name>
      </trkpt>
      <trkpt lat="50.8865430" lon="-1.8835040">
        <name>Edmondsham Road</name>
      </trkpt>
      <trkpt lat="50.8866104" lon="-1.8835897">
        <name>Edmondsham Road</name>
      </trkpt>
      <trkpt lat="50.8866779" lon="-1.8836754">
        <name>Edmondsham Road</name>
      </trkpt>
      <trkpt lat="50.8867453" lon="-1.8837611">
        <name>Edmondsham Road</name>
      </trkpt>
      <trkpt lat="50.8868127" lon="-1.8838469">
        <name>Edmondsham Road</name>
      </trkpt>
      <trkpt lat="50.8868801" lon="-1.8839326">
        <name>Edmondsham Road</name>
      </trkpt>
      <trkpt lat="50.8869476" lon="-1.8840183">
        <name>Edmondsham Road</name>
      </trkpt>
      <trkpt lat="50.8870150" lon="-1.8841040">
        <name>Edmondsham Road</name>
      </trkpt>
      <trkpt lat="50.8870627" lon="-1.8839857">
        <name>Edmondsham Road</name>
      </trkpt>
      <trkpt lat="50.8871104" lon="-1.8838674">
        <name>Edmondsham Road</name>
      </trkpt>
      <trkpt lat="50.8871581" lon="-1.8837491">
        <name>Edmondsham Road</name>
      </trkpt>
      <trkpt lat="50.8872059" lon="-1.8836309">
        <name>Edmondsham Road</name>
      </trkpt>
      <trkpt lat="50.8872536" lon="-1.8835126">
        <name>Edmondsham Road</name>
      </trkpt>
      <trkpt lat="50.8873013" lon="-1.8833943">
        <name>Edmondsham Road</name>
      </trkpt>
      <trkpt lat="50.8873490" lon="-1.8832760">
        <name>Edmondsham Road</name>
      </trkpt>
      <trkpt lat="50.8872798" lon="-1.8831990">
        <name>Edmondsham Road</name>
      </trkpt>
      <trkpt lat="50.8872107" lon="-1.8831220">
        <name>Edmondsham Road</name>
      </trkpt>
      <trkpt lat="50.8871415" lon="-1.8830450">
        <name>Edmondsham Road</name>
      </trkpt>
      <trkpt lat="50.8870723" lon="-1.8829680">
        <name>Edmondsham Road</name>
      </trkpt>
      <trkpt lat="50.8870032" lon="-1.8828910">
        <name>Edmondsham Road</name>
      </trkpt>
      <trkpt lat="50.8869340" lon="-1.8828140">
        <name>Edmondsham Road</name>
      </trkpt>
      <trkpt lat="50.8868843" lon="-1.8827533">
        <name>Edmondsham Road</name>
      </trkpt>
      <trkpt lat="50.8868347" lon="-1.8826927">
        <name>Edmondsham Road</name>
      </trkpt>
      <trkpt lat="50.8867850" lon="-1.8826320">
        <name>Edmondsham Road</name>
      </trkpt>
      <trkpt lat="50.8867318" lon="-1.8825462">
        <name>Heathpoult Road</name>
      </trkpt>
      <trkpt lat="50.8866786" lon="-1.8824604">
        <name>Heathpoult Road</name>
      </trkpt>
      <trkpt lat="50.8866254" lon="-1.8823746">
        <name>Heathpoult Road</name>
      </trkpt>
      <trkpt lat="50.8865722" lon="-1.8822888">
        <name>Heathpoult Road</name>
      </trkpt>
      <trkpt lat="50.8865190" lon="-1.8822030">
        <name>Heathpoult Road</name>
      </trkpt>
      <trkpt lat="50.8864690" lon="-1.8821050">
        <name>Heathpoult Road</name>
      </trkpt>
      <trkpt lat="50.8864277" lon="-1.8820193">
        <name>Heathpoult Road</name>
      </trkpt>
      <trkpt lat="50.8863863" lon="-1.8819337">
        <name>Heathpoult Road</name>
      </trkpt>
      <trkpt lat="50.8863450" lon="-1.8818480">
        <name>Heathpoult Road</name>
      </trkpt>
      <trkpt lat="50.8862965" lon="-1.8817730">
        <name>Heathpoult Road</name>
      </trkpt>
      <trkpt lat="50.8862480" lon="-1.8816980">
        <name>Heathpoult Road</name>
      </trkpt>
      <trkpt lat="50.8861995" lon="-1.8816230">
        <name>Heathpoult Road</name>
      </trkpt>
      <trkpt lat="50.8861510" lon="-1.8815480">
        <name>Heathpoult Road</name>
      </trkpt>
      <trkpt lat="50.8861110" lon="-1.8814850">
        <name>Heathpoult Road</name>
      </trkpt>
      <trkpt lat="50.8861595" lon="-1.8814150">
        <name>Heathpoult Road</name>
      </trkpt>
      <trkpt lat="50.8862080" lon="-1.8813450">
        <name>Heathpoult Road</name>
      </trkpt>
      <trkpt lat="50.8862290" lon="-1.8813150">
        <name>Heathpoult Road</name>
      </trkpt>
      <trkpt lat="50.8862710" lon="-1.8812550">
        <name>Heathpoult Road</name>
      </trkpt>
      <trkpt lat="50.8863303" lon="-1.8811703">
        <name>Heathpoult Road</name>
      </trkpt>
      <trkpt lat="50.8863897" lon="-1.8810857">
        <name>Heathpoult Road</name>
      </trkpt>
      <trkpt lat="50.8864490" lon="-1.8810010">
        <name>Heathpoult Road</name>
      </trkpt>
      <trkpt lat="50.8864890" lon="-1.8809505">
        <name>Heathpoult Road</name>
      </trkpt>
      <trkpt lat="50.8865290" lon="-1.8809000">
        <name>Heathpoult Road</name>
      </trkpt>
      <trkpt lat="50.8864965" lon="-1.8808340">
      </trkpt>
      <trkpt lat="50.8864640" lon="-1.8807680">
      </trkpt>
      <trkpt lat="50.8864103" lon="-1.8806827">
      </trkpt>
      <trkpt lat="50.8863567" lon="-1.8805973">
      </trkpt>
      <trkpt lat="50.8863030" lon="-1.8805120">
      </trkpt>
      <trkpt lat="50.8862770" lon="-1.8804430">
      </trkpt>
      <trkpt lat="50.8862810" lon="-1.8803710">
      </trkpt>
      <trkpt lat="50.8863030" lon="-1.8803230">
      </trkpt>
      <trkpt lat="50.8863540" lon="-1.8802595">
      </trkpt>
      <trkpt lat="50.8864050" lon="-1.8801960">
      </trkpt>
      <trkpt lat="50.8864570" lon="-1.8801330">
        <name>Gamekeeper Way</name>
      </trkpt>
      <trkpt lat="50.8865140" lon="-1.8800637">
        <name>Gamekeeper Way</name>
      </trkpt>
      <trkpt lat="50.8865710" lon="-1.8799943">
        <name>Gamekeeper Way</name>
      </trkpt>
      <trkpt lat="50.8866280" lon="-1.8799250">
        <name>Gamekeeper Way</name>
      </trkpt>
      <trkpt lat="50.8866700" lon="-1.8798820">
        <name>Gamekeeper Way</name>
      </trkpt>
      <trkpt lat="50.8867120" lon="-1.8798390">
        <name>Gamekeeper Way</name>
      </trkpt>
      <trkpt lat="50.8867700" lon="-1.8798170">
        <name>Gamekeeper Way</name>
      </trkpt>
      <trkpt lat="50.8868200" lon="-1.8798220">
        <name>Gamekeeper Way</name>
      </trkpt>
      <trkpt lat="50.8868710" lon="-1.8798630">
        <name>Gamekeeper Way</name>
      </trkpt>
      <trkpt lat="50.8869305" lon="-1.8799565">
        <name>Gamekeeper Way</name>
      </trkpt>
      <trkpt lat="50.8869900" lon="-1.8800500">
        <name>Gamekeeper Way</name>
      </trkpt>
      <trkpt lat="50.8870370" lon="-1.8801505">
        <name>Heathpoult Road</name>
      </trkpt>
      <trkpt lat="50.8870840" lon="-1.8802510">
        <name>Heathpoult Road</name>
      </trkpt>
      <trkpt lat="50.8871105" lon="-1.8803490">
        <name>Heathpoult Road</name>
      </trkpt>
      <trkpt lat="50.8871370" lon="-1.8804470">
        <name>Heathpoult Road</name>
      </trkpt>
      <trkpt lat="50.8871340" lon="-1.8805310">
        <name>Edmondsham Road</name>
      </trkpt>
      <trkpt lat="50.8871230" lon="-1.8805700">
        <name>Edmondsham Road</name>
      </trkpt>
      <trkpt lat="50.8870980" lon="-1.8806080">
        <name>Edmondsham Road</name>
      </trkpt>
      <trkpt lat="50.8870340" lon="-1.8806270">
        <name>Edmondsham Road</name>
      </trkpt>
      <trkpt lat="50.8869900" lon="-1.8806290">
        <name>Edmondsham Road</name>
      </trkpt>
      <trkpt lat="50.8869380" lon="-1.8806530">
        <name>Edmondsham Road</name>
      </trkpt>
      <trkpt lat="50.8868860" lon="-1.8806770">
        <name>Edmondsham Road</name>
      </trkpt>
      <trkpt lat="50.8868280" lon="-1.8807035">
        <name>Edmondsham Road</name>
      </trkpt>
      <trkpt lat="50.8867700" lon="-1.8807300">
        <name>Edmondsham Road</name>
      </trkpt>
      <trkpt lat="50.8867380" lon="-1.8807520">
        <name>Edmondsham Road</name>
      </trkpt>
      <trkpt lat="50.8866683" lon="-1.8808013">
        <name>Westworth Way</name>
      </trkpt>
      <trkpt lat="50.8865987" lon="-1.8808507">
        <name>Westworth Way</name>
      </trkpt>
      <trkpt lat="50.8865290" lon="-1.8809000">
        <name>Westworth Way</name>
      </trkpt>
      <trkpt lat="50.8864890" lon="-1.8809505">
        <name>Westworth Way</name>
      </trkpt>
      <trkpt lat="50.8864490" lon="-1.8810010">
        <name>Westworth Way</name>
      </trkpt>
      <trkpt lat="50.8863897" lon="-1.8810857">
        <name>Westworth Way</name>
      </trkpt>
      <trkpt lat="50.8863303" lon="-1.8811703">
        <name>Westworth Way</name>
      </trkpt>
      <trkpt lat="50.8862710" lon="-1.8812550">
        <name>Westworth Way</name>
      </trkpt>
      <trkpt lat="50.8862290" lon="-1.8813150">
        <name>Westworth Way</name>
      </trkpt>
      <trkpt lat="50.8861700" lon="-1.8814000">
        <name>Westworth Way</name>
      </trkpt>
      <trkpt lat="50.8861110" lon="-1.8814850">
        <name>Westworth Way</name>
      </trkpt>
      <trkpt lat="50.8860755" lon="-1.8814305">
        <name>Westworth Way</name>
      </trkpt>
      <trkpt lat="50.8860400" lon="-1.8813760">
        <name>Westworth Way</name>
      </trkpt>
      <trkpt lat="50.8859860" lon="-1.8813223">
        <name>Westworth Way</name>
      </trkpt>
      <trkpt lat="50.8859320" lon="-1.8812687">
        <name>Westworth Way</name>
      </trkpt>
      <trkpt lat="50.8858780" lon="-1.8812150">
        <name>Westworth Way</name>
      </trkpt>
      <trkpt lat="50.8858055" lon="-1.8811815">
        <name>Westworth Way</name>
      </trkpt>
      <trkpt lat="50.8857330" lon="-1.8811480">
        <name>Westworth Way</name>
      </trkpt>
      <trkpt lat="50.8856590" lon="-1.8811080">
        <name>Westworth Way</name>
      </trkpt>
      <trkpt lat="50.8856630" lon="-1.8810390">
        <name>Westworth Way</name>
      </trkpt>
      <trkpt lat="50.8856520" lon="-1.8809720">
        <name>Westworth Way</name>
      </trkpt>
      <trkpt lat="50.8856400" lon="-1.8809390">
        <name>Westworth Way</name>
      </trkpt>
      <trkpt lat="50.8856090" lon="-1.8808910">
        <name>Westworth Way</name>
      </trkpt>
      <trkpt lat="50.8855660" lon="-1.8808590">
        <name>Westworth Way</name>
      </trkpt>
      <trkpt lat="50.8855140" lon="-1.8808600">
        <name>Westworth Way</name>
      </trkpt>
      <trkpt lat="50.8854750" lon="-1.8808830">
        <name>Westworth Way</name>
      </trkpt>
      <trkpt lat="50.8854510" lon="-1.8809110">
        <name>Westworth Way</name>
      </trkpt>
      <trkpt lat="50.8854200" lon="-1.8809920">
        <name>Westworth Way</name>
      </trkpt>
      <trkpt lat="50.8854130" lon="-1.8810600">
        <name>Westworth Way</name>
      </trkpt>
      <trkpt lat="50.8854230" lon="-1.8811260">
        <name>Westworth Way</name>
      </trkpt>
      <trkpt lat="50.8854490" lon="-1.8811840">
        <name>Westworth Way</name>
      </trkpt>
      <trkpt lat="50.8854740" lon="-1.8812200">
        <name>Westworth Way</name>
      </trkpt>
      <trkpt lat="50.8854430" lon="-1.8813040">
        <name>Westworth Way</name>
      </trkpt>
      <trkpt lat="50.8854220" lon="-1.8813620">
        <name>Westworth Way</name>
      </trkpt>
      <trkpt lat="50.8853880" lon="-1.8814730">
        <name>Westworth Way</name>
      </trkpt>
      <trkpt lat="50.8853515" lon="-1.8815435">
        <name>Westworth Way</name>
      </trkpt>
      <trkpt lat="50.8853150" lon="-1.8816140">
        <name>Westworth Way</name>
      </trkpt>
      <trkpt lat="50.8852735" lon="-1.8816525">
        <name>Westworth Way</name>
      </trkpt>
      <trkpt lat="50.8852320" lon="-1.8816910">
        <name>Westworth Way</name>
      </trkpt>
      <trkpt lat="50.8851519" lon="-1.8817294">
        <name>Westworth Way</name>
      </trkpt>
      <trkpt lat="50.8850718" lon="-1.8817678">
        <name>Westworth Way</name>
      </trkpt>
      <trkpt lat="50.8849918" lon="-1.8818062">
        <name>Westworth Way</name>
      </trkpt>
      <trkpt lat="50.8849117" lon="-1.8818445">
        <name>Westworth Way</name>
      </trkpt>
      <trkpt lat="50.8848316" lon="-1.8818829">
        <name>Westworth Way</name>
      </trkpt>
      <trkpt lat="50.8847515" lon="-1.8819213">
        <name>Westworth Way</name>
      </trkpt>
      <trkpt lat="50.8846715" lon="-1.8819597">
        <name>Westworth Way</name>
      </trkpt>
      <trkpt lat="50.8845914" lon="-1.8819981">
        <name>Westworth Way</name>
      </trkpt>
      <trkpt lat="50.8845113" lon="-1.8820365">
        <name>Westworth Way</name>
      </trkpt>
      <trkpt lat="50.8844312" lon="-1.8820748">
        <name>Westworth Way</name>
      </trkpt>
      <trkpt lat="50.8843512" lon="-1.8821132">
        <name>Westworth Way</name>
      </trkpt>
      <trkpt lat="50.8842711" lon="-1.8821516">
        <name>Westworth Way</name>
      </trkpt>
      <trkpt lat="50.8841910" lon="-1.8821900">
        <name>Westworth Way</name>
      </trkpt>
      <trkpt lat="50.8841085" lon="-1.8822258">
        <name>Westworth Way</name>
      </trkpt>
      <trkpt lat="50.8840261" lon="-1.8822616">
        <name>Westworth Way</name>
      </trkpt>
      <trkpt lat="50.8839436" lon="-1.8822975">
        <name>Westworth Way</name>
      </trkpt>
      <trkpt lat="50.8838612" lon="-1.8823333">
        <name>Westworth Way</name>
      </trkpt>
      <trkpt lat="50.8837787" lon="-1.8823691">
        <name>Westworth Way</name>
      </trkpt>
      <trkpt lat="50.8836963" lon="-1.8824049">
        <name>Westworth Way</name>
      </trkpt>
      <trkpt lat="50.8836138" lon="-1.8824407">
        <name>Westworth Way</name>
      </trkpt>
      <trkpt lat="50.8835314" lon="-1.8824765">
        <name>Westworth Way</name>
      </trkpt>
      <trkpt lat="50.8834489" lon="-1.8825124">
        <name>Westworth Way</name>
      </trkpt>
      <trkpt lat="50.8833665" lon="-1.8825482">
        <name>Westworth Way</name>
      </trkpt>
      <trkpt lat="50.8832840" lon="-1.8825840">
        <name>Westworth Way</name>
      </trkpt>
      <trkpt lat="50.8831977" lon="-1.8826215">
        <name>Westworth Way</name>
      </trkpt>
      <trkpt lat="50.8831113" lon="-1.8826590">
        <name>Westworth Way</name>
      </trkpt>
      <trkpt lat="50.8830250" lon="-1.8826965">
        <name>Westworth Way</name>
      </trkpt>
      <trkpt lat="50.8829387" lon="-1.8827340">
        <name>Westworth Way</name>
      </trkpt>
      <trkpt lat="50.8828523" lon="-1.8827715">
        <name>Westworth Way</name>
      </trkpt>
      <trkpt lat="50.8827660" lon="-1.8828090">
        <name>Westworth Way</name>
      </trkpt>
      <trkpt lat="50.8827210" lon="-1.8828240">
        <name>Westworth Way</name>
      </trkpt>
      <trkpt lat="50.8826760" lon="-1.8828390">
        <name>Westworth Way</name>
      </trkpt>
      <trkpt lat="50.8826690" lon="-1.8827820">
        <name>Westworth Way</name>
      </trkpt>
      <trkpt lat="50.8826500" lon="-1.8827310">
        <name>Westworth Way</name>
      </trkpt>
      <trkpt lat="50.8826230" lon="-1.8826920">
        <name>Westworth Way</name>
      </trkpt>
      <trkpt lat="50.8825900" lon="-1.8826670">
        <name>Westworth Way</name>
      </trkpt>
      <trkpt lat="50.8825540" lon="-1.8826590">
        <name>Westworth Way</name>
      </trkpt>
      <trkpt lat="50.8825170" lon="-1.8826700">
        <name>Westworth Way</name>
      </trkpt>
      <trkpt lat="50.8824970" lon="-1.8826850">
        <name>Westworth Way</name>
      </trkpt>
      <trkpt lat="50.8824790" lon="-1.8827050">
        <name>Westworth Way</name>
      </trkpt>
      <trkpt lat="50.8824640" lon="-1.8827290">
        <name>Westworth Way</name>
      </trkpt>
      <trkpt lat="50.8824520" lon="-1.8827560">
        <name>Westworth Way</name>
      </trkpt>
      <trkpt lat="50.8824420" lon="-1.8827940">
        <name>Edmondsham Road</name>
      </trkpt>
      <trkpt lat="50.8824370" lon="-1.8828340">
        <name>Edmondsham Road</name>
      </trkpt>
      <trkpt lat="50.8824370" lon="-1.8828670">
        <name>Edmondsham Road</name>
      </trkpt>
      <trkpt lat="50.8824410" lon="-1.8829000">
        <name>Edmondsham Road</name>
      </trkpt>
      <trkpt lat="50.8823580" lon="-1.8829168">
        <name>Edmondsham Road</name>
      </trkpt>
      <trkpt lat="50.8822750" lon="-1.8829335">
        <name>Edmondsham Road</name>
      </trkpt>
      <trkpt lat="50.8821920" lon="-1.8829502">
        <name>Edmondsham Road</name>
      </trkpt>
      <trkpt lat="50.8821090" lon="-1.8829670">
        <name>Edmondsham Road</name>
      </trkpt>
      <trkpt lat="50.8820465" lon="-1.8829765">
        <name>Edmondsham Road</name>
      </trkpt>
      <trkpt lat="50.8819840" lon="-1.8829860">
        <name>Edmondsham Road</name>
      </trkpt>
      <trkpt lat="50.8819160" lon="-1.8829940">
      </trkpt>
      <trkpt lat="50.8818690" lon="-1.8829990">
      </trkpt>
      <trkpt lat="50.8818220" lon="-1.8830040">
      </trkpt>
      <trkpt lat="50.8817370" lon="-1.8830055">
      </trkpt>
      <trkpt lat="50.8816520" lon="-1.8830070">
      </trkpt>
      <trkpt lat="50.8815763" lon="-1.8830030">
      </trkpt>
      <trkpt lat="50.8815007" lon="-1.8829990">
      </trkpt>
      <trkpt lat="50.8814250" lon="-1.8829950">
      </trkpt>
      <trkpt lat="50.8813463" lon="-1.8829677">
      </trkpt>
      <trkpt lat="50.8812677" lon="-1.8829403">
      </trkpt>
      <trkpt lat="50.8811890" lon="-1.8829130">
      </trkpt>
      <trkpt lat="50.8811133" lon="-1.8828650">
      </trkpt>
      <trkpt lat="50.8810377" lon="-1.8828170">
      </trkpt>
      <trkpt lat="50.8809620" lon="-1.8827690">
      </trkpt>
      <trkpt lat="50.8809010" lon="-1.8827180">
      </trkpt>
      <trkpt lat="50.8808400" lon="-1.8826670">
      </trkpt>
      <trkpt lat="50.8807760" lon="-1.8826030">
      </trkpt>
      <trkpt lat="50.8807120" lon="-1.8825390">
      </trkpt>
      <trkpt lat="50.8806553" lon="-1.8824693">
      </trkpt>
      <trkpt lat="50.8805987" lon="-1.8823997">
      </trkpt>
      <trkpt lat="50.8805420" lon="-1.8823300">
      </trkpt>
      <trkpt lat="50.8804930" lon="-1.8822620">
      </trkpt>
      <trkpt lat="50.8804440" lon="-1.8821940">
      </trkpt>
      <trkpt lat="50.8803980" lon="-1.8821230">
      </trkpt>
      <trkpt lat="50.8803520" lon="-1.8820520">
      </trkpt>
      <trkpt lat="50.8803000" lon="-1.8819650">
      </trkpt>
      <trkpt lat="50.8802480" lon="-1.8818780">
      </trkpt>
      <trkpt lat="50.8801940" lon="-1.8817745">
      </trkpt>
      <trkpt lat="50.8801400" lon="-1.8816710">
      </trkpt>
      <trkpt lat="50.8800973" lon="-1.8815727">
      </trkpt>
      <trkpt lat="50.8800547" lon="-1.8814743">
      </trkpt>
      <trkpt lat="50.8800120" lon="-1.8813760">
      </trkpt>
      <trkpt lat="50.8799850" lon="-1.8812420">
      </trkpt>
      <trkpt lat="50.8799580" lon="-1.8811080">
      </trkpt>
      <trkpt lat="50.8799310" lon="-1.8809740">
      </trkpt>
      <trkpt lat="50.8799040" lon="-1.8808400">
      </trkpt>
      <trkpt lat="50.8798893" lon="-1.8807443">
      </trkpt>
      <trkpt lat="50.8798747" lon="-1.8806487">
      </trkpt>
      <trkpt lat="50.8798600" lon="-1.8805530">
      </trkpt>
      <trkpt lat="50.8798810" lon="-1.8805030">
        <name>Champtoceaux Avenue</name>
      </trkpt>
      <trkpt lat="50.8798910" lon="-1.8804440">
        <name>Champtoceaux Avenue</name>
      </trkpt>
      <trkpt lat="50.8798870" lon="-1.8803840">
        <name>Champtoceaux Avenue</name>
      </trkpt>
      <trkpt lat="50.8798680" lon="-1.8803220">
        <name>Champtoceaux Avenue</name>
      </trkpt>
      <trkpt lat="50.8798350" lon="-1.8802760">
        <name>Champtoceaux Avenue</name>
      </trkpt>
      <trkpt lat="50.8797940" lon="-1.8802540">
        <name>Champtoceaux Avenue</name>
      </trkpt>
      <trkpt lat="50.8797570" lon="-1.8802550">
        <name>Champtoceaux Avenue</name>
      </trkpt>
      <trkpt lat="50.8797220" lon="-1.8802760">
        <name>Champtoceaux Avenue</name>
      </trkpt>
      <trkpt lat="50.8796930" lon="-1.8803150">
        <name>Champtoceaux Avenue</name>
      </trkpt>
      <trkpt lat="50.8796560" lon="-1.8802810">
        <name>Champtoceaux Avenue</name>
      </trkpt>
      <trkpt lat="50.8796230" lon="-1.8802510">
        <name>Home Farm Road</name>
      </trkpt>
      <trkpt lat="50.8795940" lon="-1.8802240">
        <name>Home Farm Road</name>
      </trkpt>
      <trkpt lat="50.8795215" lon="-1.8801710">
        <name>Home Farm Road</name>
      </trkpt>
      <trkpt lat="50.8794490" lon="-1.8801180">
        <name>Home Farm Road</name>
      </trkpt>
      <trkpt lat="50.8793903" lon="-1.8800857">
        <name>Home Farm Road</name>
      </trkpt>
      <trkpt lat="50.8793317" lon="-1.8800533">
        <name>Home Farm Road</name>
      </trkpt>
      <trkpt lat="50.8792730" lon="-1.8800210">
        <name>Home Farm Road</name>
      </trkpt>
      <trkpt lat="50.8792020" lon="-1.8799808">
        <name>Home Farm Road</name>
      </trkpt>
      <trkpt lat="50.8791310" lon="-1.8799405">
        <name>Home Farm Road</name>
      </trkpt>
      <trkpt lat="50.8790600" lon="-1.8799002">
        <name>Home Farm Road</name>
      </trkpt>
      <trkpt lat="50.8789890" lon="-1.8798600">
        <name>Home Farm Road</name>
      </trkpt>
      <trkpt lat="50.8789230" lon="-1.8798245">
        <name>Home Farm Road</name>
      </trkpt>
      <trkpt lat="50.8788570" lon="-1.8797890">
        <name>Home Farm Road</name>
      </trkpt>
      <trkpt lat="50.8787910" lon="-1.8797535">
        <name>Home Farm Road</name>
      </trkpt>
      <trkpt lat="50.8787250" lon="-1.8797180">
        <name>Home Farm Road</name>
      </trkpt>
      <trkpt lat="50.8786480" lon="-1.8796770">
        <name>Home Farm Road</name>
      </trkpt>
      <trkpt lat="50.8785710" lon="-1.8796360">
        <name>Home Farm Road</name>
      </trkpt>
      <trkpt lat="50.8784940" lon="-1.8795950">
        <name>Home Farm Road</name>
      </trkpt>
      <trkpt lat="50.8784165" lon="-1.8795505">
        <name>Home Farm Road</name>
      </trkpt>
      <trkpt lat="50.8783390" lon="-1.8795060">
        <name>Home Farm Road</name>
      </trkpt>
      <trkpt lat="50.8782783" lon="-1.8794780">
        <name>Home Farm Road</name>
      </trkpt>
      <trkpt lat="50.8782177" lon="-1.8794500">
        <name>Home Farm Road</name>
      </trkpt>
      <trkpt lat="50.8781570" lon="-1.8794220">
        <name>Home Farm Road</name>
      </trkpt>
      <trkpt lat="50.8780790" lon="-1.8793860">
        <name>Home Farm Road</name>
      </trkpt>
      <trkpt lat="50.8780010" lon="-1.8793500">
        <name>Home Farm Road</name>
      </trkpt>
      <trkpt lat="50.8779405" lon="-1.8793460">
        <name>Home Farm Road</name>
      </trkpt>
      <trkpt lat="50.8778800" lon="-1.8793420">
        <name>Home Farm Road</name>
      </trkpt>
      <trkpt lat="50.8778010" lon="-1.8793570">
        <name>Home Farm Road</name>
      </trkpt>
      <trkpt lat="50.8777220" lon="-1.8793720">
        <name>Home Farm Road</name>
      </trkpt>
      <trkpt lat="50.8776403" lon="-1.8793997">
        <name>Home Farm Road</name>
      </trkpt>
      <trkpt lat="50.8775587" lon="-1.8794273">
        <name>Home Farm Road</name>
      </trkpt>
      <trkpt lat="50.8774770" lon="-1.8794550">
        <name>Home Farm Road</name>
      </trkpt>
      <trkpt lat="50.8774650" lon="-1.8794590">
        <name>Home Farm Road</name>
      </trkpt>
      <trkpt lat="50.8773892" lon="-1.8794814">
        <name>Home Farm Road</name>
      </trkpt>
      <trkpt lat="50.8773134" lon="-1.8795038">
        <name>Home Farm Road</name>
      </trkpt>
      <trkpt lat="50.8772376" lon="-1.8795262">
        <name>Home Farm Road</name>
      </trkpt>
      <trkpt lat="50.8771618" lon="-1.8795486">
        <name>Home Farm Road</name>
      </trkpt>
      <trkpt lat="50.8770860" lon="-1.8795710">
        <name>Home Farm Road</name>
      </trkpt>
      <trkpt lat="50.8770760" lon="-1.8795750">
        <name>Home Farm Road</name>
      </trkpt>
      <trkpt lat="50.8770065" lon="-1.8796045">
        <name>Home Farm Road</name>
      </trkpt>
      <trkpt lat="50.8769370" lon="-1.8796340">
        <name>Home Farm Road</name>
      </trkpt>
      <trkpt lat="50.8768675" lon="-1.8796635">
        <name>Home Farm Road</name>
      </trkpt>
      <trkpt lat="50.8767980" lon="-1.8796930">
        <name>Home Farm Road</name>
      </trkpt>
      <trkpt lat="50.8767383" lon="-1.8797087">
        <name>Home Farm Road</name>
      </trkpt>
      <trkpt lat="50.8766787" lon="-1.8797243">
        <name>Home Farm Road</name>
      </trkpt>
      <trkpt lat="50.8766190" lon="-1.8797400">
        <name>Home Farm Road</name>
      </trkpt>
      <trkpt lat="50.8765430" lon="-1.8797510">
        <name>Home Farm Road</name>
      </trkpt>
      <trkpt lat="50.8764955" lon="-1.8797525">
        <name>Home Farm Road</name>
      </trkpt>
      <trkpt lat="50.8764480" lon="-1.8797540">
        <name>Home Farm Road</name>
      </trkpt>
      <trkpt lat="50.8763780" lon="-1.8797430">
        <name>Home Farm Road</name>
      </trkpt>
      <trkpt lat="50.8763080" lon="-1.8797320">
        <name>Home Farm Road</name>
      </trkpt>
      <trkpt lat="50.8762700" lon="-1.8797230">
        <name>Home Farm Road</name>
      </trkpt>
      <trkpt lat="50.8762010" lon="-1.8796930">
        <name>Home Farm Road</name>
      </trkpt>
      <trkpt lat="50.8761460" lon="-1.8796670">
        <name>Home Farm Road</name>
      </trkpt>
      <trkpt lat="50.8760935" lon="-1.8796320">
        <name>Home Farm Road</name>
      </trkpt>
      <trkpt lat="50.8760410" lon="-1.8795970">
        <name>Home Farm Road</name>
      </trkpt>
      <trkpt lat="50.8759900" lon="-1.8795455">
        <name>Home Farm Road</name>
      </trkpt>
      <trkpt lat="50.8759390" lon="-1.8794940">
        <name>Home Farm Road</name>
      </trkpt>
      <trkpt lat="50.8758860" lon="-1.8794373">
        <name>Home Farm Road</name>
      </trkpt>
      <trkpt lat="50.8758330" lon="-1.8793807">
        <name>Home Farm Road</name>
      </trkpt>
      <trkpt lat="50.8757800" lon="-1.8793240">
        <name>Home Farm Road</name>
      </trkpt>
      <trkpt lat="50.8757267" lon="-1.8792550">
        <name>Home Farm Road</name>
      </trkpt>
      <trkpt lat="50.8756733" lon="-1.8791860">
        <name>Home Farm Road</name>
      </trkpt>
      <trkpt lat="50.8756200" lon="-1.8791170">
        <name>Home Farm Road</name>
      </trkpt>
      <trkpt lat="50.8755630" lon="-1.8790220">
        <name>Home Farm Road</name>
      </trkpt>
      <trkpt lat="50.8755137" lon="-1.8789392">
        <name>Home Farm Road</name>
      </trkpt>
      <trkpt lat="50.8754645" lon="-1.8788565">
        <name>Home Farm Road</name>
      </trkpt>
      <trkpt lat="50.8754153" lon="-1.8787738">
        <name>Home Farm Road</name>
      </trkpt>
      <trkpt lat="50.8753660" lon="-1.8786910">
        <name>Home Farm Road</name>
      </trkpt>
      <trkpt lat="50.8753178" lon="-1.8785940">
        <name>Home Farm Road</name>
      </trkpt>
      <trkpt lat="50.8752696" lon="-1.8784970">
        <name>Home Farm Road</name>
      </trkpt>
      <trkpt lat="50.8752214" lon="-1.8784000">
        <name>Home Farm Road</name>
      </trkpt>
      <trkpt lat="50.8751732" lon="-1.8783030">
        <name>Home Farm Road</name>
      </trkpt>
      <trkpt lat="50.8751250" lon="-1.8782060">
        <name>Home Farm Road</name>
      </trkpt>
      <trkpt lat="50.8750727" lon="-1.8780908">
        <name>Home Farm Road</name>
      </trkpt>
      <trkpt lat="50.8750203" lon="-1.8779757">
        <name>Home Farm Road</name>
      </trkpt>
      <trkpt lat="50.8749680" lon="-1.8778605">
        <name>Home Farm Road</name>
      </trkpt>
      <trkpt lat="50.8749157" lon="-1.8777453">
        <name>Home Farm Road</name>
      </trkpt>
      <trkpt lat="50.8748633" lon="-1.8776302">
        <name>Home Farm Road</name>
      </trkpt>
      <trkpt lat="50.8748110" lon="-1.8775150">
        <name>Home Farm Road</name>
      </trkpt>
      <trkpt lat="50.8747587" lon="-1.8773998">
        <name>Home Farm Road</name>
      </trkpt>
      <trkpt lat="50.8747063" lon="-1.8772847">
        <name>Home Farm Road</name>
      </trkpt>
      <trkpt lat="50.8746540" lon="-1.8771695">
        <name>Home Farm Road</name>
      </trkpt>
      <trkpt lat="50.8746017" lon="-1.8770543">
        <name>Home Farm Road</name>
      </trkpt>
      <trkpt lat="50.8745493" lon="-1.8769392">
        <name>Home Farm Road</name>
      </trkpt>
      <trkpt lat="50.8744970" lon="-1.8768240">
        <name>Home Farm Road</name>
      </trkpt>
      <trkpt lat="50.8744670" lon="-1.8767665">
        <name>Home Farm Road</name>
      </trkpt>
      <trkpt lat="50.8744370" lon="-1.8767090">
        <name>Home Farm Road</name>
      </trkpt>
      <trkpt lat="50.8744600" lon="-1.8766620">
        <name>Home Farm Road</name>
      </trkpt>
      <trkpt lat="50.8744690" lon="-1.8766210">
        <name>Home Farm Road</name>
      </trkpt>
      <trkpt lat="50.8744710" lon="-1.8765610">
        <name>Home Farm Road</name>
      </trkpt>
      <trkpt lat="50.8744610" lon="-1.8765100">
        <name>Home Farm Road</name>
      </trkpt>
      <trkpt lat="50.8744390" lon="-1.8764620">
        <name>Home Farm Road</name>
      </trkpt>
      <trkpt lat="50.8744080" lon="-1.8764280">
        <name>Home Farm Road</name>
      </trkpt>
      <trkpt lat="50.8743720" lon="-1.8764130">
        <name>Manor Road</name>
      </trkpt>
      <trkpt lat="50.8743360" lon="-1.8764180">
        <name>Manor Road</name>
      </trkpt>
      <trkpt lat="50.8743337" lon="-1.8762830">
        <name>Manor Road</name>
      </trkpt>
      <trkpt lat="50.8743313" lon="-1.8761480">
        <name>Manor Road</name>
      </trkpt>
      <trkpt lat="50.8743290" lon="-1.8760130">
        <name>Manor Road</name>
      </trkpt>
      <trkpt lat="50.8743280" lon="-1.8759840">
        <name>Manor Road</name>
      </trkpt>
      <trkpt lat="50.8743370" lon="-1.8758487">
        <name>Manor Road</name>
      </trkpt>
      <trkpt lat="50.8743460" lon="-1.8757133">
        <name>Manor Road</name>
      </trkpt>
      <trkpt lat="50.8743550" lon="-1.8755780">
        <name>Manor Road</name>
      </trkpt>
      <trkpt lat="50.8743700" lon="-1.8754543">
        <name>Manor Road</name>
      </trkpt>
      <trkpt lat="50.8743850" lon="-1.8753307">
        <name>Manor Road</name>
      </trkpt>
      <trkpt lat="50.8744000" lon="-1.8752070">
        <name>Manor Road</name>
      </trkpt>
      <trkpt lat="50.8744193" lon="-1.8750750">
        <name>Manor Road</name>
      </trkpt>
      <trkpt lat="50.8744387" lon="-1.8749430">
        <name>Manor Road</name>
      </trkpt>
      <trkpt lat="50.8744580" lon="-1.8748110">
        <name>Manor Road</name>
      </trkpt>
      <trkpt lat="50.8744753" lon="-1.8746843">
        <name>Manor Road</name>
      </trkpt>
      <trkpt lat="50.8744927" lon="-1.8745577">
        <name>Manor Road</name>
      </trkpt>
      <trkpt lat="50.8745100" lon="-1.8744310">
        <name>Manor Road</name>
      </trkpt>
      <trkpt lat="50.8745310" lon="-1.8743275">
        <name>Manor Road</name>
      </trkpt>
      <trkpt lat="50.8745520" lon="-1.8742240">
        <name>Manor Road</name>
      </trkpt>
      <trkpt lat="50.8745850" lon="-1.8741225">
        <name>Manor Road</name>
      </trkpt>
      <trkpt lat="50.8746180" lon="-1.8740210">
        <name>Manor Road</name>
      </trkpt>
      <trkpt lat="50.8746615" lon="-1.8739200">
        <name>Manor Road</name>
      </trkpt>
      <trkpt lat="50.8747050" lon="-1.8738190">
        <name>Manor Road</name>
      </trkpt>
      <trkpt lat="50.8747405" lon="-1.8737510">
        <name>Manor Road</name>
      </trkpt>
      <trkpt lat="50.8747760" lon="-1.8736830">
        <name>Manor Road</name>
      </trkpt>
      <trkpt lat="50.8748330" lon="-1.8735730">
        <name>Manor Road</name>
      </trkpt>
      <trkpt lat="50.8748765" lon="-1.8734892">
        <name>Manor Road</name>
      </trkpt>
      <trkpt lat="50.8749200" lon="-1.8734055">
        <name>Manor Road</name>
      </trkpt>
      <trkpt lat="50.8749635" lon="-1.8733217">
        <name>Manor Road</name>
      </trkpt>
      <trkpt lat="50.8750070" lon="-1.8732380">
        <name>Manor Road</name>
      </trkpt>
      <trkpt lat="50.8750624" lon="-1.8731295">
        <name>Manor Road</name>
      </trkpt>
      <trkpt lat="50.8751178" lon="-1.8730210">
        <name>Manor Road</name>
      </trkpt>
      <trkpt lat="50.8751731" lon="-1.8729125">
        <name>Manor Road</name>
      </trkpt>
      <trkpt lat="50.8752285" lon="-1.8728040">
        <name>Manor Road</name>
      </trkpt>
      <trkpt lat="50.8752839" lon="-1.8726955">
        <name>Manor Road</name>
      </trkpt>
      <trkpt lat="50.8753392" lon="-1.8725870">
        <name>Manor Road</name>
      </trkpt>
      <trkpt lat="50.8753946" lon="-1.8724785">
        <name>Manor Road</name>
      </trkpt>
      <trkpt lat="50.8754500" lon="-1.8723700">
        <name>Manor Road</name>
      </trkpt>
      <trkpt lat="50.8755001" lon="-1.8722719">
        <name>Manor Road</name>
      </trkpt>
      <trkpt lat="50.8755503" lon="-1.8721737">
        <name>Manor Road</name>
      </trkpt>
      <trkpt lat="50.8756004" lon="-1.8720756">
        <name>Manor Road</name>
      </trkpt>
      <trkpt lat="50.8756506" lon="-1.8719774">
        <name>Manor Road</name>
      </trkpt>
      <trkpt lat="50.8757007" lon="-1.8718793">
        <name>Manor Road</name>
      </trkpt>
      <trkpt lat="50.8757509" lon="-1.8717811">
        <name>Manor Road</name>
      </trkpt>
      <trkpt lat="50.8758010" lon="-1.8716830">
        <name>Manor Road</name>
      </trkpt>
      <trkpt lat="50.8758494" lon="-1.8715864">
        <name>Manor Road</name>
      </trkpt>
      <trkpt lat="50.8758978" lon="-1.8714898">
        <name>Manor Road</name>
      </trkpt>
      <trkpt lat="50.8759462" lon="-1.8713932">
        <name>Manor Road</name>
      </trkpt>
      <trkpt lat="50.8759946" lon="-1.8712966">
        <name>Manor Road</name>
      </trkpt>
      <trkpt lat="50.8760430" lon="-1.8712000">
        <name>Manor Road</name>
      </trkpt>
      <trkpt lat="50.8760880" lon="-1.8711090">
        <name>Manor Road</name>
      </trkpt>
      <trkpt lat="50.8761330" lon="-1.8710180">
        <name>Manor Road</name>
      </trkpt>
      <trkpt lat="50.8761780" lon="-1.8709270">
        <name>Manor Road</name>
      </trkpt>
      <trkpt lat="50.8762327" lon="-1.8708163">
        <name>Manor Road</name>
      </trkpt>
      <trkpt lat="50.8762875" lon="-1.8707055">
        <name>Manor Road</name>
      </trkpt>
      <trkpt lat="50.8763423" lon="-1.8705947">
        <name>Manor Road</name>
      </trkpt>
      <trkpt lat="50.8763970" lon="-1.8704840">
        <name>Manor Road</name>
      </trkpt>
      <trkpt lat="50.8764463" lon="-1.8703828">
        <name>Manor Road</name>
      </trkpt>
      <trkpt lat="50.8764957" lon="-1.8702817">
        <name>Manor Road</name>
      </trkpt>
      <trkpt lat="50.8765450" lon="-1.8701805">
        <name>Manor Road</name>
      </trkpt>
      <trkpt lat="50.8765943" lon="-1.8700793">
        <name>Manor Road</name>
      </trkpt>
      <trkpt lat="50.8766437" lon="-1.8699782">
        <name>Manor Road</name>
      </trkpt>
      <trkpt lat="50.8766930" lon="-1.8698770">
        <name>Manor Road</name>
      </trkpt>
      <trkpt lat="50.8767285" lon="-1.8698040">
        <name>Manor Road</name>
      </trkpt>
      <trkpt lat="50.8767640" lon="-1.8697310">
        <name>Manor Road</name>
      </trkpt>
      <trkpt lat="50.8767920" lon="-1.8697520">
        <name>Manor Road</name>
      </trkpt>
      <trkpt lat="50.8768220" lon="-1.8697580">
        <name>Manor Road</name>
      </trkpt>
      <trkpt lat="50.8768530" lon="-1.8697480">
        <name>Manor Road</name>
      </trkpt>
      <trkpt lat="50.8768790" lon="-1.8697240">
        <name>Manor Road</name>
      </trkpt>
      <trkpt lat="50.8769020" lon="-1.8696830">
        <name>Manor Road</name>
      </trkpt>
      <trkpt lat="50.8769140" lon="-1.8696320">
        <name>Manor Road</name>
      </trkpt>
      <trkpt lat="50.8769140" lon="-1.8695780">
        <name>Manor Road</name>
      </trkpt>
      <trkpt lat="50.8769020" lon="-1.8695270">
        <name>Manor Road</name>
      </trkpt>
      <trkpt lat="50.8768800" lon="-1.8694860">
        <name>Manor Road</name>
      </trkpt>
      <trkpt lat="50.8768490" lon="-1.8694590">
        <name>Manor Road</name>
      </trkpt>
      <trkpt lat="50.8768140" lon="-1.8694510">
        <name>Manor Road</name>
      </trkpt>
      <trkpt lat="50.8767800" lon="-1.8694640">
        <name>Manor Road</name>
      </trkpt>
      <trkpt lat="50.8767510" lon="-1.8694950">
        <name>Manor Road</name>
      </trkpt>
      <trkpt lat="50.8767300" lon="-1.8695410">
        <name>Manor Road</name>
      </trkpt>
      <trkpt lat="50.8766560" lon="-1.8694790">
        <name>Manor Road</name>
      </trkpt>
      <trkpt lat="50.8765820" lon="-1.8694170">
        <name>Manor Road</name>
      </trkpt>
      <trkpt lat="50.8765670" lon="-1.8694070">
        <name>Manor Road</name>
      </trkpt>
      <trkpt lat="50.8765210" lon="-1.8693760">
        <name>Manor Road</name>
      </trkpt>
      <trkpt lat="50.8764750" lon="-1.8693450">
        <name>Manor Road</name>
      </trkpt>
      <trkpt lat="50.8764085" lon="-1.8693105">
        <name>Manor Road</name>
      </trkpt>
      <trkpt lat="50.8763420" lon="-1.8692760">
        <name>Manor Road</name>
      </trkpt>
      <trkpt lat="50.8762705" lon="-1.8692535">
        <name>Manor Road</name>
      </trkpt>
      <trkpt lat="50.8761990" lon="-1.8692310">
        <name>Manor Road</name>
      </trkpt>
      <trkpt lat="50.8761220" lon="-1.8692150">
        <name>Manor Road</name>
      </trkpt>
      <trkpt lat="50.8760860" lon="-1.8692070">
        <name>Manor Road</name>
      </trkpt>
      <trkpt lat="50.8760970" lon="-1.8690980">
        <name>Manor Road</name>
      </trkpt>
      <trkpt lat="50.8761080" lon="-1.8689890">
        <name>Manor Road</name>
      </trkpt>
      <trkpt lat="50.8761190" lon="-1.8688800">
        <name>Manor Road</name>
      </trkpt>
      <trkpt lat="50.8761300" lon="-1.8687710">
        <name>Manor Road</name>
      </trkpt>
      <trkpt lat="50.8761400" lon="-1.8686560">
        <name>Manor Road</name>
      </trkpt>
      <trkpt lat="50.8761490" lon="-1.8685590">
        <name>Manor Road</name>
      </trkpt>
      <trkpt lat="50.8761545" lon="-1.8684455">
        <name>Manor Road</name>
      </trkpt>
      <trkpt lat="50.8761600" lon="-1.8683320">
        <name>Manor Road</name>
      </trkpt>
      <trkpt lat="50.8761515" lon="-1.8682140">
        <name>Manor Road</name>
      </trkpt>
      <trkpt lat="50.8761430" lon="-1.8680960">
        <name>Manor Road</name>
      </trkpt>
      <trkpt lat="50.8761235" lon="-1.8680055">
        <name>Manor Road</name>
      </trkpt>
      <trkpt lat="50.8761040" lon="-1.8679150">
        <name>Manor Road</name>
      </trkpt>
      <trkpt lat="50.8760745" lon="-1.8678350">
        <name>Manor Road</name>
      </trkpt>
      <trkpt lat="50.8760450" lon="-1.8677550">
        <name>Manor Road</name>
      </trkpt>
      <trkpt lat="50.8760085" lon="-1.8676780">
        <name>Manor Road</name>
      </trkpt>
      <trkpt lat="50.8759720" lon="-1.8676010">
        <name>Manor Road</name>
      </trkpt>
      <trkpt lat="50.8759260" lon="-1.8675490">
        <name>Manor Road</name>
      </trkpt>
      <trkpt lat="50.8758800" lon="-1.8674970">
        <name>Manor Road</name>
      </trkpt>
      <trkpt lat="50.8758245" lon="-1.8674475">
        <name>Manor Road</name>
      </trkpt>
      <trkpt lat="50.8757690" lon="-1.8673980">
        <name>Manor Road</name>
      </trkpt>
      <trkpt lat="50.8757300" lon="-1.8673770">
        <name>Manor Road</name>
      </trkpt>
      <trkpt lat="50.8756590" lon="-1.8673380">
        <name>Manor Road</name>
      </trkpt>
      <trkpt lat="50.8755835" lon="-1.8673190">
        <name>Manor Road</name>
      </trkpt>
      <trkpt lat="50.8755080" lon="-1.8673000">
        <name>Manor Road</name>
      </trkpt>
      <trkpt lat="50.8754250" lon="-1.8672770">
        <name>Manor Road</name>
      </trkpt>
      <trkpt lat="50.8753720" lon="-1.8672620">
        <name>Manor Road</name>
      </trkpt>
      <trkpt lat="50.8753190" lon="-1.8672470">
        <name>Manor Road</name>
      </trkpt>
      <trkpt lat="50.8752595" lon="-1.8672365">
        <name>Manor Road</name>
      </trkpt>
      <trkpt lat="50.8752000" lon="-1.8672260">
        <name>Manor Road</name>
      </trkpt>
      <trkpt lat="50.8751385" lon="-1.8672200">
        <name>Manor Road</name>
      </trkpt>
      <trkpt lat="50.8750770" lon="-1.8672140">
        <name>Manor Road</name>
      </trkpt>
      <trkpt lat="50.8750077" lon="-1.8672130">
        <name>Manor Road</name>
      </trkpt>
      <trkpt lat="50.8749383" lon="-1.8672120">
        <name>Manor Road</name>
      </trkpt>
      <trkpt lat="50.8748690" lon="-1.8672110">
        <name>Manor Road</name>
      </trkpt>
      <trkpt lat="50.8747862" lon="-1.8672180">
        <name>Burnbake Road</name>
      </trkpt>
      <trkpt lat="50.8747035" lon="-1.8672250">
        <name>Burnbake Road</name>
      </trkpt>
      <trkpt lat="50.8746207" lon="-1.8672320">
        <name>Burnbake Road</name>
      </trkpt>
      <trkpt lat="50.8745380" lon="-1.8672390">
        <name>Burnbake Road</name>
      </trkpt>
      <trkpt lat="50.8744733" lon="-1.8672380">
        <name>Burnbake Road</name>
      </trkpt>
      <trkpt lat="50.8744087" lon="-1.8672370">
        <name>Burnbake Road</name>
      </trkpt>
      <trkpt lat="50.8743440" lon="-1.8672360">
        <name>Burnbake Road</name>
      </trkpt>
      <trkpt lat="50.8742870" lon="-1.8672355">
        <name>Burnbake Road</name>
      </trkpt>
      <trkpt lat="50.8742300" lon="-1.8672350">
        <name>Burnbake Road</name>
      </trkpt>
      <trkpt lat="50.8742315" lon="-1.8671365">
        <name>Burnbake Road</name>
      </trkpt>
      <trkpt lat="50.8742330" lon="-1.8670380">
        <name>Burnbake Road</name>
      </trkpt>
      <trkpt lat="50.8742240" lon="-1.8669205">
        <name>Burnbake Road</name>
      </trkpt>
      <trkpt lat="50.8742150" lon="-1.8668030">
        <name>Burnbake Road</name>
      </trkpt>
      <trkpt lat="50.8741920" lon="-1.8666995">
        <name>Burnbake Road</name>
      </trkpt>
      <trkpt lat="50.8741690" lon="-1.8665960">
        <name>Burnbake Road</name>
      </trkpt>
      <trkpt lat="50.8741295" lon="-1.8664880">
        <name>Burnbake Road</name>
      </trkpt>
      <trkpt lat="50.8740900" lon="-1.8663800">
        <name>Burnbake Road</name>
      </trkpt>
      <trkpt lat="50.8740370" lon="-1.8662700">
        <name>Burnbake Road</name>
      </trkpt>
      <trkpt lat="50.8739840" lon="-1.8661600">
        <name>Burnbake Road</name>
      </trkpt>
      <trkpt lat="50.8739285" lon="-1.8661010">
        <name>Burnbake Road</name>
      </trkpt>
      <trkpt lat="50.8738730" lon="-1.8660420">
        <name>Burnbake Road</name>
      </trkpt>
      <trkpt lat="50.8738500" lon="-1.8660250">
        <name>Burnbake Road</name>
      </trkpt>
      <trkpt lat="50.8737797" lon="-1.8659733">
        <name>Burnbake Road</name>
      </trkpt>
      <trkpt lat="50.8737093" lon="-1.8659217">
        <name>Burnbake Road</name>
      </trkpt>
      <trkpt lat="50.8736390" lon="-1.8658700">
        <name>Burnbake Road</name>
      </trkpt>
      <trkpt lat="50.8735597" lon="-1.8658397">
        <name>Burnbake Road</name>
      </trkpt>
      <trkpt lat="50.8734803" lon="-1.8658093">
        <name>Burnbake Road</name>
      </trkpt>
      <trkpt lat="50.8734010" lon="-1.8657790">
        <name>Burnbake Road</name>
      </trkpt>
      <trkpt lat="50.8733270" lon="-1.8657518">
        <name>Burnbake Road</name>
      </trkpt>
      <trkpt lat="50.8732530" lon="-1.8657245">
        <name>Burnbake Road</name>
      </trkpt>
      <trkpt lat="50.8731790" lon="-1.8656972">
        <name>Burnbake Road</name>
      </trkpt>
      <trkpt lat="50.8731050" lon="-1.8656700">
        <name>Burnbake Road</name>
      </trkpt>
      <trkpt lat="50.8730570" lon="-1.8656475">
        <name>Burnbake Road</name>
      </trkpt>
      <trkpt lat="50.8730090" lon="-1.8656250">
        <name>Burnbake Road</name>
      </trkpt>
      <trkpt lat="50.8729475" lon="-1.8656080">
        <name>Burnbake Road</name>
      </trkpt>
      <trkpt lat="50.8728860" lon="-1.8655910">
        <name>Burnbake Road</name>
      </trkpt>
      <trkpt lat="50.8728375" lon="-1.8655885">
        <name>Burnbake Road</name>
      </trkpt>
      <trkpt lat="50.8727890" lon="-1.8655860">
        <name>Burnbake Road</name>
      </trkpt>
      <trkpt lat="50.8727067" lon="-1.8656043">
        <name>Burnbake Road</name>
      </trkpt>
      <trkpt lat="50.8726245" lon="-1.8656225">
        <name>Burnbake Road</name>
      </trkpt>
      <trkpt lat="50.8725422" lon="-1.8656407">
        <name>Burnbake Road</name>
      </trkpt>
      <trkpt lat="50.8724600" lon="-1.8656590">
        <name>Burnbake Road</name>
      </trkpt>
      <trkpt lat="50.8724170" lon="-1.8656690">
        <name>Burnbake Road</name>
      </trkpt>
      <trkpt lat="50.8723372" lon="-1.8656682">
        <name>Burnbake Road</name>
      </trkpt>
      <trkpt lat="50.8722574" lon="-1.8656674">
        <name>Burnbake Road</name>
      </trkpt>
      <trkpt lat="50.8721776" lon="-1.8656666">
        <name>Burnbake Road</name>
      </trkpt>
      <trkpt lat="50.8720978" lon="-1.8656658">
        <name>Burnbake Road</name>
      </trkpt>
      <trkpt lat="50.8720180" lon="-1.8656650">
        <name>Burnbake Road</name>
      </trkpt>
      <trkpt lat="50.8719635" lon="-1.8656765">
        <name>Burnbake Road</name>
      </trkpt>
      <trkpt lat="50.8719090" lon="-1.8656880">
        <name>Burnbake Road</name>
      </trkpt>
      <trkpt lat="50.8718610" lon="-1.8657115">
        <name>Burnbake Road</name>
      </trkpt>
      <trkpt lat="50.8718130" lon="-1.8657350">
        <name>Burnbake Road</name>
      </trkpt>
      <trkpt lat="50.8717635" lon="-1.8657770">
        <name>Burnbake Road</name>
      </trkpt>
      <trkpt lat="50.8717140" lon="-1.8658190">
        <name>Burnbake Road</name>
      </trkpt>
      <trkpt lat="50.8716575" lon="-1.8658920">
        <name>Burnbake Road</name>
      </trkpt>
      <trkpt lat="50.8716010" lon="-1.8659650">
        <name>Burnbake Road</name>
      </trkpt>
      <trkpt lat="50.8715705" lon="-1.8660245">
        <name>Burnbake Road</name>
      </trkpt>
      <trkpt lat="50.8715400" lon="-1.8660840">
        <name>Burnbake Road</name>
      </trkpt>
      <trkpt lat="50.8715110" lon="-1.8661570">
        <name>Burnbake Road</name>
      </trkpt>
      <trkpt lat="50.8714820" lon="-1.8662300">
        <name>Burnbake Road</name>
      </trkpt>
      <trkpt lat="50.8714540" lon="-1.8663200">
        <name>Burnbake Road</name>
      </trkpt>
      <trkpt lat="50.8714360" lon="-1.8664050">
        <name>Burnbake Road</name>
      </trkpt>
      <trkpt lat="50.8714340" lon="-1.8664230">
        <name>Burnbake Road</name>
      </trkpt>
      <trkpt lat="50.8714280" lon="-1.8664800">
        <name>Burnbake Road</name>
      </trkpt>
      <trkpt lat="50.8714160" lon="-1.8665867">
        <name>Burnbake Road</name>
      </trkpt>
      <trkpt lat="50.8714040" lon="-1.8666933">
        <name>Burnbake Road</name>
      </trkpt>
      <trkpt lat="50.8713920" lon="-1.8668000">
        <name>Burnbake Road</name>
      </trkpt>
      <trkpt lat="50.8713775" lon="-1.8669155">
        <name>Burnbake Road</name>
      </trkpt>
      <trkpt lat="50.8713630" lon="-1.8670310">
        <name>Burnbake Road</name>
      </trkpt>
      <trkpt lat="50.8713485" lon="-1.8671465">
        <name>Burnbake Road</name>
      </trkpt>
      <trkpt lat="50.8713340" lon="-1.8672620">
        <name>Burnbake Road</name>
      </trkpt>
      <trkpt lat="50.8713560" lon="-1.8673170">
        <name>Burnbake Road</name>
      </trkpt>
      <trkpt lat="50.8714030" lon="-1.8673470">
        <name>Burnbake Road</name>
      </trkpt>
      <trkpt lat="50.8714889" lon="-1.8673434">
        <name>Burnbake Road</name>
      </trkpt>
      <trkpt lat="50.8715748" lon="-1.8673399">
        <name>Burnbake Road</name>
      </trkpt>
      <trkpt lat="50.8716607" lon="-1.8673363">
        <name>Burnbake Road</name>
      </trkpt>
      <trkpt lat="50.8717466" lon="-1.8673328">
        <name>Burnbake Road</name>
      </trkpt>
      <trkpt lat="50.8718324" lon="-1.8673292">
        <name>Burnbake Road</name>
      </trkpt>
      <trkpt lat="50.8719183" lon="-1.8673257">
        <name>Burnbake Road</name>
      </trkpt>
      <trkpt lat="50.8720042" lon="-1.8673221">
        <name>Burnbake Road</name>
      </trkpt>
      <trkpt lat="50.8720901" lon="-1.8673186">
        <name>Burnbake Road</name>
      </trkpt>
      <trkpt lat="50.8721760" lon="-1.8673150">
        <name>Burnbake Road</name>
      </trkpt>
      <trkpt lat="50.8721808" lon="-1.8674456">
        <name>Burnbake Road</name>
      </trkpt>
      <trkpt lat="50.8721856" lon="-1.8675762">
        <name>Burnbake Road</name>
      </trkpt>
      <trkpt lat="50.8721904" lon="-1.8677068">
        <name>Burnbake Road</name>
      </trkpt>
      <trkpt lat="50.8721952" lon="-1.8678374">
        <name>Burnbake Road</name>
      </trkpt>
      <trkpt lat="50.8722000" lon="-1.8679680">
        <name>Burnbake Road</name>
      </trkpt>
      <trkpt lat="50.8722044" lon="-1.8680917">
        <name>Burnbake Road</name>
      </trkpt>
      <trkpt lat="50.8722089" lon="-1.8682154">
        <name>Burnbake Road</name>
      </trkpt>
      <trkpt lat="50.8722133" lon="-1.8683391">
        <name>Burnbake Road</name>
      </trkpt>
      <trkpt lat="50.8722177" lon="-1.8684629">
        <name>Burnbake Road</name>
      </trkpt>
      <trkpt lat="50.8722221" lon="-1.8685866">
        <name>Burnbake Road</name>
      </trkpt>
      <trkpt lat="50.8722266" lon="-1.8687103">
        <name>Burnbake Road</name>
      </trkpt>
      <trkpt lat="50.8722310" lon="-1.8688340">
        <name>Burnbake Road</name>
      </trkpt>
      <trkpt lat="50.8721750" lon="-1.8688380">
        <name>Burnbake Road</name>
      </trkpt>
      <trkpt lat="50.8721190" lon="-1.8688420">
        <name>Burnbake Road</name>
      </trkpt>
      <trkpt lat="50.8720370" lon="-1.8688610">
        <name>Burnbake Road</name>
      </trkpt>
      <trkpt lat="50.8719550" lon="-1.8688800">
        <name>Burnbake Road</name>
      </trkpt>
      <trkpt lat="50.8718730" lon="-1.8688990">
        <name>Burnbake Road</name>
      </trkpt>
      <trkpt lat="50.8717910" lon="-1.8689180">
        <name>Burnbake Road</name>
      </trkpt>
      <trkpt lat="50.8717090" lon="-1.8689370">
        <name>Burnbake Road</name>
      </trkpt>
      <trkpt lat="50.8716270" lon="-1.8689560">
        <name>Burnbake Road</name>
      </trkpt>
      <trkpt lat="50.8715450" lon="-1.8689750">
        <name>Burnbake Road</name>
      </trkpt>
      <trkpt lat="50.8714630" lon="-1.8689940">
        <name>Burnbake Road</name>
      </trkpt>
      <trkpt lat="50.8713893" lon="-1.8690110">
        <name>Burnbake Road</name>
      </trkpt>
      <trkpt lat="50.8713157" lon="-1.8690280">
        <name>Burnbake Road</name>
      </trkpt>
      <trkpt lat="50.8712420" lon="-1.8690450">
        <name>Burnbake Road</name>
      </trkpt>
      <trkpt lat="50.8712607" lon="-1.8691764">
        <name>Burnbake Road</name>
      </trkpt>
      <trkpt lat="50.8712794" lon="-1.8693079">
        <name>Burnbake Road</name>
      </trkpt>
      <trkpt lat="50.8712981" lon="-1.8694393">
        <name>Burnbake Road</name>
      </trkpt>
      <trkpt lat="50.8713169" lon="-1.8695707">
        <name>Burnbake Road</name>
      </trkpt>
      <trkpt lat="50.8713356" lon="-1.8697021">
        <name>Burnbake Road</name>
      </trkpt>
      <trkpt lat="50.8713543" lon="-1.8698336">
        <name>Burnbake Road</name>
      </trkpt>
      <trkpt lat="50.8713730" lon="-1.8699650">
        <name>Burnbake Road</name>
      </trkpt>
      <trkpt lat="50.8713922" lon="-1.8700897">
        <name>Burnbake Road</name>
      </trkpt>
      <trkpt lat="50.8714115" lon="-1.8702145">
        <name>Burnbake Road</name>
      </trkpt>
      <trkpt lat="50.8714308" lon="-1.8703393">
        <name>Burnbake Road</name>
      </trkpt>
      <trkpt lat="50.8714500" lon="-1.8704640">
        <name>Burnbake Road</name>
      </trkpt>
      <trkpt lat="50.8714530" lon="-1.8704850">
        <name>Newtown Road</name>
      </trkpt>
      <trkpt lat="50.8714710" lon="-1.8705995">
        <name>Newtown Road</name>
      </trkpt>
      <trkpt lat="50.8714890" lon="-1.8707140">
        <name>Newtown Road</name>
      </trkpt>
      <trkpt lat="50.8715090" lon="-1.8708445">
        <name>Newtown Road</name>
      </trkpt>
      <trkpt lat="50.8715290" lon="-1.8709750">
        <name>Newtown Road</name>
      </trkpt>
      <trkpt lat="50.8715470" lon="-1.8710905">
        <name>Newtown Road</name>
      </trkpt>
      <trkpt lat="50.8715650" lon="-1.8712060">
        <name>Newtown Road</name>
      </trkpt>
      <trkpt lat="50.8715810" lon="-1.8713150">
        <name>Newtown Road</name>
      </trkpt>
      <trkpt lat="50.8715970" lon="-1.8714240">
        <name>Newtown Road</name>
      </trkpt>
      <trkpt lat="50.8716130" lon="-1.8715307">
        <name>Newtown Road</name>
      </trkpt>
      <trkpt lat="50.8716290" lon="-1.8716373">
        <name>Newtown Road</name>
      </trkpt>
      <trkpt lat="50.8716450" lon="-1.8717440">
        <name>Newtown Road</name>
      </trkpt>
      <trkpt lat="50.8716575" lon="-1.8718220">
        <name>Newtown Road</name>
      </trkpt>
      <trkpt lat="50.8716700" lon="-1.8719000">
        <name>Newtown Road</name>
      </trkpt>
      <trkpt lat="50.8716840" lon="-1.8719685">
        <name>Newtown Road</name>
      </trkpt>
      <trkpt lat="50.8716980" lon="-1.8720370">
        <name>Newtown Road</name>
      </trkpt>
      <trkpt lat="50.8717150" lon="-1.8721060">
        <name>Newtown Road</name>
      </trkpt>
      <trkpt lat="50.8717320" lon="-1.8721750">
        <name>Newtown Road</name>
      </trkpt>
      <trkpt lat="50.8717590" lon="-1.8722700">
        <name>Newtown Road</name>
      </trkpt>
      <trkpt lat="50.8717990" lon="-1.8723950">
        <name>Newtown Road</name>
      </trkpt>
      <trkpt lat="50.8718390" lon="-1.8725220">
        <name>Newtown Road</name>
      </trkpt>
      <trkpt lat="50.8718675" lon="-1.8726105">
        <name>Newtown Road</name>
      </trkpt>
      <trkpt lat="50.8718960" lon="-1.8726990">
        <name>Newtown Road</name>
      </trkpt>
      <trkpt lat="50.8719360" lon="-1.8728110">
        <name>Newtown Road</name>
      </trkpt>
      <trkpt lat="50.8719760" lon="-1.8729230">
        <name>Newtown Road</name>
      </trkpt>
      <trkpt lat="50.8720160" lon="-1.8730350">
        <name>Newtown Road</name>
      </trkpt>
      <trkpt lat="50.8720560" lon="-1.8731470">
        <name>Newtown Road</name>
      </trkpt>
      <trkpt lat="50.8720938" lon="-1.8732592">
        <name>Newtown Road</name>
      </trkpt>
      <trkpt lat="50.8721316" lon="-1.8733714">
        <name>Newtown Road</name>
      </trkpt>
      <trkpt lat="50.8721694" lon="-1.8734836">
        <name>Newtown Road</name>
      </trkpt>
      <trkpt lat="50.8722072" lon="-1.8735958">
        <name>Newtown Road</name>
      </trkpt>
      <trkpt lat="50.8722450" lon="-1.8737080">
        <name>Newtown Road</name>
      </trkpt>
      <trkpt lat="50.8722750" lon="-1.8737977">
        <name>Newtown Road</name>
      </trkpt>
      <trkpt lat="50.8723050" lon="-1.8738873">
        <name>Newtown Road</name>
      </trkpt>
      <trkpt lat="50.8723350" lon="-1.8739770">
        <name>Newtown Road</name>
      </trkpt>
      <trkpt lat="50.8723740" lon="-1.8740965">
        <name>Newtown Road</name>
      </trkpt>
      <trkpt lat="50.8724130" lon="-1.8742160">
        <name>Newtown Road</name>
      </trkpt>
      <trkpt lat="50.8724345" lon="-1.8742840">
        <name>Newtown Road</name>
      </trkpt>
      <trkpt lat="50.8724560" lon="-1.8743520">
        <name>Newtown Road</name>
      </trkpt>
      <trkpt lat="50.8724775" lon="-1.8744385">
        <name>Newtown Road</name>
      </trkpt>
      <trkpt lat="50.8724990" lon="-1.8745250">
        <name>Newtown Road</name>
      </trkpt>
      <trkpt lat="50.8725155" lon="-1.8746185">
        <name>Newtown Road</name>
      </trkpt>
      <trkpt lat="50.8725320" lon="-1.8747120">
        <name>Newtown Road</name>
      </trkpt>
      <trkpt lat="50.8725400" lon="-1.8747870">
        <name>Newtown Road</name>
      </trkpt>
      <trkpt lat="50.8725480" lon="-1.8748620">
        <name>Newtown Road</name>
      </trkpt>
      <trkpt lat="50.8725550" lon="-1.8749990">
        <name>Newtown Road</name>
      </trkpt>
      <trkpt lat="50.8725535" lon="-1.8750980">
        <name>Newtown Road</name>
      </trkpt>
      <trkpt lat="50.8725520" lon="-1.8751970">
        <name>Newtown Road</name>
      </trkpt>
      <trkpt lat="50.8725445" lon="-1.8752835">
        <name>Newtown Road</name>
      </trkpt>
      <trkpt lat="50.8725370" lon="-1.8753700">
        <name>Newtown Road</name>
      </trkpt>
      <trkpt lat="50.8725255" lon="-1.8754445">
        <name>Newtown Road</name>
      </trkpt>
      <trkpt lat="50.8725140" lon="-1.8755190">
        <name>Newtown Road</name>
      </trkpt>
      <trkpt lat="50.8724880" lon="-1.8756260">
        <name>Owls Road</name>
      </trkpt>
      <trkpt lat="50.8724510" lon="-1.8757030">
        <name>Owls Road</name>
      </trkpt>
      <trkpt lat="50.8724600" lon="-1.8757140">
        <name>Owls Road</name>
      </trkpt>
      <trkpt lat="50.8724975" lon="-1.8757600">
        <name>Owls Road</name>
      </trkpt>
      <trkpt lat="50.8725350" lon="-1.8758060">
        <name>Owls Road</name>
      </trkpt>
      <trkpt lat="50.8726133" lon="-1.8758703">
        <name>Owls Road</name>
      </trkpt>
      <trkpt lat="50.8726917" lon="-1.8759347">
        <name>Owls Road</name>
      </trkpt>
      <trkpt lat="50.8727700" lon="-1.8759990">
        <name>Owls Road</name>
      </trkpt>
      <trkpt lat="50.8728418" lon="-1.8760408">
        <name>Owls Road</name>
      </trkpt>
      <trkpt lat="50.8729135" lon="-1.8760825">
        <name>Owls Road</name>
      </trkpt>
      <trkpt lat="50.8729852" lon="-1.8761242">
        <name>Owls Road</name>
      </trkpt>
      <trkpt lat="50.8730570" lon="-1.8761660">
        <name>Owls Road</name>
      </trkpt>
      <trkpt lat="50.8731320" lon="-1.8762075">
        <name>Owls Road</name>
      </trkpt>
      <trkpt lat="50.8732070" lon="-1.8762490">
        <name>Owls Road</name>
      </trkpt>
      <trkpt lat="50.8732360" lon="-1.8762640">
        <name>Owls Road</name>
      </trkpt>
      <trkpt lat="50.8733000" lon="-1.8762987">
        <name>Owls Road</name>
      </trkpt>
      <trkpt lat="50.8733640" lon="-1.8763333">
        <name>Owls Road</name>
      </trkpt>
      <trkpt lat="50.8734280" lon="-1.8763680">
        <name>Owls Road</name>
      </trkpt>
      <trkpt lat="50.8734990" lon="-1.8764060">
        <name>Owls Road</name>
      </trkpt>
      <trkpt lat="50.8735700" lon="-1.8764440">
        <name>Owls Road</name>
      </trkpt>
      <trkpt lat="50.8735880" lon="-1.8764540">
        <name>Owls Road</name>
      </trkpt>
      <trkpt lat="50.8736463" lon="-1.8764840">
        <name>Owls Road</name>
      </trkpt>
      <trkpt lat="50.8737047" lon="-1.8765140">
        <name>Owls Road</name>
      </trkpt>
      <trkpt lat="50.8737630" lon="-1.8765440">
        <name>Owls Road</name>
      </trkpt>
      <trkpt lat="50.8738190" lon="-1.8765600">
        <name>Owls Road</name>
      </trkpt>
      <trkpt lat="50.8738750" lon="-1.8765760">
        <name>Owls Road</name>
      </trkpt>
      <trkpt lat="50.8739570" lon="-1.8765820">
        <name>Owls Road</name>
      </trkpt>
      <trkpt lat="50.8740320" lon="-1.8765795">
        <name>Owls Road</name>
      </trkpt>
      <trkpt lat="50.8741070" lon="-1.8765770">
        <name>Owls Road</name>
      </trkpt>
      <trkpt lat="50.8741815" lon="-1.8765710">
        <name>Owls Road</name>
      </trkpt>
      <trkpt lat="50.8742560" lon="-1.8765650">
        <name>Owls Road</name>
      </trkpt>
      <trkpt lat="50.8742580" lon="-1.8766250">
        <name>Owls Road</name>
      </trkpt>
      <trkpt lat="50.8742660" lon="-1.8766590">
        <name>Owls Road</name>
      </trkpt>
      <trkpt lat="50.8742870" lon="-1.8767070">
        <name>Owls Road</name>
      </trkpt>
      <trkpt lat="50.8743050" lon="-1.8767290">
        <name>Owls Road</name>
      </trkpt>
      <trkpt lat="50.8742695" lon="-1.8767960">
        <name>Owls Road</name>
      </trkpt>
      <trkpt lat="50.8742340" lon="-1.8768630">
        <name>Owls Road</name>
      </trkpt>
      <trkpt lat="50.8741748" lon="-1.8769610">
        <name>Owls Road</name>
      </trkpt>
      <trkpt lat="50.8741155" lon="-1.8770590">
        <name>Owls Road</name>
      </trkpt>
      <trkpt lat="50.8740563" lon="-1.8771570">
        <name>Owls Road</name>
      </trkpt>
      <trkpt lat="50.8739970" lon="-1.8772550">
        <name>Owls Road</name>
      </trkpt>
      <trkpt lat="50.8739470" lon="-1.8773382">
        <name>Owls Road</name>
      </trkpt>
      <trkpt lat="50.8738970" lon="-1.8774214">
        <name>Owls Road</name>
      </trkpt>
      <trkpt lat="50.8738470" lon="-1.8775046">
        <name>Owls Road</name>
      </trkpt>
      <trkpt lat="50.8737970" lon="-1.8775878">
        <name>Owls Road</name>
      </trkpt>
      <trkpt lat="50.8737470" lon="-1.8776710">
        <name>Owls Road</name>
      </trkpt>
      <trkpt lat="50.8736896" lon="-1.8777664">
        <name>Owls Road</name>
      </trkpt>
      <trkpt lat="50.8736321" lon="-1.8778619">
        <name>Owls Road</name>
      </trkpt>
      <trkpt lat="50.8735747" lon="-1.8779573">
        <name>Owls Road</name>
      </trkpt>
      <trkpt lat="50.8735172" lon="-1.8780528">
        <name>Owls Road</name>
      </trkpt>
      <trkpt lat="50.8734598" lon="-1.8781482">
        <name>Owls Road</name>
      </trkpt>
      <trkpt lat="50.8734023" lon="-1.8782437">
        <name>Owls Road</name>
      </trkpt>
      <trkpt lat="50.8733449" lon="-1.8783391">
        <name>Owls Road</name>
      </trkpt>
      <trkpt lat="50.8732874" lon="-1.8784346">
        <name>Owls Road</name>
      </trkpt>
      <trkpt lat="50.8732300" lon="-1.8785300">
        <name>Owls Road</name>
      </trkpt>
      <trkpt lat="50.8731677" lon="-1.8786312">
        <name>Owls Road</name>
      </trkpt>
      <trkpt lat="50.8731053" lon="-1.8787323">
        <name>Owls Road</name>
      </trkpt>
      <trkpt lat="50.8730430" lon="-1.8788335">
        <name>Owls Road</name>
      </trkpt>
      <trkpt lat="50.8729807" lon="-1.8789347">
        <name>Owls Road</name>
      </trkpt>
      <trkpt lat="50.8729183" lon="-1.8790358">
        <name>Owls Road</name>
      </trkpt>
      <trkpt lat="50.8728560" lon="-1.8791370">
        <name>Owls Road</name>
      </trkpt>
      <trkpt lat="50.8728060" lon="-1.8792183">
        <name>Owls Road</name>
      </trkpt>
      <trkpt lat="50.8727560" lon="-1.8792997">
        <name>Owls Road</name>
      </trkpt>
      <trkpt lat="50.8727060" lon="-1.8793810">
        <name>Owls Road</name>
      </trkpt>
      <trkpt lat="50.8726450" lon="-1.8794430">
        <name>Owls Road</name>
      </trkpt>
      <trkpt lat="50.8725660" lon="-1.8795000">
        <name>Owls Road</name>
      </trkpt>
      <trkpt lat="50.8725030" lon="-1.8795360">
        <name>Meadow Way</name>
      </trkpt>
      <trkpt lat="50.8724270" lon="-1.8795730">
        <name>Meadow Way</name>
      </trkpt>
      <trkpt lat="50.8723510" lon="-1.8796000">
        <name>Meadow Way</name>
      </trkpt>
      <trkpt lat="50.8722860" lon="-1.8795900">
        <name>Meadow Way</name>
      </trkpt>
      <trkpt lat="50.8722000" lon="-1.8795820">
        <name>Meadow Way</name>
      </trkpt>
      <trkpt lat="50.8721180" lon="-1.8795850">
        <name>Meadow Way</name>
      </trkpt>
      <trkpt lat="50.8720480" lon="-1.8796040">
        <name>Meadow Way</name>
      </trkpt>
      <trkpt lat="50.8720010" lon="-1.8796340">
        <name>Meadow Way</name>
      </trkpt>
      <trkpt lat="50.8719540" lon="-1.8796640">
        <name>Meadow Way</name>
      </trkpt>
      <trkpt lat="50.8719320" lon="-1.8796870">
        <name>Meadow Way</name>
      </trkpt>
      <trkpt lat="50.8719130" lon="-1.8797060">
        <name>Meadow Way</name>
      </trkpt>
      <trkpt lat="50.8718900" lon="-1.8796550">
        <name>Meadow Way</name>
      </trkpt>
      <trkpt lat="50.8718510" lon="-1.8796390">
        <name>Meadow Way</name>
      </trkpt>
      <trkpt lat="50.8718070" lon="-1.8796550">
        <name>Meadow Way</name>
      </trkpt>
      <trkpt lat="50.8717830" lon="-1.8797020">
        <name>Meadow Way</name>
      </trkpt>
      <trkpt lat="50.8717760" lon="-1.8797620">
        <name>Meadow Way</name>
      </trkpt>
      <trkpt lat="50.8717810" lon="-1.8798050">
        <name>Meadow Way</name>
      </trkpt>
      <trkpt lat="50.8718020" lon="-1.8798480">
        <name>Meadow Way</name>
      </trkpt>
      <trkpt lat="50.8718320" lon="-1.8798670">
        <name>Meadow Way</name>
      </trkpt>
      <trkpt lat="50.8718630" lon="-1.8798640">
        <name>Meadow Way</name>
      </trkpt>
      <trkpt lat="50.8718740" lon="-1.8799440">
        <name>Meadow Way</name>
      </trkpt>
      <trkpt lat="50.8718870" lon="-1.8800270">
        <name>Meadow Way</name>
      </trkpt>
      <trkpt lat="50.8719095" lon="-1.8801360">
        <name>Meadow Way</name>
      </trkpt>
      <trkpt lat="50.8719320" lon="-1.8802450">
        <name>Meadow Way</name>
      </trkpt>
      <trkpt lat="50.8719600" lon="-1.8803360">
        <name>Meadow Way</name>
      </trkpt>
      <trkpt lat="50.8719900" lon="-1.8804300">
        <name>Meadow Way</name>
      </trkpt>
      <trkpt lat="50.8720175" lon="-1.8804940">
        <name>Meadow Way</name>
      </trkpt>
      <trkpt lat="50.8720450" lon="-1.8805580">
        <name>Meadow Way</name>
      </trkpt>
      <trkpt lat="50.8720630" lon="-1.8806000">
        <name>Meadow Way</name>
      </trkpt>
      <trkpt lat="50.8720990" lon="-1.8806615">
        <name>Meadow Way</name>
      </trkpt>
      <trkpt lat="50.8721350" lon="-1.8807230">
        <name>Meadow Way</name>
      </trkpt>
      <trkpt lat="50.8721802" lon="-1.8808045">
        <name>Meadow Way</name>
      </trkpt>
      <trkpt lat="50.8722255" lon="-1.8808860">
        <name>Meadow Way</name>
      </trkpt>
      <trkpt lat="50.8722707" lon="-1.8809675">
        <name>Meadow Way</name>
      </trkpt>
      <trkpt lat="50.8723160" lon="-1.8810490">
        <name>Meadow Way</name>
      </trkpt>
      <trkpt lat="50.8723630" lon="-1.8811433">
        <name>Meadow Way</name>
      </trkpt>
      <trkpt lat="50.8724100" lon="-1.8812377">
        <name>Meadow Way</name>
      </trkpt>
      <trkpt lat="50.8724570" lon="-1.8813320">
        <name>Meadow Way</name>
      </trkpt>
      <trkpt lat="50.8724700" lon="-1.8813570">
        <name>Meadow Way</name>
      </trkpt>
      <trkpt lat="50.8725080" lon="-1.8814360">
        <name>Meadow Way</name>
      </trkpt>
      <trkpt lat="50.8725460" lon="-1.8815150">
        <name>Meadow Way</name>
      </trkpt>
      <trkpt lat="50.8725840" lon="-1.8815940">
        <name>Meadow Way</name>
      </trkpt>
      <trkpt lat="50.8726130" lon="-1.8816600">
        <name>Meadow Way</name>
      </trkpt>
      <trkpt lat="50.8726420" lon="-1.8817260">
        <name>Meadow Way</name>
      </trkpt>
      <trkpt lat="50.8726885" lon="-1.8818310">
        <name>Meadow Way</name>
      </trkpt>
      <trkpt lat="50.8727350" lon="-1.8819360">
        <name>Meadow Way</name>
      </trkpt>
      <trkpt lat="50.8727737" lon="-1.8820624">
        <name>Meadow Way</name>
      </trkpt>
      <trkpt lat="50.8728124" lon="-1.8821889">
        <name>Meadow Way</name>
      </trkpt>
      <trkpt lat="50.8728511" lon="-1.8823153">
        <name>Meadow Way</name>
      </trkpt>
      <trkpt lat="50.8728899" lon="-1.8824417">
        <name>Meadow Way</name>
      </trkpt>
      <trkpt lat="50.8729286" lon="-1.8825681">
        <name>Meadow Way</name>
      </trkpt>
      <trkpt lat="50.8729673" lon="-1.8826946">
        <name>Meadow Way</name>
      </trkpt>
      <trkpt lat="50.8730060" lon="-1.8828210">
        <name>Meadow Way</name>
      </trkpt>
      <trkpt lat="50.8730150" lon="-1.8828560">
        <name>Meadow Way</name>
      </trkpt>
      <trkpt lat="50.8730320" lon="-1.8829200">
        <name>Meadow Way</name>
      </trkpt>
      <trkpt lat="50.8730630" lon="-1.8830380">
        <name>Meadow Way</name>
      </trkpt>
      <trkpt lat="50.8730800" lon="-1.8831290">
        <name>Meadow Way</name>
      </trkpt>
      <trkpt lat="50.8730970" lon="-1.8832200">
        <name>Meadow Way</name>
      </trkpt>
      <trkpt lat="50.8731105" lon="-1.8833170">
        <name>Owls Road</name>
      </trkpt>
      <trkpt lat="50.8731240" lon="-1.8834140">
        <name>Owls Road</name>
      </trkpt>
      <trkpt lat="50.8731344" lon="-1.8835368">
        <name>Owls Road</name>
      </trkpt>
      <trkpt lat="50.8731448" lon="-1.8836596">
        <name>Owls Road</name>
      </trkpt>
      <trkpt lat="50.8731552" lon="-1.8837824">
        <name>Owls Road</name>
      </trkpt>
      <trkpt lat="50.8731656" lon="-1.8839052">
        <name>Owls Road</name>
      </trkpt>
      <trkpt lat="50.8731760" lon="-1.8840280">
        <name>Owls Road</name>
      </trkpt>
      <trkpt lat="50.8731490" lon="-1.8840490">
        <name>Owls Road</name>
      </trkpt>
      <trkpt lat="50.8731330" lon="-1.8840820">
        <name>Owls Road</name>
      </trkpt>
      <trkpt lat="50.8731260" lon="-1.8841300">
        <name>Claylake Drive</name>
      </trkpt>
      <trkpt lat="50.8731370" lon="-1.8841760">
        <name>Claylake Drive</name>
      </trkpt>
      <trkpt lat="50.8731610" lon="-1.8842060">
        <name>Claylake Drive</name>
      </trkpt>
      <trkpt lat="50.8731920" lon="-1.8842130">
        <name>Claylake Drive</name>
      </trkpt>
      <trkpt lat="50.8732230" lon="-1.8841950">
        <name>Claylake Drive</name>
      </trkpt>
      <trkpt lat="50.8732410" lon="-1.8841590">
        <name>Claylake Drive</name>
      </trkpt>
      <trkpt lat="50.8732460" lon="-1.8841020">
        <name>Newtown Road</name>
      </trkpt>
      <trkpt lat="50.8732890" lon="-1.8840880">
        <name>Newtown Road</name>
      </trkpt>
      <trkpt lat="50.8733400" lon="-1.8840800">
        <name>Newtown Road</name>
      </trkpt>
      <trkpt lat="50.8733910" lon="-1.8840780">
        <name>Newtown Road</name>
      </trkpt>
      <trkpt lat="50.8734420" lon="-1.8840760">
        <name>Newtown Road</name>
      </trkpt>
      <trkpt lat="50.8734940" lon="-1.8840900">
        <name>Newtown Road</name>
      </trkpt>
      <trkpt lat="50.8735460" lon="-1.8841040">
        <name>Newtown Road</name>
      </trkpt>
      <trkpt lat="50.8735950" lon="-1.8841240">
        <name>Newtown Road</name>
      </trkpt>
      <trkpt lat="50.8736440" lon="-1.8841440">
        <name>Newtown Road</name>
      </trkpt>
      <trkpt lat="50.8737007" lon="-1.8841777">
        <name>Newtown Road</name>
      </trkpt>
      <trkpt lat="50.8737573" lon="-1.8842113">
        <name>Newtown Road</name>
      </trkpt>
      <trkpt lat="50.8738140" lon="-1.8842450">
        <name>Newtown Road</name>
      </trkpt>
      <trkpt lat="50.8738695" lon="-1.8842770">
        <name>Newtown Lane</name>
      </trkpt>
      <trkpt lat="50.8739250" lon="-1.8843090">
        <name>Newtown Lane</name>
      </trkpt>
      <trkpt lat="50.8739775" lon="-1.8843335">
        <name>Newtown Lane</name>
      </trkpt>
      <trkpt lat="50.8740300" lon="-1.8843580">
        <name>Newtown Lane</name>
      </trkpt>
      <trkpt lat="50.8740820" lon="-1.8843710">
        <name>Newtown Lane</name>
      </trkpt>
      <trkpt lat="50.8741340" lon="-1.8843840">
        <name>Newtown Lane</name>
      </trkpt>
      <trkpt lat="50.8741815" lon="-1.8843885">
        <name>Newtown Lane</name>
      </trkpt>
      <trkpt lat="50.8742290" lon="-1.8843930">
        <name>Newtown Lane</name>
      </trkpt>
      <trkpt lat="50.8742755" lon="-1.8843845">
        <name>Newtown Lane</name>
      </trkpt>
      <trkpt lat="50.8743220" lon="-1.8843760">
        <name>Newtown Lane</name>
      </trkpt>
      <trkpt lat="50.8743328" lon="-1.8845108">
        <name>Newtown Lane</name>
      </trkpt>
      <trkpt lat="50.8743436" lon="-1.8846456">
        <name>Newtown Lane</name>
      </trkpt>
      <trkpt lat="50.8743544" lon="-1.8847804">
        <name>Newtown Lane</name>
      </trkpt>
      <trkpt lat="50.8743652" lon="-1.8849152">
        <name>Newtown Lane</name>
      </trkpt>
      <trkpt lat="50.8743760" lon="-1.8850500">
        <name>Newtown Lane</name>
      </trkpt>
      <trkpt lat="50.8743830" lon="-1.8851320">
        <name>Newtown Lane</name>
      </trkpt>
      <trkpt lat="50.8743900" lon="-1.8852140">
        <name>Newtown Lane</name>
      </trkpt>
      <trkpt lat="50.8744010" lon="-1.8853010">
        <name>Newtown Lane</name>
      </trkpt>
      <trkpt lat="50.8744160" lon="-1.8854260">
        <name>Newtown Lane</name>
      </trkpt>
      <trkpt lat="50.8744325" lon="-1.8855230">
        <name>Newtown Lane</name>
      </trkpt>
      <trkpt lat="50.8744490" lon="-1.8856200">
        <name>Newtown Lane</name>
      </trkpt>
      <trkpt lat="50.8744675" lon="-1.8856930">
        <name>Newtown Lane</name>
      </trkpt>
      <trkpt lat="50.8744860" lon="-1.8857660">
        <name>Newtown Lane</name>
      </trkpt>
      <trkpt lat="50.8745290" lon="-1.8858715">
        <name>Newtown Lane</name>
      </trkpt>
      <trkpt lat="50.8745720" lon="-1.8859770">
        <name>Newtown Lane</name>
      </trkpt>
      <trkpt lat="50.8746025" lon="-1.8860325">
        <name>Newtown Lane</name>
      </trkpt>
      <trkpt lat="50.8746330" lon="-1.8860880">
        <name>Newtown Lane</name>
      </trkpt>
      <trkpt lat="50.8746745" lon="-1.8861340">
        <name>Newtown Lane</name>
      </trkpt>
      <trkpt lat="50.8747160" lon="-1.8861800">
        <name>Newtown Lane</name>
      </trkpt>
      <trkpt lat="50.8747760" lon="-1.8862320">
        <name>Newtown Lane</name>
      </trkpt>
      <trkpt lat="50.8748360" lon="-1.8862590">
        <name>Newtown Lane</name>
      </trkpt>
      <trkpt lat="50.8749110" lon="-1.8862800">
        <name>Newtown Lane</name>
      </trkpt>
      <trkpt lat="50.8749655" lon="-1.8862820">
        <name>Newtown Lane</name>
      </trkpt>
      <trkpt lat="50.8750200" lon="-1.8862840">
        <name>Newtown Lane</name>
      </trkpt>
      <trkpt lat="50.8750760" lon="-1.8862660">
        <name>Newtown Lane</name>
      </trkpt>
      <trkpt lat="50.8751320" lon="-1.8862480">
        <name>Newtown Lane</name>
      </trkpt>
      <trkpt lat="50.8751800" lon="-1.8862120">
        <name>Newtown Lane</name>
      </trkpt>
      <trkpt lat="50.8752280" lon="-1.8861760">
        <name>Newtown Lane</name>
      </trkpt>
      <trkpt lat="50.8752750" lon="-1.8861230">
        <name>Newtown Lane</name>
      </trkpt>
      <trkpt lat="50.8753220" lon="-1.8860700">
        <name>Newtown Lane</name>
      </trkpt>
      <trkpt lat="50.8753650" lon="-1.8860200">
        <name>Newtown Lane</name>
      </trkpt>
      <trkpt lat="50.8754270" lon="-1.8859470">
        <name>Newtown Lane</name>
      </trkpt>
      <trkpt lat="50.8754890" lon="-1.8858740">
        <name>Newtown Lane</name>
      </trkpt>
      <trkpt lat="50.8755425" lon="-1.8857848">
        <name>Newtown Lane</name>
      </trkpt>
      <trkpt lat="50.8755960" lon="-1.8856955">
        <name>Newtown Lane</name>
      </trkpt>
      <trkpt lat="50.8756495" lon="-1.8856063">
        <name>Newtown Lane</name>
      </trkpt>
      <trkpt lat="50.8757030" lon="-1.8855170">
        <name>Newtown Lane</name>
      </trkpt>
      <trkpt lat="50.8757610" lon="-1.8854167">
        <name>Newtown Lane</name>
      </trkpt>
      <trkpt lat="50.8758190" lon="-1.8853163">
        <name>Newtown Lane</name>
      </trkpt>
      <trkpt lat="50.8758770" lon="-1.8852160">
        <name>Newtown Lane</name>
      </trkpt>
      <trkpt lat="50.8759115" lon="-1.8851515">
        <name>Newtown Lane</name>
      </trkpt>
      <trkpt lat="50.8759460" lon="-1.8850870">
        <name>Newtown Lane</name>
      </trkpt>
      <trkpt lat="50.8759705" lon="-1.8850270">
        <name>Newtown Lane</name>
      </trkpt>
      <trkpt lat="50.8759950" lon="-1.8849670">
        <name>Newtown Lane</name>
      </trkpt>
      <trkpt lat="50.8760150" lon="-1.8848450">
        <name>Newtown Lane</name>
      </trkpt>
      <trkpt lat="50.8760095" lon="-1.8847650">
        <name>Newtown Lane</name>
      </trkpt>
      <trkpt lat="50.8760040" lon="-1.8846850">
        <name>Newtown Lane</name>
      </trkpt>
      <trkpt lat="50.8759915" lon="-1.8845960">
        <name>Newtown Lane</name>
      </trkpt>
      <trkpt lat="50.8759790" lon="-1.8845070">
        <name>Newtown Lane</name>
      </trkpt>
      <trkpt lat="50.8759570" lon="-1.8844310">
        <name>Newtown Lane</name>
      </trkpt>
      <trkpt lat="50.8759350" lon="-1.8843550">
        <name>Newtown Lane</name>
      </trkpt>
      <trkpt lat="50.8758880" lon="-1.8842390">
        <name>Newtown Lane</name>
      </trkpt>
      <trkpt lat="50.8758530" lon="-1.8841870">
        <name>Newtown Lane</name>
      </trkpt>
      <trkpt lat="50.8758180" lon="-1.8841350">
        <name>Newtown Lane</name>
      </trkpt>
      <trkpt lat="50.8757650" lon="-1.8840390">
        <name>Manor Road</name>
      </trkpt>
      <trkpt lat="50.8757440" lon="-1.8839655">
        <name>Manor Road</name>
      </trkpt>
      <trkpt lat="50.8757230" lon="-1.8838920">
        <name>Manor Road</name>
      </trkpt>
      <trkpt lat="50.8757095" lon="-1.8838010">
        <name>Manor Road</name>
      </trkpt>
      <trkpt lat="50.8756960" lon="-1.8837100">
        <name>Manor Road</name>
      </trkpt>
      <trkpt lat="50.8756795" lon="-1.8835765">
        <name>Manor Road</name>
      </trkpt>
      <trkpt lat="50.8756630" lon="-1.8834430">
        <name>Manor Road</name>
      </trkpt>
      <trkpt lat="50.8757125" lon="-1.8834150">
        <name>Manor Road</name>
      </trkpt>
      <trkpt lat="50.8757620" lon="-1.8833870">
        <name>Manor Road</name>
      </trkpt>
      <trkpt lat="50.8758240" lon="-1.8833460">
        <name>Manor Road</name>
      </trkpt>
      <trkpt lat="50.8758860" lon="-1.8833050">
        <name>Manor Road</name>
      </trkpt>
      <trkpt lat="50.8759600" lon="-1.8832550">
        <name>Manor Road</name>
      </trkpt>
      <trkpt lat="50.8760130" lon="-1.8832180">
        <name>Manor Road</name>
      </trkpt>
      <trkpt lat="50.8760895" lon="-1.8831617">
        <name>Manor Road</name>
      </trkpt>
      <trkpt lat="50.8761660" lon="-1.8831055">
        <name>Manor Road</name>
      </trkpt>
      <trkpt lat="50.8762425" lon="-1.8830493">
        <name>Manor Road</name>
      </trkpt>
      <trkpt lat="50.8763190" lon="-1.8829930">
        <name>Manor Road</name>
      </trkpt>
      <trkpt lat="50.8763928" lon="-1.8829367">
        <name>Manor Road</name>
      </trkpt>
      <trkpt lat="50.8764665" lon="-1.8828805">
        <name>Manor Road</name>
      </trkpt>
      <trkpt lat="50.8765402" lon="-1.8828243">
        <name>Manor Road</name>
      </trkpt>
      <trkpt lat="50.8766140" lon="-1.8827680">
        <name>Manor Road</name>
      </trkpt>
      <trkpt lat="50.8766833" lon="-1.8826993">
        <name>Manor Road</name>
      </trkpt>
      <trkpt lat="50.8767527" lon="-1.8826307">
        <name>Manor Road</name>
      </trkpt>
      <trkpt lat="50.8768220" lon="-1.8825620">
        <name>Manor Road</name>
      </trkpt>
      <trkpt lat="50.8768793" lon="-1.8824847">
        <name>Manor Road</name>
      </trkpt>
      <trkpt lat="50.8769367" lon="-1.8824073">
        <name>Manor Road</name>
      </trkpt>
      <trkpt lat="50.8769940" lon="-1.8823300">
        <name>Manor Road</name>
      </trkpt>
      <trkpt lat="50.8770505" lon="-1.8822467">
        <name>Manor Road</name>
      </trkpt>
      <trkpt lat="50.8771070" lon="-1.8821635">
        <name>Manor Road</name>
      </trkpt>
      <trkpt lat="50.8771635" lon="-1.8820803">
        <name>Manor Road</name>
      </trkpt>
      <trkpt lat="50.8772200" lon="-1.8819970">
        <name>Manor Road</name>
      </trkpt>
      <trkpt lat="50.8772625" lon="-1.8819345">
        <name>Manor Road</name>
      </trkpt>
      <trkpt lat="50.8773050" lon="-1.8818720">
        <name>Manor Road</name>
      </trkpt>
      <trkpt lat="50.8773510" lon="-1.8817890">
        <name>Manor Road</name>
      </trkpt>
      <trkpt lat="50.8773720" lon="-1.8816860">
        <name>Manor Road</name>
      </trkpt>
      <trkpt lat="50.8773850" lon="-1.8815800">
        <name>Manor Road</name>
      </trkpt>
      <trkpt lat="50.8774627" lon="-1.8815467">
        <name>Manor Road</name>
      </trkpt>
      <trkpt lat="50.8775403" lon="-1.8815133">
        <name>Manor Road</name>
      </trkpt>
      <trkpt lat="50.8776180" lon="-1.8814800">
        <name>Manor Road</name>
      </trkpt>
      <trkpt lat="50.8776640" lon="-1.8814600">
        <name>Manor Road</name>
      </trkpt>
      <trkpt lat="50.8777390" lon="-1.8814240">
        <name>Manor Road</name>
      </trkpt>
      <trkpt lat="50.8778140" lon="-1.8813880">
        <name>Manor Road</name>
      </trkpt>
      <trkpt lat="50.8778890" lon="-1.8813520">
        <name>Manor Road</name>
      </trkpt>
      <trkpt lat="50.8779640" lon="-1.8813160">
        <name>Manor Road</name>
      </trkpt>
      <trkpt lat="50.8780390" lon="-1.8812800">
        <name>Manor Road</name>
      </trkpt>
      <trkpt lat="50.8781140" lon="-1.8812440">
        <name>Manor Road</name>
      </trkpt>
      <trkpt lat="50.8781530" lon="-1.8812450">
        <name>Manor Road</name>
      </trkpt>
      <trkpt lat="50.8781830" lon="-1.8812830">
        <name>Manor Road</name>
      </trkpt>
      <trkpt lat="50.8782142" lon="-1.8814036">
      </trkpt>
      <trkpt lat="50.8782454" lon="-1.8815241">
      </trkpt>
      <trkpt lat="50.8782767" lon="-1.8816447">
      </trkpt>
      <trkpt lat="50.8783079" lon="-1.8817652">
      </trkpt>
      <trkpt lat="50.8783391" lon="-1.8818858">
      </trkpt>
      <trkpt lat="50.8783703" lon="-1.8820063">
      </trkpt>
      <trkpt lat="50.8784016" lon="-1.8821269">
      </trkpt>
      <trkpt lat="50.8784328" lon="-1.8822474">
      </trkpt>
      <trkpt lat="50.8784640" lon="-1.8823680">
      </trkpt>
      <trkpt lat="50.8784110" lon="-1.8824280">
      </trkpt>
      <trkpt lat="50.8783700" lon="-1.8824710">
      </trkpt>
      <trkpt lat="50.8783290" lon="-1.8825140">
      </trkpt>
      <trkpt lat="50.8782640" lon="-1.8825820">
      </trkpt>
      <trkpt lat="50.8781920" lon="-1.8826535">
      </trkpt>
      <trkpt lat="50.8781200" lon="-1.8827250">
      </trkpt>
      <trkpt lat="50.8780680" lon="-1.8827675">
      </trkpt>
      <trkpt lat="50.8780160" lon="-1.8828100">
      </trkpt>
      <trkpt lat="50.8779470" lon="-1.8828550">
      </trkpt>
      <trkpt lat="50.8778835" lon="-1.8828975">
        <name>Springfield Road</name>
      </trkpt>
      <trkpt lat="50.8778200" lon="-1.8829400">
        <name>Springfield Road</name>
      </trkpt>
      <trkpt lat="50.8777525" lon="-1.8829830">
        <name>Springfield Road</name>
      </trkpt>
      <trkpt lat="50.8776850" lon="-1.8830260">
        <name>Springfield Road</name>
      </trkpt>
      <trkpt lat="50.8776680" lon="-1.8830400">
        <name>Springfield Road</name>
      </trkpt>
      <trkpt lat="50.8776580" lon="-1.8830470">
        <name>Springfield Road</name>
      </trkpt>
      <trkpt lat="50.8775937" lon="-1.8830973">
        <name>Springfield Road</name>
      </trkpt>
      <trkpt lat="50.8775293" lon="-1.8831477">
        <name>Springfield Road</name>
      </trkpt>
      <trkpt lat="50.8774650" lon="-1.8831980">
        <name>Springfield Road</name>
      </trkpt>
      <trkpt lat="50.8773950" lon="-1.8832663">
        <name>Springfield Road</name>
      </trkpt>
      <trkpt lat="50.8773250" lon="-1.8833347">
        <name>Springfield Road</name>
      </trkpt>
      <trkpt lat="50.8772550" lon="-1.8834030">
        <name>Springfield Road</name>
      </trkpt>
      <trkpt lat="50.8771940" lon="-1.8834735">
        <name>Springfield Road</name>
      </trkpt>
      <trkpt lat="50.8771330" lon="-1.8835440">
        <name>Springfield Road</name>
      </trkpt>
      <trkpt lat="50.8770870" lon="-1.8836310">
        <name>Springfield Road</name>
      </trkpt>
      <trkpt lat="50.8770410" lon="-1.8837180">
        <name>Springfield Road</name>
      </trkpt>
      <trkpt lat="50.8770080" lon="-1.8838197">
        <name>Springfield Road</name>
      </trkpt>
      <trkpt lat="50.8769750" lon="-1.8839213">
        <name>Springfield Road</name>
      </trkpt>
      <trkpt lat="50.8769420" lon="-1.8840230">
        <name>Springfield Road</name>
      </trkpt>
      <trkpt lat="50.8769290" lon="-1.8841285">
        <name>Springfield Road</name>
      </trkpt>
      <trkpt lat="50.8769160" lon="-1.8842340">
        <name>Springfield Road</name>
      </trkpt>
      <trkpt lat="50.8769160" lon="-1.8843670">
        <name>Springfield Road</name>
      </trkpt>
      <trkpt lat="50.8769160" lon="-1.8845000">
        <name>Springfield Road</name>
      </trkpt>
      <trkpt lat="50.8769253" lon="-1.8846070">
        <name>Springfield Road</name>
      </trkpt>
      <trkpt lat="50.8769347" lon="-1.8847140">
        <name>Springfield Road</name>
      </trkpt>
      <trkpt lat="50.8769440" lon="-1.8848210">
        <name>Springfield Road</name>
      </trkpt>
      <trkpt lat="50.8769600" lon="-1.8849223">
        <name>Springfield Road</name>
      </trkpt>
      <trkpt lat="50.8769760" lon="-1.8850237">
        <name>Springfield Road</name>
      </trkpt>
      <trkpt lat="50.8769920" lon="-1.8851250">
        <name>Springfield Road</name>
      </trkpt>
      <trkpt lat="50.8770223" lon="-1.8852567">
        <name>Springfield Road</name>
      </trkpt>
      <trkpt lat="50.8770527" lon="-1.8853883">
        <name>Springfield Road</name>
      </trkpt>
      <trkpt lat="50.8770830" lon="-1.8855200">
        <name>Springfield Road</name>
      </trkpt>
      <trkpt lat="50.8771160" lon="-1.8856340">
        <name>Springfield Road</name>
      </trkpt>
      <trkpt lat="50.8771490" lon="-1.8857480">
        <name>Springfield Road</name>
      </trkpt>
      <trkpt lat="50.8771870" lon="-1.8858315">
        <name>Springfield Road</name>
      </trkpt>
      <trkpt lat="50.8772250" lon="-1.8859150">
        <name>Springfield Road</name>
      </trkpt>
      <trkpt lat="50.8772730" lon="-1.8859950">
        <name>Springfield Road</name>
      </trkpt>
      <trkpt lat="50.8773230" lon="-1.8860780">
        <name>Springfield Road</name>
      </trkpt>
      <trkpt lat="50.8773440" lon="-1.8861130">
        <name>Springfield Road</name>
      </trkpt>
      <trkpt lat="50.8774120" lon="-1.8861990">
        <name>Springfield Road</name>
      </trkpt>
      <trkpt lat="50.8774785" lon="-1.8862812">
        <name>Springfield Road</name>
      </trkpt>
      <trkpt lat="50.8775450" lon="-1.8863635">
        <name>Springfield Road</name>
      </trkpt>
      <trkpt lat="50.8776115" lon="-1.8864458">
        <name>Springfield Road</name>
      </trkpt>
      <trkpt lat="50.8776780" lon="-1.8865280">
        <name>Springfield Road</name>
      </trkpt>
      <trkpt lat="50.8777491" lon="-1.8866083">
        <name>Springfield Road</name>
      </trkpt>
      <trkpt lat="50.8778203" lon="-1.8866886">
        <name>Springfield Road</name>
      </trkpt>
      <trkpt lat="50.8778914" lon="-1.8867689">
        <name>Springfield Road</name>
      </trkpt>
      <trkpt lat="50.8779626" lon="-1.8868491">
        <name>Springfield Road</name>
      </trkpt>
      <trkpt lat="50.8780337" lon="-1.8869294">
        <name>Springfield Road</name>
      </trkpt>
      <trkpt lat="50.8781049" lon="-1.8870097">
        <name>Springfield Road</name>
      </trkpt>
      <trkpt lat="50.8781760" lon="-1.8870900">
        <name>Springfield Road</name>
      </trkpt>
      <trkpt lat="50.8782455" lon="-1.8871745">
        <name>Springfield Road</name>
      </trkpt>
      <trkpt lat="50.8783150" lon="-1.8872590">
        <name>Springfield Road</name>
      </trkpt>
      <trkpt lat="50.8783800" lon="-1.8873343">
        <name>Springfield Road</name>
      </trkpt>
      <trkpt lat="50.8784450" lon="-1.8874095">
        <name>Springfield Road</name>
      </trkpt>
      <trkpt lat="50.8785100" lon="-1.8874848">
        <name>Springfield Road</name>
      </trkpt>
      <trkpt lat="50.8785750" lon="-1.8875600">
        <name>Springfield Road</name>
      </trkpt>
      <trkpt lat="50.8786400" lon="-1.8876352">
        <name>Springfield Road</name>
      </trkpt>
      <trkpt lat="50.8787050" lon="-1.8877105">
        <name>Springfield Road</name>
      </trkpt>
      <trkpt lat="50.8787700" lon="-1.8877857">
        <name>Springfield Road</name>
      </trkpt>
      <trkpt lat="50.8788350" lon="-1.8878610">
        <name>Springfield Road</name>
      </trkpt>
      <trkpt lat="50.8789014" lon="-1.8879378">
        <name>Spring Close</name>
      </trkpt>
      <trkpt lat="50.8789678" lon="-1.8880146">
        <name>Spring Close</name>
      </trkpt>
      <trkpt lat="50.8790342" lon="-1.8880914">
        <name>Spring Close</name>
      </trkpt>
      <trkpt lat="50.8791006" lon="-1.8881682">
        <name>Spring Close</name>
      </trkpt>
      <trkpt lat="50.8791670" lon="-1.8882450">
        <name>Spring Close</name>
      </trkpt>
      <trkpt lat="50.8792155" lon="-1.8883150">
        <name>Spring Close</name>
      </trkpt>
      <trkpt lat="50.8792640" lon="-1.8883850">
        <name>Spring Close</name>
      </trkpt>
      <trkpt lat="50.8792940" lon="-1.8884510">
        <name>Spring Close</name>
      </trkpt>
      <trkpt lat="50.8793070" lon="-1.8885240">
        <name>Spring Close</name>
      </trkpt>
      <trkpt lat="50.8793110" lon="-1.8885530">
        <name>Howe Lane</name>
      </trkpt>
      <trkpt lat="50.8792940" lon="-1.8885660">
        <name>Howe Lane</name>
      </trkpt>
      <trkpt lat="50.8792810" lon="-1.8885960">
        <name>Howe Lane</name>
      </trkpt>
      <trkpt lat="50.8792780" lon="-1.8886280">
        <name>Howe Lane</name>
      </trkpt>
      <trkpt lat="50.8792830" lon="-1.8886620">
        <name>Howe Lane</name>
      </trkpt>
      <trkpt lat="50.8792990" lon="-1.8886890">
        <name>Howe Lane</name>
      </trkpt>
      <trkpt lat="50.8793220" lon="-1.8887060">
        <name>Howe Lane</name>
      </trkpt>
      <trkpt lat="50.8793490" lon="-1.8887030">
        <name>Howe Lane</name>
      </trkpt>
      <trkpt lat="50.8793680" lon="-1.8886870">
        <name>Howe Lane</name>
      </trkpt>
      <trkpt lat="50.8793770" lon="-1.8886560">
        <name>Howe Lane</name>
      </trkpt>
      <trkpt lat="50.8793970" lon="-1.8886600">
        <name>Howe Lane</name>
      </trkpt>
      <trkpt lat="50.8794210" lon="-1.8886640">
        <name>Howe Lane</name>
      </trkpt>
      <trkpt lat="50.8794530" lon="-1.8886640">
        <name>Howe Lane</name>
      </trkpt>
      <trkpt lat="50.8795320" lon="-1.8886550">
        <name>Howe Lane</name>
      </trkpt>
      <trkpt lat="50.8796110" lon="-1.8886460">
        <name>Howe Lane</name>
      </trkpt>
      <trkpt lat="50.8796735" lon="-1.8886390">
        <name>Howe Lane</name>
      </trkpt>
      <trkpt lat="50.8797360" lon="-1.8886320">
        <name>Howe Lane</name>
      </trkpt>
      <trkpt lat="50.8798212" lon="-1.8886190">
        <name>Howe Lane</name>
      </trkpt>
      <trkpt lat="50.8799064" lon="-1.8886060">
        <name>Howe Lane</name>
      </trkpt>
      <trkpt lat="50.8799915" lon="-1.8885930">
        <name>Howe Lane</name>
      </trkpt>
      <trkpt lat="50.8800767" lon="-1.8885800">
        <name>Howe Lane</name>
      </trkpt>
      <trkpt lat="50.8801619" lon="-1.8885670">
        <name>Howe Lane</name>
      </trkpt>
      <trkpt lat="50.8802471" lon="-1.8885540">
        <name>Howe Lane</name>
      </trkpt>
      <trkpt lat="50.8803323" lon="-1.8885410">
        <name>Howe Lane</name>
      </trkpt>
      <trkpt lat="50.8804175" lon="-1.8885280">
        <name>Howe Lane</name>
      </trkpt>
      <trkpt lat="50.8805026" lon="-1.8885150">
        <name>Howe Lane</name>
      </trkpt>
      <trkpt lat="50.8805878" lon="-1.8885020">
        <name>Howe Lane</name>
      </trkpt>
      <trkpt lat="50.8806730" lon="-1.8884890">
        <name>Howe Lane</name>
      </trkpt>
      <trkpt lat="50.8807580" lon="-1.8884748">
        <name>Howe Lane</name>
      </trkpt>
      <trkpt lat="50.8808430" lon="-1.8884606">
        <name>Howe Lane</name>
      </trkpt>
      <trkpt lat="50.8809280" lon="-1.8884464">
        <name>Howe Lane</name>
      </trkpt>
      <trkpt lat="50.8810130" lon="-1.8884322">
        <name>Howe Lane</name>
      </trkpt>
      <trkpt lat="50.8810980" lon="-1.8884180">
        <name>Howe Lane</name>
      </trkpt>
      <trkpt lat="50.8811830" lon="-1.8884038">
        <name>Howe Lane</name>
      </trkpt>
      <trkpt lat="50.8812680" lon="-1.8883896">
        <name>Howe Lane</name>
      </trkpt>
      <trkpt lat="50.8813530" lon="-1.8883754">
        <name>Howe Lane</name>
      </trkpt>
      <trkpt lat="50.8814380" lon="-1.8883612">
        <name>Howe Lane</name>
      </trkpt>
      <trkpt lat="50.8815230" lon="-1.8883470">
        <name>Howe Lane</name>
      </trkpt>
      <trkpt lat="50.8815956" lon="-1.8883330">
        <name>Howe Lane</name>
      </trkpt>
      <trkpt lat="50.8816682" lon="-1.8883190">
        <name>Howe Lane</name>
      </trkpt>
      <trkpt lat="50.8817408" lon="-1.8883050">
        <name>Howe Lane</name>
      </trkpt>
      <trkpt lat="50.8818134" lon="-1.8882910">
        <name>Howe Lane</name>
      </trkpt>
      <trkpt lat="50.8818860" lon="-1.8882770">
        <name>Howe Lane</name>
      </trkpt>
      <trkpt lat="50.8819593" lon="-1.8882630">
        <name>Howe Lane</name>
      </trkpt>
      <trkpt lat="50.8820327" lon="-1.8882490">
        <name>Howe Lane</name>
      </trkpt>
      <trkpt lat="50.8821060" lon="-1.8882350">
        <name>Howe Lane</name>
      </trkpt>
      <trkpt lat="50.8821856" lon="-1.8882390">
        <name>Howe Lane</name>
      </trkpt>
      <trkpt lat="50.8822653" lon="-1.8882430">
        <name>Howe Lane</name>
      </trkpt>
      <trkpt lat="50.8823449" lon="-1.8882470">
        <name>Howe Lane</name>
      </trkpt>
      <trkpt lat="50.8824245" lon="-1.8882510">
        <name>Howe Lane</name>
      </trkpt>
      <trkpt lat="50.8825041" lon="-1.8882550">
        <name>Howe Lane</name>
      </trkpt>
      <trkpt lat="50.8825837" lon="-1.8882590">
        <name>Howe Lane</name>
      </trkpt>
      <trkpt lat="50.8826634" lon="-1.8882630">
        <name>Howe Lane</name>
      </trkpt>
      <trkpt lat="50.8827430" lon="-1.8882670">
        <name>Howe Lane</name>
      </trkpt>
      <trkpt lat="50.8827440" lon="-1.8881310">
        <name>Howe Lane</name>
      </trkpt>
      <trkpt lat="50.8827450" lon="-1.8879950">
        <name>Howe Lane</name>
      </trkpt>
      <trkpt lat="50.8827460" lon="-1.8878590">
        <name>Howe Lane</name>
      </trkpt>
      <trkpt lat="50.8827470" lon="-1.8877230">
        <name>Howe Lane</name>
      </trkpt>
      <trkpt lat="50.8827495" lon="-1.8875825">
        <name>Howe Lane</name>
      </trkpt>
      <trkpt lat="50.8827520" lon="-1.8874420">
        <name>Howe Lane</name>
      </trkpt>
      <trkpt lat="50.8827545" lon="-1.8873015">
        <name>Howe Lane</name>
      </trkpt>
      <trkpt lat="50.8827570" lon="-1.8871610">
        <name>Howe Lane</name>
      </trkpt>
      <trkpt lat="50.8827592" lon="-1.8870422">
        <name>Howe Lane</name>
      </trkpt>
      <trkpt lat="50.8827614" lon="-1.8869234">
        <name>Howe Lane</name>
      </trkpt>
      <trkpt lat="50.8827636" lon="-1.8868046">
        <name>Howe Lane</name>
      </trkpt>
      <trkpt lat="50.8827658" lon="-1.8866858">
        <name>Howe Lane</name>
      </trkpt>
      <trkpt lat="50.8827680" lon="-1.8865670">
        <name>Howe Lane</name>
      </trkpt>
      <trkpt lat="50.8827728" lon="-1.8864415">
        <name>Howe Lane</name>
      </trkpt>
      <trkpt lat="50.8827777" lon="-1.8863160">
        <name>Howe Lane</name>
      </trkpt>
      <trkpt lat="50.8827825" lon="-1.8861905">
        <name>Howe Lane</name>
      </trkpt>
      <trkpt lat="50.8827873" lon="-1.8860650">
        <name>Howe Lane</name>
      </trkpt>
      <trkpt lat="50.8827922" lon="-1.8859395">
        <name>Howe Lane</name>
      </trkpt>
      <trkpt lat="50.8827970" lon="-1.8858140">
        <name>Howe Lane</name>
      </trkpt>
      <trkpt lat="50.8827975" lon="-1.8856715">
        <name>Howe Lane</name>
      </trkpt>
      <trkpt lat="50.8827980" lon="-1.8855290">
        <name>Howe Lane</name>
      </trkpt>
      <trkpt lat="50.8827870" lon="-1.8854230">
        <name>Howe Lane</name>
      </trkpt>
      <trkpt lat="50.8827795" lon="-1.8853500">
        <name>Howe Lane</name>
      </trkpt>
      <trkpt lat="50.8827720" lon="-1.8852770">
        <name>Howe Lane</name>
      </trkpt>
      <trkpt lat="50.8827583" lon="-1.8851710">
        <name>Howe Lane</name>
      </trkpt>
      <trkpt lat="50.8827447" lon="-1.8850650">
        <name>Howe Lane</name>
      </trkpt>
      <trkpt lat="50.8827310" lon="-1.8849590">
        <name>Howe Lane</name>
      </trkpt>
      <trkpt lat="50.8827170" lon="-1.8848190">
        <name>Howe Lane</name>
      </trkpt>
      <trkpt lat="50.8827030" lon="-1.8846790">
        <name>Howe Lane</name>
      </trkpt>
      <trkpt lat="50.8826940" lon="-1.8845895">
        <name>Howe Lane</name>
      </trkpt>
      <trkpt lat="50.8826850" lon="-1.8845000">
        <name>Howe Lane</name>
      </trkpt>
      <trkpt lat="50.8826820" lon="-1.8844760">
        <name>Howe Lane</name>
      </trkpt>
      <trkpt lat="50.8826710" lon="-1.8843570">
        <name>Howe Lane</name>
      </trkpt>
      <trkpt lat="50.8826600" lon="-1.8842380">
        <name>Howe Lane</name>
      </trkpt>
      <trkpt lat="50.8826490" lon="-1.8841190">
        <name>Howe Lane</name>
      </trkpt>
      <trkpt lat="50.8826380" lon="-1.8840000">
        <name>Howe Lane</name>
      </trkpt>
      <trkpt lat="50.8826270" lon="-1.8838810">
        <name>Howe Lane</name>
      </trkpt>
      <trkpt lat="50.8826160" lon="-1.8837620">
        <name>Howe Lane</name>
      </trkpt>
      <trkpt lat="50.8826087" lon="-1.8836460">
        <name>Howe Lane</name>
      </trkpt>
      <trkpt lat="50.8826013" lon="-1.8835300">
        <name>Howe Lane</name>
      </trkpt>
      <trkpt lat="50.8825940" lon="-1.8834140">
        <name>Howe Lane</name>
      </trkpt>
      <trkpt lat="50.8825920" lon="-1.8832935">
        <name>Howe Lane</name>
      </trkpt>
      <trkpt lat="50.8825900" lon="-1.8831730">
        <name>Howe Lane</name>
      </trkpt>
      <trkpt lat="50.8825890" lon="-1.8830320">
        <name>Howe Lane</name>
      </trkpt>
      <trkpt lat="50.8826190" lon="-1.8830120">
        <name>Howe Lane</name>
      </trkpt>
      <trkpt lat="50.8826440" lon="-1.8829800">
        <name>Howe Lane</name>
      </trkpt>
      <trkpt lat="50.8826630" lon="-1.8829380">
        <name>Margards Lane</name>
      </trkpt>
      <trkpt lat="50.8826740" lon="-1.8828900">
        <name>Margards Lane</name>
      </trkpt>
      <trkpt lat="50.8826760" lon="-1.8828390">
        <name>Margards Lane</name>
      </trkpt>
      <trkpt lat="50.8826690" lon="-1.8827820">
        <name>Margards Lane</name>
      </trkpt>
      <trkpt lat="50.8826500" lon="-1.8827310">
        <name>Margards Lane</name>
      </trkpt>
      <trkpt lat="50.8826230" lon="-1.8826920">
        <name>Margards Lane</name>
      </trkpt>
      <trkpt lat="50.8825900" lon="-1.8826670">
        <name>Margards Lane</name>
      </trkpt>
      <trkpt lat="50.8825540" lon="-1.8826590">
        <name>Margards Lane</name>
      </trkpt>
      <trkpt lat="50.8825170" lon="-1.8826700">
        <name>Margards Lane</name>
      </trkpt>
      <trkpt lat="50.8825030" lon="-1.8825925">
        <name>Margards Lane</name>
      </trkpt>
      <trkpt lat="50.8824890" lon="-1.8825150">
        <name>Margards Lane</name>
      </trkpt>
      <trkpt lat="50.8824747" lon="-1.8823980">
        <name>Margards Lane</name>
      </trkpt>
      <trkpt lat="50.8824603" lon="-1.8822810">
        <name>Margards Lane</name>
      </trkpt>
      <trkpt lat="50.8824460" lon="-1.8821640">
        <name>Margards Lane</name>
      </trkpt>
      <trkpt lat="50.8824247" lon="-1.8820470">
        <name>Margards Lane</name>
      </trkpt>
      <trkpt lat="50.8824033" lon="-1.8819300">
        <name>Margards Lane</name>
      </trkpt>
      <trkpt lat="50.8823820" lon="-1.8818130">
        <name>Margards Lane</name>
      </trkpt>
      <trkpt lat="50.8823632" lon="-1.8817095">
        <name>Margards Lane</name>
      </trkpt>
      <trkpt lat="50.8823445" lon="-1.8816060">
        <name>Margards Lane</name>
      </trkpt>
      <trkpt lat="50.8823257" lon="-1.8815025">
        <name>Margards Lane</name>
      </trkpt>
      <trkpt lat="50.8823070" lon="-1.8813990">
        <name>Margards Lane</name>
      </trkpt>
      <trkpt lat="50.8822870" lon="-1.8812873">
        <name>Margards Lane</name>
      </trkpt>
      <trkpt lat="50.8822670" lon="-1.8811757">
        <name>Margards Lane</name>
      </trkpt>
      <trkpt lat="50.8822470" lon="-1.8810640">
        <name>Margards Lane</name>
      </trkpt>
      <trkpt lat="50.8822295" lon="-1.8809485">
        <name>Margards Lane</name>
      </trkpt>
      <trkpt lat="50.8822120" lon="-1.8808330">
        <name>Margards Lane</name>
      </trkpt>
      <trkpt lat="50.8821988" lon="-1.8807204">
        <name>Margards Lane</name>
      </trkpt>
      <trkpt lat="50.8821856" lon="-1.8806078">
        <name>Margards Lane</name>
      </trkpt>
      <trkpt lat="50.8821724" lon="-1.8804952">
        <name>Margards Lane</name>
      </trkpt>
      <trkpt lat="50.8821592" lon="-1.8803826">
        <name>Margards Lane</name>
      </trkpt>
      <trkpt lat="50.8821460" lon="-1.8802700">
        <name>Margards Lane</name>
      </trkpt>
      <trkpt lat="50.8821285" lon="-1.8801465">
        <name>Margards Lane</name>
      </trkpt>
      <trkpt lat="50.8821110" lon="-1.8800230">
        <name>Margards Lane</name>
      </trkpt>
      <trkpt lat="50.8820910" lon="-1.8799235">
        <name>Margards Lane</name>
      </trkpt>
      <trkpt lat="50.8820710" lon="-1.8798240">
        <name>Margards Lane</name>
      </trkpt>
      <trkpt lat="50.8820415" lon="-1.8797180">
        <name>Margards Lane</name>
      </trkpt>
      <trkpt lat="50.8820120" lon="-1.8796120">
        <name>Margards Lane</name>
      </trkpt>
      <trkpt lat="50.8819905" lon="-1.8795420">
        <name>Margards Lane</name>
      </trkpt>
      <trkpt lat="50.8819690" lon="-1.8794720">
        <name>Margards Lane</name>
      </trkpt>
      <trkpt lat="50.8819373" lon="-1.8793683">
        <name>Margards Lane</name>
      </trkpt>
      <trkpt lat="50.8819057" lon="-1.8792647">
        <name>Margards Lane</name>
      </trkpt>
      <trkpt lat="50.8818740" lon="-1.8791610">
        <name>Margards Lane</name>
      </trkpt>
      <trkpt lat="50.8818430" lon="-1.8790625">
        <name>Margards Lane</name>
      </trkpt>
      <trkpt lat="50.8818120" lon="-1.8789640">
        <name>Margards Lane</name>
      </trkpt>
      <trkpt lat="50.8817757" lon="-1.8788478">
        <name>Margards Lane</name>
      </trkpt>
      <trkpt lat="50.8817395" lon="-1.8787315">
        <name>Margards Lane</name>
      </trkpt>
      <trkpt lat="50.8817033" lon="-1.8786152">
        <name>Margards Lane</name>
      </trkpt>
      <trkpt lat="50.8816670" lon="-1.8784990">
        <name>Margards Lane</name>
      </trkpt>
      <trkpt lat="50.8816500" lon="-1.8784440">
        <name>Margards Lane</name>
      </trkpt>
      <trkpt lat="50.8816330" lon="-1.8783900">
        <name>Hayward Crescent</name>
      </trkpt>
      <trkpt lat="50.8816050" lon="-1.8783020">
        <name>Hayward Crescent</name>
      </trkpt>
    </trkseg>
  </trk>
</gpx>